ID_Transferencia;Data_Hora_Saida_Origem;CD_Origem_Nome;CD_Origem_Tipo;Cidade_Origem;UF_Origem;Data_Hora_Chegada_Destino;CD_Destino_Nome;CD_Destino_Tipo;Cidade_Destino;UF_Destino;Tempo_Transito;Qtd_Caminhoes;Qtd_Pacotes
1;25/06/2025 01:33;CD-233;2- Cross-Docking sem ASM;Mogi das Cruzes;SP;26/06/2025 20:33;CD-032;4- Híbrido (Fulfillment);Feira de Santana;BA;43:00;4;12.301
2;18/01/2022 09:01;CD-011;4- Híbrido (Fulfillment);Mauá;SP;20/01/2022 23:01;CD-191;3- Cross-Docking com ASM;Rio de Janeiro;RJ;62:00;4;12.291
3;03/10/2024 03:09;CD-058;2- Cross-Docking sem ASM;Petrolina;PE;04/10/2024 14:09;CD-213;5- Last Mile Hub;Anápolis;GO;35:00;4;12.040
4;23/08/2024 11:30;CD-172;3- Cross-Docking com ASM;Porto Velho;RO;26/08/2024 01:30;CD-212;2- Cross-Docking sem ASM;Anápolis;GO;62:00;5;15.124
5;28/07/2025 06:58;CD-017;1- First Mile Hub;Duque de Caxias;RJ;29/07/2025 02:58;CD-211;4- Híbrido (Fulfillment);Juiz de Fora;MG;20:00;4;12.484
6;19/04/2022 15:43;CD-046;1- First Mile Hub;Florianópolis;SC;21/04/2022 12:43;CD-243;2- Cross-Docking sem ASM;Natal;RN;45:00;4;12.104
7;08/02/2023 07:09;CD-247;4- Híbrido (Fulfillment);Aracaju;SE;08/02/2023 09:09;CD-201;2- Cross-Docking sem ASM;Nossa Senhora do Socorro;SE;02:00;4;11.998
8;22/03/2025 06:27;CD-059;2- Cross-Docking sem ASM;Goiânia;GO;22/03/2025 18:27;CD-031;5- Last Mile Hub;Salvador;BA;12:00;3;9.656
9;05/01/2023 15:22;CD-265;2- Cross-Docking sem ASM;Itabuna;BA;07/01/2023 15:22;CD-003;4- Híbrido (Fulfillment);Campinas;SP;48:00;4;12.280
10;20/01/2025 06:15;CD-070;1- First Mile Hub;Manaus;AM;21/01/2025 11:15;CD-117;2- Cross-Docking sem ASM;Cascavel;PR;29:00;4;12.287
11;11/10/2022 00:07;CD-034;4- Híbrido (Fulfillment);Camaçari;BA;12/10/2022 07:07;CD-263;5- Last Mile Hub;Piracicaba;SP;31:00;3;9.301
12;09/04/2025 21:09;CD-090;1- First Mile Hub;Nossa Senhora do Socorro;SE;11/04/2025 15:09;CD-013;3- Cross-Docking com ASM;Jundiaí;SP;42:00;3;8.786
13;16/10/2023 03:30;CD-212;2- Cross-Docking sem ASM;Anápolis;GO;16/10/2023 17:30;CD-022;3- Cross-Docking com ASM;São João de Meriti;RJ;14:00;4;11.975
14;26/12/2022 09:59;CD-245;3- Cross-Docking com ASM;Gurupi;TO;27/12/2022 18:59;CD-073;4- Híbrido (Fulfillment);Vitória;ES;33:00;5;15.294
15;01/05/2022 21:08;CD-221;1- First Mile Hub;Campina Grande;PB;02/05/2022 16:08;CD-216;4- Híbrido (Fulfillment);Itacoatiara;AM;19:00;3;9.403
16;10/07/2023 09:53;CD-099;3- Cross-Docking com ASM;Ji-Paraná;RO;12/07/2023 03:53;CD-111;2- Cross-Docking sem ASM;Araguaína;TO;42:00;2;6.370
17;22/05/2024 06:23;CD-246;3- Cross-Docking com ASM;Campo Grande;MS;24/05/2024 14:23;CD-113;4- Híbrido (Fulfillment);Brasília;DF;56:00;4;12.306
18;24/01/2022 09:26;CD-165;4- Híbrido (Fulfillment);Palmeira dos Índios;AL;25/01/2022 12:26;CD-199;2- Cross-Docking sem ASM;Várzea Grande;MT;27:00;1;3.189
19;18/04/2023 11:43;CD-124;2- Cross-Docking sem ASM;Recife;PE;20/04/2023 08:43;CD-237;4- Híbrido (Fulfillment);Guarulhos;SP;45:00;5;14.970
20;27/10/2024 11:27;CD-160;3- Cross-Docking com ASM;Vitória da Conquista;BA;28/10/2024 11:27;CD-241;2- Cross-Docking sem ASM;Ariquemes;RO;24:00;4;12.318
21;05/06/2022 13:59;CD-139;1- First Mile Hub;São Luís;MA;08/06/2022 00:59;CD-249;4- Híbrido (Fulfillment);Guarulhos;SP;59:00;5;15.180
22;23/09/2024 09:14;CD-121;1- First Mile Hub;Uberlândia;MG;25/09/2024 14:14;CD-049;3- Cross-Docking com ASM;São José;SC;53:00;1;2.983
23;03/01/2024 00:58;CD-087;1- First Mile Hub;Arapiraca;AL;04/01/2024 18:58;CD-097;4- Híbrido (Fulfillment);Três Lagoas;MS;42:00;2;6.116
24;07/12/2024 05:14;CD-156;4- Híbrido (Fulfillment);Várzea Grande;MT;07/12/2024 17:14;CD-143;2- Cross-Docking sem ASM;Maceió;AL;12:00;1;3.028
25;13/02/2024 16:23;CD-115;1- First Mile Hub;Ananindeua;PA;14/02/2024 20:23;CD-157;2- Cross-Docking sem ASM;Canoas;RS;28:00;5;14.940
26;12/10/2024 03:49;CD-090;1- First Mile Hub;Nossa Senhora do Socorro;SE;12/10/2024 23:49;CD-111;2- Cross-Docking sem ASM;Araguaína;TO;20:00;3;9.076
27;28/07/2022 04:36;CD-135;2- Cross-Docking sem ASM;Arapiraca;AL;29/07/2022 03:36;CD-245;3- Cross-Docking com ASM;Gurupi;TO;23:00;1;2.847
28;10/09/2022 02:26;CD-139;1- First Mile Hub;São Luís;MA;11/09/2022 18:26;CD-232;3- Cross-Docking com ASM;Macapá;AP;40:00;5;15.167
29;03/11/2025 03:42;CD-237;4- Híbrido (Fulfillment);Guarulhos;SP;04/11/2025 01:42;CD-191;3- Cross-Docking com ASM;Rio de Janeiro;RJ;22:00;2;6.038
30;01/12/2024 01:53;CD-009;2- Cross-Docking sem ASM;Sorocaba;SP;01/12/2024 06:53;CD-231;3- Cross-Docking com ASM;São José dos Campos;SP;05:00;5;15.957
31;25/02/2022 11:27;CD-075;1- First Mile Hub;Serra;ES;27/02/2022 08:27;CD-147;2- Cross-Docking sem ASM;Blumenau;SC;45:00;1;3.384
32;27/09/2022 21:03;CD-009;2- Cross-Docking sem ASM;Sorocaba;SP;29/09/2022 12:03;CD-063;4- Híbrido (Fulfillment);Belém;PA;39:00;4;12.102
33;20/07/2023 07:11;CD-018;4- Híbrido (Fulfillment);Nova Iguaçu;RJ;22/07/2023 22:11;CD-101;5- Last Mile Hub;Macapá;AP;63:00;5;14.772
34;27/12/2025 05:42;CD-068;4- Híbrido (Fulfillment);Imperatriz;MA;28/12/2025 16:42;CD-001;5- Last Mile Hub;São Paulo;SP;35:00;5;15.195
35;27/10/2023 05:37;CD-169;1- First Mile Hub;Piracicaba;SP;29/10/2023 07:37;CD-197;4- Híbrido (Fulfillment);Santana;AP;50:00;4;12.463
36;27/03/2022 07:21;CD-122;2- Cross-Docking sem ASM;Ji-Paraná;RO;27/03/2022 22:21;CD-004;4- Híbrido (Fulfillment);São Bernardo do Campo;SP;15:00;3;9.358
37;18/11/2023 14:27;CD-140;2- Cross-Docking sem ASM;Picos;PI;20/11/2023 06:27;CD-108;4- Híbrido (Fulfillment);Rorainópolis;RR;40:00;3;9.244
38;14/01/2025 06:57;CD-145;3- Cross-Docking com ASM;Belém;PA;16/01/2025 19:57;CD-209;5- Last Mile Hub;Florianópolis;SC;61:00;4;12.267
39;09/09/2025 07:27;CD-056;4- Híbrido (Fulfillment);Olinda;PE;10/09/2025 10:27;CD-129;2- Cross-Docking sem ASM;Uberlândia;MG;27:00;1;2.967
40;15/03/2022 05:43;CD-236;3- Cross-Docking com ASM;Arapiraca;AL;16/03/2022 01:43;CD-146;5- Last Mile Hub;Maracanaú;CE;20:00;1;3.134
41;02/08/2022 06:35;CD-136;1- First Mile Hub;Curitiba;PR;03/08/2022 19:35;CD-170;3- Cross-Docking com ASM;João Pessoa;PB;37:00;1;3.276
42;20/11/2025 02:42;CD-115;1- First Mile Hub;Ananindeua;PA;22/11/2025 15:42;CD-162;4- Híbrido (Fulfillment);Ariquemes;RO;61:00;1;3.158
43;08/07/2022 18:06;CD-233;2- Cross-Docking sem ASM;Mogi das Cruzes;SP;09/07/2022 00:06;CD-003;4- Híbrido (Fulfillment);Campinas;SP;06:00;3;8.852
44;04/01/2024 05:04;CD-017;1- First Mile Hub;Duque de Caxias;RJ;04/01/2024 12:04;CD-133;3- Cross-Docking com ASM;Rio de Janeiro;RJ;07:00;4;12.361
45;22/09/2025 16:25;CD-168;3- Cross-Docking com ASM;Salvador;BA;25/09/2025 04:25;CD-023;5- Last Mile Hub;Belo Horizonte;MG;60:00;4;12.192
46;15/02/2023 10:09;CD-072;1- First Mile Hub;Itacoatiara;AM;16/02/2023 05:09;CD-013;3- Cross-Docking com ASM;Jundiaí;SP;19:00;2;6.090
47;11/01/2024 02:39;CD-109;4- Híbrido (Fulfillment);Caracaraí;RR;12/01/2024 06:39;CD-145;3- Cross-Docking com ASM;Belém;PA;28:00;1;3.255
48;03/11/2022 13:58;CD-225;1- First Mile Hub;São Paulo;SP;05/11/2022 23:58;CD-018;4- Híbrido (Fulfillment);Nova Iguaçu;RJ;58:00;4;12.988
49;24/01/2022 18:08;CD-178;4- Híbrido (Fulfillment);Timon;MA;27/01/2022 02:08;CD-028;5- Last Mile Hub;Montes Claros;MG;56:00;4;12.458
50;18/02/2022 10:49;CD-036;4- Híbrido (Fulfillment);Curitiba;PR;18/02/2022 21:49;CD-111;2- Cross-Docking sem ASM;Araguaína;TO;11:00;1;2.744
51;27/06/2025 07:05;CD-243;2- Cross-Docking sem ASM;Natal;RN;28/06/2025 18:05;CD-092;5- Last Mile Hub;Cuiabá;MT;35:00;5;15.395
52;05/12/2022 16:20;CD-047;3- Cross-Docking com ASM;Joinville;SC;06/12/2022 21:20;CD-137;2- Cross-Docking sem ASM;Dourados;MS;29:00;3;9.340
53;10/06/2025 05:25;CD-228;1- First Mile Hub;Natal;RN;12/06/2025 08:25;CD-047;3- Cross-Docking com ASM;Joinville;SC;51:00;3;9.010
54;19/02/2023 14:16;CD-235;3- Cross-Docking com ASM;Florianópolis;SC;21/02/2023 19:16;CD-004;4- Híbrido (Fulfillment);São Bernardo do Campo;SP;53:00;1;3.059
55;01/12/2023 20:14;CD-195;3- Cross-Docking com ASM;Ji-Paraná;RO;03/12/2023 04:14;CD-233;2- Cross-Docking sem ASM;Mogi das Cruzes;SP;32:00;5;15.516
56;22/05/2022 15:00;CD-224;3- Cross-Docking com ASM;Caucaia;CE;23/05/2022 07:00;CD-166;4- Híbrido (Fulfillment);São Luís;MA;16:00;3;9.132
57;25/03/2023 06:22;CD-115;1- First Mile Hub;Ananindeua;PA;27/03/2023 06:22;CD-144;2- Cross-Docking sem ASM;João Pessoa;PB;48:00;2;5.957
58;03/03/2024 02:44;CD-058;2- Cross-Docking sem ASM;Petrolina;PE;04/03/2024 07:44;CD-146;5- Last Mile Hub;Maracanaú;CE;29:00;5;15.691
59;27/08/2023 07:38;CD-216;4- Híbrido (Fulfillment);Itacoatiara;AM;29/08/2023 07:38;CD-082;5- Last Mile Hub;Santa Rita;PB;48:00;5;16.229
60;20/10/2022 17:56;CD-049;3- Cross-Docking com ASM;São José;SC;21/10/2022 06:56;CD-116;5- Last Mile Hub;Fortaleza;CE;13:00;2;5.951
61;27/06/2022 18:45;CD-090;1- First Mile Hub;Nossa Senhora do Socorro;SE;29/06/2022 06:45;CD-119;2- Cross-Docking sem ASM;Sena Madureira;AC;36:00;3;9.396
62;26/07/2023 23:20;CD-049;3- Cross-Docking com ASM;São José;SC;28/07/2023 02:20;CD-193;2- Cross-Docking sem ASM;Serra;ES;27:00;2;6.032
63;15/11/2022 09:00;CD-224;3- Cross-Docking com ASM;Caucaia;CE;16/11/2022 06:00;CD-179;4- Híbrido (Fulfillment);Belém;PA;21:00;5;15.168
64;24/05/2025 11:18;CD-044;4- Híbrido (Fulfillment);Pelotas;RS;25/05/2025 02:18;CD-084;5- Last Mile Hub;Parnaíba;PI;15:00;4;12.276
65;16/06/2025 21:50;CD-042;2- Cross-Docking sem ASM;Caxias do Sul;RS;18/06/2025 11:50;CD-130;4- Híbrido (Fulfillment);Mossoró;RN;38:00;4;12.194
66;08/04/2025 22:34;CD-048;3- Cross-Docking com ASM;Blumenau;SC;10/04/2025 09:34;CD-223;2- Cross-Docking sem ASM;Osasco;SP;35:00;3;8.973
67;10/09/2025 21:08;CD-161;1- First Mile Hub;Duque de Caxias;RJ;13/09/2025 11:08;CD-032;4- Híbrido (Fulfillment);Feira de Santana;BA;62:00;3;9.261
68;16/01/2025 06:56;CD-198;1- First Mile Hub;Arapiraca;AL;17/01/2025 06:56;CD-032;4- Híbrido (Fulfillment);Feira de Santana;BA;24:00;3;9.549
69;07/05/2024 13:20;CD-233;2- Cross-Docking sem ASM;Mogi das Cruzes;SP;07/05/2024 18:20;CD-003;4- Híbrido (Fulfillment);Campinas;SP;05:00;1;3.091
70;10/04/2023 09:50;CD-074;2- Cross-Docking sem ASM;Vila Velha;ES;10/04/2023 19:50;CD-218;4- Híbrido (Fulfillment);Uberlândia;MG;10:00;4;12.796
71;19/10/2024 01:48;CD-244;4- Híbrido (Fulfillment);Araguaína;TO;21/10/2024 05:48;CD-083;3- Cross-Docking com ASM;Teresina;PI;52:00;3;8.838
72;01/02/2025 00:49;CD-120;2- Cross-Docking sem ASM;Maceió;AL;03/02/2025 10:49;CD-085;5- Last Mile Hub;Picos;PI;58:00;2;6.215
73;07/09/2023 00:00;CD-107;1- First Mile Hub;Boa Vista;RR;09/09/2023 05:00;CD-214;3- Cross-Docking com ASM;Maceió;AL;53:00;2;6.236
74;22/05/2024 17:33;CD-205;1- First Mile Hub;Belo Horizonte;MG;23/05/2024 11:33;CD-214;3- Cross-Docking com ASM;Maceió;AL;18:00;2;6.056
75;04/10/2025 10:52;CD-149;1- First Mile Hub;Maracanaú;CE;06/10/2025 21:52;CD-122;2- Cross-Docking sem ASM;Ji-Paraná;RO;59:00;3;8.926
76;09/12/2025 15:57;CD-121;1- First Mile Hub;Uberlândia;MG;11/12/2025 08:57;CD-138;3- Cross-Docking com ASM;Boa Vista;RR;41:00;5;15.949
77;06/11/2025 15:17;CD-199;2- Cross-Docking sem ASM;Várzea Grande;MT;09/11/2025 00:17;CD-053;4- Híbrido (Fulfillment);Maracanaú;CE;57:00;2;6.397
78;05/12/2023 03:41;CD-151;1- First Mile Hub;Porto Velho;RO;06/12/2023 21:41;CD-111;2- Cross-Docking sem ASM;Araguaína;TO;42:00;3;9.242
79;11/06/2025 04:00;CD-245;3- Cross-Docking com ASM;Gurupi;TO;11/06/2025 19:00;CD-100;5- Last Mile Hub;Ariquemes;RO;15:00;5;15.428
80;27/01/2023 21:39;CD-012;4- Híbrido (Fulfillment);Mogi das Cruzes;SP;30/01/2023 05:39;CD-028;5- Last Mile Hub;Montes Claros;MG;56:00;1;3.119
81;14/09/2022 17:50;CD-064;2- Cross-Docking sem ASM;Ananindeua;PA;16/09/2022 18:50;CD-040;5- Last Mile Hub;Cascavel;PR;49:00;4;11.668
82;25/05/2022 15:54;CD-012;4- Híbrido (Fulfillment);Mogi das Cruzes;SP;27/05/2022 04:54;CD-255;3- Cross-Docking com ASM;Araguaína;TO;37:00;5;14.628
83;06/01/2025 07:09;CD-234;3- Cross-Docking com ASM;Santo André;SP;08/01/2025 20:09;CD-256;5- Last Mile Hub;Rio Branco;AC;61:00;4;12.468
84;09/12/2025 05:08;CD-149;1- First Mile Hub;Maracanaú;CE;09/12/2025 23:08;CD-180;3- Cross-Docking com ASM;Rio de Janeiro;RJ;18:00;4;12.641
85;05/06/2024 06:02;CD-047;3- Cross-Docking com ASM;Joinville;SC;06/06/2024 11:02;CD-028;5- Last Mile Hub;Montes Claros;MG;29:00;4;12.132
86;13/08/2022 01:40;CD-107;1- First Mile Hub;Boa Vista;RR;15/08/2022 01:40;CD-002;2- Cross-Docking sem ASM;Guarulhos;SP;48:00;2;6.035
87;21/06/2023 04:41;CD-233;2- Cross-Docking sem ASM;Mogi das Cruzes;SP;23/06/2023 02:41;CD-162;4- Híbrido (Fulfillment);Ariquemes;RO;46:00;3;8.974
88;24/06/2023 14:12;CD-076;4- Híbrido (Fulfillment);Cariacica;ES;26/06/2023 13:12;CD-002;2- Cross-Docking sem ASM;Guarulhos;SP;47:00;2;5.973
89;09/02/2023 21:13;CD-222;4- Híbrido (Fulfillment);Porto Velho;RO;12/02/2023 02:13;CD-138;3- Cross-Docking com ASM;Boa Vista;RR;53:00;3;8.757
90;24/08/2023 09:53;CD-182;3- Cross-Docking com ASM;Cruzeiro do Sul;AC;25/08/2023 20:53;CD-124;2- Cross-Docking sem ASM;Recife;PE;35:00;2;6.223
91;13/02/2025 17:41;CD-157;2- Cross-Docking sem ASM;Canoas;RS;14/02/2025 20:41;CD-159;5- Last Mile Hub;Rorainópolis;RR;27:00;5;14.926
92;17/03/2022 23:15;CD-046;1- First Mile Hub;Florianópolis;SC;20/03/2022 07:15;CD-078;3- Cross-Docking com ASM;Mossoró;RN;56:00;4;12.159
93;21/05/2025 14:20;CD-004;4- Híbrido (Fulfillment);São Bernardo do Campo;SP;22/05/2025 18:20;CD-226;3- Cross-Docking com ASM;Niterói;RJ;28:00;2;6.127
94;16/05/2024 07:41;CD-038;4- Híbrido (Fulfillment);Maringá;PR;17/05/2024 06:41;CD-243;2- Cross-Docking sem ASM;Natal;RN;23:00;3;9.148
95;24/12/2024 14:37;CD-115;1- First Mile Hub;Ananindeua;PA;25/12/2024 12:37;CD-264;4- Híbrido (Fulfillment);São José dos Campos;SP;22:00;3;8.857
96;17/03/2022 13:37;CD-187;1- First Mile Hub;Timon;MA;20/03/2022 04:37;CD-123;2- Cross-Docking sem ASM;Goiânia;GO;63:00;5;15.338
97;24/04/2024 14:19;CD-055;4- Híbrido (Fulfillment);Jaboatão dos Guararapes;PE;25/04/2024 13:19;CD-031;5- Last Mile Hub;Salvador;BA;23:00;3;9.080
98;11/09/2025 13:42;CD-204;3- Cross-Docking com ASM;Caucaia;CE;11/09/2025 20:42;CD-116;5- Last Mile Hub;Fortaleza;CE;07:00;1;2.994
99;11/01/2025 15:28;CD-244;4- Híbrido (Fulfillment);Araguaína;TO;14/01/2025 01:28;CD-242;3- Cross-Docking com ASM;Serra;ES;58:00;4;12.159
100;09/04/2024 03:56;CD-061;3- Cross-Docking com ASM;Anápolis;GO;10/04/2024 06:56;CD-200;4- Híbrido (Fulfillment);Osasco;SP;27:00;1;3.306
101;19/01/2023 16:16;CD-169;1- First Mile Hub;Piracicaba;SP;21/01/2023 16:16;CD-081;3- Cross-Docking com ASM;Campina Grande;PB;48:00;1;3.012
102;15/06/2024 19:17;CD-229;2- Cross-Docking sem ASM;Arapiraca;AL;17/06/2024 20:17;CD-056;4- Híbrido (Fulfillment);Olinda;PE;49:00;1;3.065
103;20/01/2025 00:27;CD-138;3- Cross-Docking com ASM;Boa Vista;RR;21/01/2025 20:27;CD-014;4- Híbrido (Fulfillment);Piracicaba;SP;44:00;4;12.244
104;19/11/2025 22:12;CD-187;1- First Mile Hub;Timon;MA;20/11/2025 12:12;CD-055;4- Híbrido (Fulfillment);Jaboatão dos Guararapes;PE;14:00;3;9.215
105;27/06/2022 23:18;CD-083;3- Cross-Docking com ASM;Teresina;PI;30/06/2022 09:18;CD-073;4- Híbrido (Fulfillment);Vitória;ES;58:00;4;12.126
106;08/05/2023 01:51;CD-094;4- Híbrido (Fulfillment);Rondonópolis;MT;08/05/2023 21:51;CD-131;3- Cross-Docking com ASM;Aracaju;SE;20:00;2;5.930
107;16/06/2023 15:48;CD-058;2- Cross-Docking sem ASM;Petrolina;PE;19/06/2023 00:48;CD-003;4- Híbrido (Fulfillment);Campinas;SP;57:00;2;6.465
108;17/01/2022 06:32;CD-208;2- Cross-Docking sem ASM;Blumenau;SC;18/01/2022 07:32;CD-189;5- Last Mile Hub;Santos;SP;25:00;1;3.139
109;13/01/2024 21:44;CD-201;2- Cross-Docking sem ASM;Nossa Senhora do Socorro;SE;16/01/2024 09:44;CD-106;5- Last Mile Hub;Sena Madureira;AC;60:00;3;9.312
110;02/12/2025 09:15;CD-033;3- Cross-Docking com ASM;Vitória da Conquista;BA;02/12/2025 22:15;CD-044;4- Híbrido (Fulfillment);Pelotas;RS;13:00;4;11.991
111;18/10/2022 02:57;CD-061;3- Cross-Docking com ASM;Anápolis;GO;19/10/2022 21:57;CD-206;5- Last Mile Hub;Lagarto;SE;43:00;3;8.993
112;28/12/2024 22:17;CD-055;4- Híbrido (Fulfillment);Jaboatão dos Guararapes;PE;29/12/2024 14:17;CD-049;3- Cross-Docking com ASM;São José;SC;16:00;1;2.804
113;15/02/2022 21:24;CD-133;3- Cross-Docking com ASM;Rio de Janeiro;RJ;17/02/2022 00:24;CD-240;2- Cross-Docking sem ASM;Betim;MG;27:00;5;15.813
114;28/08/2023 13:53;CD-045;1- First Mile Hub;Santa Maria;RS;29/08/2023 01:53;CD-083;3- Cross-Docking com ASM;Teresina;PI;12:00;5;15.431
115;16/10/2024 09:09;CD-044;4- Híbrido (Fulfillment);Pelotas;RS;17/10/2024 06:09;CD-195;3- Cross-Docking com ASM;Ji-Paraná;RO;21:00;3;9.409
116;09/01/2023 04:44;CD-202;3- Cross-Docking com ASM;Araguaína;TO;11/01/2023 11:44;CD-011;4- Híbrido (Fulfillment);Mauá;SP;55:00;3;9.249
117;22/08/2025 19:00;CD-093;3- Cross-Docking com ASM;Várzea Grande;MT;24/08/2025 20:00;CD-119;2- Cross-Docking sem ASM;Sena Madureira;AC;49:00;1;3.070
118;26/12/2023 19:29;CD-129;2- Cross-Docking sem ASM;Uberlândia;MG;27/12/2023 12:29;CD-204;3- Cross-Docking com ASM;Caucaia;CE;17:00;5;15.714
119;02/05/2022 08:55;CD-264;4- Híbrido (Fulfillment);São José dos Campos;SP;03/05/2022 01:55;CD-088;2- Cross-Docking sem ASM;Palmeira dos Índios;AL;17:00;2;6.305
120;13/10/2024 06:52;CD-003;4- Híbrido (Fulfillment);Campinas;SP;14/10/2024 22:52;CD-159;5- Last Mile Hub;Rorainópolis;RR;40:00;5;15.729
121;07/05/2024 12:24;CD-248;2- Cross-Docking sem ASM;Gurupi;TO;08/05/2024 01:24;CD-014;4- Híbrido (Fulfillment);Piracicaba;SP;13:00;4;12.043
122;14/04/2025 23:55;CD-051;4- Híbrido (Fulfillment);Caucaia;CE;16/04/2025 06:55;CD-102;5- Last Mile Hub;Santana;AP;31:00;5;15.469
123;10/06/2025 12:36;CD-033;3- Cross-Docking com ASM;Vitória da Conquista;BA;12/06/2025 22:36;CD-074;2- Cross-Docking sem ASM;Vila Velha;ES;58:00;1;2.863
124;14/10/2025 17:45;CD-070;1- First Mile Hub;Manaus;AM;16/10/2025 04:45;CD-083;3- Cross-Docking com ASM;Teresina;PI;35:00;2;5.896
125;13/12/2023 15:25;CD-193;2- Cross-Docking sem ASM;Serra;ES;14/12/2023 03:25;CD-100;5- Last Mile Hub;Ariquemes;RO;12:00;3;9.525
126;16/06/2023 22:02;CD-050;4- Híbrido (Fulfillment);Fortaleza;CE;19/06/2023 01:02;CD-202;3- Cross-Docking com ASM;Araguaína;TO;51:00;3;9.141
127;27/11/2025 16:50;CD-148;1- First Mile Hub;Goiânia;GO;29/11/2025 17:50;CD-147;2- Cross-Docking sem ASM;Blumenau;SC;49:00;3;9.495
128;08/12/2022 01:01;CD-111;2- Cross-Docking sem ASM;Araguaína;TO;10/12/2022 07:01;CD-036;4- Híbrido (Fulfillment);Curitiba;PR;54:00;2;6.598
129;11/03/2024 00:44;CD-245;3- Cross-Docking com ASM;Gurupi;TO;12/03/2024 21:44;CD-134;4- Híbrido (Fulfillment);Palmeira dos Índios;AL;45:00;4;12.632
130;22/05/2023 08:17;CD-063;4- Híbrido (Fulfillment);Belém;PA;24/05/2023 20:17;CD-206;5- Last Mile Hub;Lagarto;SE;60:00;2;6.446
131;28/03/2022 04:48;CD-138;3- Cross-Docking com ASM;Boa Vista;RR;30/03/2022 08:48;CD-111;2- Cross-Docking sem ASM;Araguaína;TO;52:00;1;2.847
132;15/12/2025 07:24;CD-239;1- First Mile Hub;Fortaleza;CE;15/12/2025 23:24;CD-030;4- Híbrido (Fulfillment);Uberaba;MG;16:00;4;12.489
133;28/04/2025 11:45;CD-160;3- Cross-Docking com ASM;Vitória da Conquista;BA;29/04/2025 03:45;CD-128;2- Cross-Docking sem ASM;Mauá;SP;16:00;5;15.985
134;20/09/2025 06:38;CD-032;4- Híbrido (Fulfillment);Feira de Santana;BA;21/09/2025 18:38;CD-236;3- Cross-Docking com ASM;Arapiraca;AL;36:00;2;5.777
135;07/07/2025 20:10;CD-050;4- Híbrido (Fulfillment);Fortaleza;CE;08/07/2025 10:10;CD-154;2- Cross-Docking sem ASM;Maringá;PR;14:00;3;9.525
136;18/11/2023 00:42;CD-149;1- First Mile Hub;Maracanaú;CE;18/11/2023 18:42;CD-109;4- Híbrido (Fulfillment);Caracaraí;RR;18:00;4;13.182
137;05/04/2025 18:43;CD-197;4- Híbrido (Fulfillment);Santana;AP;06/04/2025 18:43;CD-224;3- Cross-Docking com ASM;Caucaia;CE;24:00;4;12.232
138;25/04/2023 15:48;CD-158;3- Cross-Docking com ASM;Ji-Paraná;RO;26/04/2023 11:48;CD-210;5- Last Mile Hub;São Luís;MA;20:00;5;15.579
139;25/12/2024 08:26;CD-136;1- First Mile Hub;Curitiba;PR;26/12/2024 03:26;CD-222;4- Híbrido (Fulfillment);Porto Velho;RO;19:00;3;9.465
140;10/05/2025 22:52;CD-045;1- First Mile Hub;Santa Maria;RS;12/05/2025 18:52;CD-004;4- Híbrido (Fulfillment);São Bernardo do Campo;SP;44:00;4;11.896
141;25/07/2024 04:30;CD-231;3- Cross-Docking com ASM;São José dos Campos;SP;27/07/2024 13:30;CD-122;2- Cross-Docking sem ASM;Ji-Paraná;RO;57:00;1;3.081
142;21/05/2025 10:53;CD-068;4- Híbrido (Fulfillment);Imperatriz;MA;23/05/2025 20:53;CD-213;5- Last Mile Hub;Anápolis;GO;58:00;5;15.813
143;03/03/2025 19:49;CD-177;3- Cross-Docking com ASM;Canoas;RS;05/03/2025 18:49;CD-066;4- Híbrido (Fulfillment);Marabá;PA;47:00;1;2.873
144;01/10/2023 22:38;CD-180;3- Cross-Docking com ASM;Rio de Janeiro;RJ;03/10/2023 09:38;CD-034;4- Híbrido (Fulfillment);Camaçari;BA;35:00;5;15.426
145;22/07/2024 16:19;CD-094;4- Híbrido (Fulfillment);Rondonópolis;MT;24/07/2024 01:19;CD-111;2- Cross-Docking sem ASM;Araguaína;TO;33:00;3;9.393
146;09/09/2024 04:31;CD-064;2- Cross-Docking sem ASM;Ananindeua;PA;10/09/2024 20:31;CD-022;3- Cross-Docking com ASM;São João de Meriti;RJ;40:00;3;9.244
147;20/08/2025 18:02;CD-180;3- Cross-Docking com ASM;Rio de Janeiro;RJ;22/08/2025 00:02;CD-199;2- Cross-Docking sem ASM;Várzea Grande;MT;30:00;5;14.813
148;15/11/2022 04:35;CD-166;4- Híbrido (Fulfillment);São Luís;MA;17/11/2022 00:35;CD-163;2- Cross-Docking sem ASM;Canoas;RS;44:00;3;8.864
149;02/07/2024 05:04;CD-016;2- Cross-Docking sem ASM;São Gonçalo;RJ;03/07/2024 01:04;CD-165;4- Híbrido (Fulfillment);Palmeira dos Índios;AL;20:00;5;15.454
150;26/01/2025 01:17;CD-123;2- Cross-Docking sem ASM;Goiânia;GO;27/01/2025 20:17;CD-078;3- Cross-Docking com ASM;Mossoró;RN;43:00;5;15.459
151;15/07/2025 08:45;CD-033;3- Cross-Docking com ASM;Vitória da Conquista;BA;16/07/2025 18:45;CD-058;2- Cross-Docking sem ASM;Petrolina;PE;34:00;4;12.226
152;27/07/2025 11:01;CD-165;4- Híbrido (Fulfillment);Palmeira dos Índios;AL;30/07/2025 01:01;CD-210;5- Last Mile Hub;São Luís;MA;62:00;3;9.471
153;10/02/2022 10:13;CD-105;1- First Mile Hub;Cruzeiro do Sul;AC;11/02/2022 16:13;CD-177;3- Cross-Docking com ASM;Canoas;RS;30:00;1;2.952
154;06/02/2022 13:49;CD-013;3- Cross-Docking com ASM;Jundiaí;SP;08/02/2022 00:49;CD-152;2- Cross-Docking sem ASM;Palmeira dos Índios;AL;35:00;5;15.426
155;11/09/2023 18:13;CD-187;1- First Mile Hub;Timon;MA;12/09/2023 08:13;CD-140;2- Cross-Docking sem ASM;Picos;PI;14:00;1;3.181
156;22/05/2025 07:03;CD-104;4- Híbrido (Fulfillment);Rio Branco;AC;24/05/2025 09:03;CD-199;2- Cross-Docking sem ASM;Várzea Grande;MT;50:00;1;3.327
157;13/03/2023 09:28;CD-151;1- First Mile Hub;Porto Velho;RO;14/03/2023 19:28;CD-014;4- Híbrido (Fulfillment);Piracicaba;SP;34:00;1;3.001
158;10/03/2025 23:10;CD-156;4- Híbrido (Fulfillment);Várzea Grande;MT;13/03/2025 02:10;CD-167;2- Cross-Docking sem ASM;São Gonçalo;RJ;51:00;3;9.372
159;21/02/2022 04:59;CD-137;2- Cross-Docking sem ASM;Dourados;MS;22/02/2022 01:59;CD-034;4- Híbrido (Fulfillment);Camaçari;BA;21:00;1;3.079
160;17/06/2024 16:36;CD-181;1- First Mile Hub;Caucaia;CE;18/06/2024 00:36;CD-051;4- Híbrido (Fulfillment);Caucaia;CE;08:00;3;9.048
161;23/09/2024 06:35;CD-152;2- Cross-Docking sem ASM;Palmeira dos Índios;AL;25/09/2024 19:35;CD-033;3- Cross-Docking com ASM;Vitória da Conquista;BA;61:00;4;12.381
162;04/02/2024 05:18;CD-007;2- Cross-Docking sem ASM;São José dos Campos;SP;06/02/2024 17:18;CD-244;4- Híbrido (Fulfillment);Araguaína;TO;60:00;5;14.908
163;20/10/2024 02:58;CD-167;2- Cross-Docking sem ASM;São Gonçalo;RJ;20/10/2024 14:58;CD-194;5- Last Mile Hub;Camaçari;BA;12:00;1;3.129
164;25/10/2023 12:46;CD-183;3- Cross-Docking com ASM;Jaboatão dos Guararapes;PE;27/10/2023 16:46;CD-137;2- Cross-Docking sem ASM;Dourados;MS;52:00;5;14.990
165;19/09/2023 08:09;CD-195;3- Cross-Docking com ASM;Ji-Paraná;RO;20/09/2023 06:09;CD-178;4- Híbrido (Fulfillment);Timon;MA;22:00;4;12.193
166;13/07/2022 13:05;CD-117;2- Cross-Docking sem ASM;Cascavel;PR;14/07/2022 09:05;CD-001;5- Last Mile Hub;São Paulo;SP;20:00;3;9.346
167;28/10/2025 02:49;CD-240;2- Cross-Docking sem ASM;Betim;MG;30/10/2025 17:49;CD-053;4- Híbrido (Fulfillment);Maracanaú;CE;63:00;1;3.038
168;08/01/2023 15:47;CD-093;3- Cross-Docking com ASM;Várzea Grande;MT;09/01/2023 11:47;CD-055;4- Híbrido (Fulfillment);Jaboatão dos Guararapes;PE;20:00;2;5.841
169;25/02/2022 14:09;CD-083;3- Cross-Docking com ASM;Teresina;PI;26/02/2022 09:09;CD-144;2- Cross-Docking sem ASM;João Pessoa;PB;19:00;2;6.255
170;16/10/2024 10:42;CD-046;1- First Mile Hub;Florianópolis;SC;18/10/2024 14:42;CD-135;2- Cross-Docking sem ASM;Arapiraca;AL;52:00;3;8.880
171;18/10/2025 16:33;CD-182;3- Cross-Docking com ASM;Cruzeiro do Sul;AC;21/10/2025 00:33;CD-259;5- Last Mile Hub;São Luís;MA;56:00;3;9.059
172;24/05/2025 10:01;CD-089;4- Híbrido (Fulfillment);Aracaju;SE;24/05/2025 23:01;CD-229;2- Cross-Docking sem ASM;Arapiraca;AL;13:00;4;12.521
173;02/11/2024 08:43;CD-155;1- First Mile Hub;Guarulhos;SP;04/11/2024 23:43;CD-089;4- Híbrido (Fulfillment);Aracaju;SE;63:00;3;9.155
174;04/04/2023 10:36;CD-011;4- Híbrido (Fulfillment);Mauá;SP;06/04/2023 02:36;CD-140;2- Cross-Docking sem ASM;Picos;PI;40:00;3;9.049
175;25/02/2025 09:41;CD-130;4- Híbrido (Fulfillment);Mossoró;RN;27/02/2025 20:41;CD-058;2- Cross-Docking sem ASM;Petrolina;PE;59:00;4;12.557
176;20/09/2022 22:39;CD-064;2- Cross-Docking sem ASM;Ananindeua;PA;22/09/2022 23:39;CD-051;4- Híbrido (Fulfillment);Caucaia;CE;49:00;3;8.903
177;16/07/2022 16:37;CD-054;4- Híbrido (Fulfillment);Recife;PE;18/07/2022 17:37;CD-248;2- Cross-Docking sem ASM;Gurupi;TO;49:00;5;15.241
178;10/12/2024 09:33;CD-211;4- Híbrido (Fulfillment);Juiz de Fora;MG;11/12/2024 01:33;CD-048;3- Cross-Docking com ASM;Blumenau;SC;16:00;3;9.039
179;12/12/2024 05:54;CD-025;2- Cross-Docking sem ASM;Contagem;MG;13/12/2024 15:54;CD-018;4- Híbrido (Fulfillment);Nova Iguaçu;RJ;34:00;2;6.088
180;14/05/2022 06:48;CD-138;3- Cross-Docking com ASM;Boa Vista;RR;16/05/2022 02:48;CD-122;2- Cross-Docking sem ASM;Ji-Paraná;RO;44:00;1;2.846
181;23/12/2025 14:57;CD-105;1- First Mile Hub;Cruzeiro do Sul;AC;25/12/2025 19:57;CD-047;3- Cross-Docking com ASM;Joinville;SC;53:00;5;14.980
182;27/01/2024 04:32;CD-036;4- Híbrido (Fulfillment);Curitiba;PR;27/01/2024 18:32;CD-174;3- Cross-Docking com ASM;Caracaraí;RR;14:00;4;12.718
183;13/04/2022 21:43;CD-247;4- Híbrido (Fulfillment);Aracaju;SE;16/04/2022 03:43;CD-191;3- Cross-Docking com ASM;Rio de Janeiro;RJ;54:00;1;2.903
184;15/01/2023 12:20;CD-132;3- Cross-Docking com ASM;Porto Velho;RO;17/01/2023 21:20;CD-003;4- Híbrido (Fulfillment);Campinas;SP;57:00;5;15.732
185;05/09/2025 07:42;CD-172;3- Cross-Docking com ASM;Porto Velho;RO;07/09/2025 02:42;CD-166;4- Híbrido (Fulfillment);São Luís;MA;43:00;3;9.334
186;04/09/2022 08:16;CD-184;3- Cross-Docking com ASM;Araguaína;TO;04/09/2022 19:16;CD-163;2- Cross-Docking sem ASM;Canoas;RS;11:00;5;15.874
187;12/10/2024 03:16;CD-010;1- First Mile Hub;Santos;SP;13/10/2024 07:16;CD-252;4- Híbrido (Fulfillment);Caracaraí;RR;28:00;3;9.893
188;12/07/2022 14:58;CD-234;3- Cross-Docking com ASM;Santo André;SP;14/07/2022 04:58;CD-094;4- Híbrido (Fulfillment);Rondonópolis;MT;38:00;5;15.052
189;07/11/2022 23:16;CD-073;4- Híbrido (Fulfillment);Vitória;ES;08/11/2022 16:16;CD-236;3- Cross-Docking com ASM;Arapiraca;AL;17:00;5;15.739
190;10/12/2025 10:42;CD-038;4- Híbrido (Fulfillment);Maringá;PR;11/12/2025 10:42;CD-254;5- Last Mile Hub;Santarém;PA;24:00;4;11.986
191;03/04/2022 22:00;CD-203;1- First Mile Hub;Marabá;PA;04/04/2022 14:00;CD-229;2- Cross-Docking sem ASM;Arapiraca;AL;16:00;5;15.494
192;27/11/2024 07:08;CD-185;4- Híbrido (Fulfillment);Marabá;PA;28/11/2024 00:08;CD-024;2- Cross-Docking sem ASM;Uberlândia;MG;17:00;2;5.881
193;26/08/2025 00:10;CD-172;3- Cross-Docking com ASM;Porto Velho;RO;28/08/2025 03:10;CD-208;2- Cross-Docking sem ASM;Blumenau;SC;51:00;3;9.181
194;18/04/2024 01:33;CD-244;4- Híbrido (Fulfillment);Araguaína;TO;20/04/2024 07:33;CD-015;2- Cross-Docking sem ASM;Rio de Janeiro;RJ;54:00;1;3.114
195;27/08/2024 10:09;CD-186;1- First Mile Hub;Parnamirim;RN;28/08/2024 17:09;CD-049;3- Cross-Docking com ASM;São José;SC;31:00;3;9.072
196;23/01/2023 22:14;CD-012;4- Híbrido (Fulfillment);Mogi das Cruzes;SP;25/01/2023 16:14;CD-141;5- Last Mile Hub;Gurupi;TO;42:00;1;3.045
197;15/12/2022 15:27;CD-044;4- Híbrido (Fulfillment);Pelotas;RS;16/12/2022 10:27;CD-137;2- Cross-Docking sem ASM;Dourados;MS;19:00;5;14.962
198;19/11/2022 12:30;CD-136;1- First Mile Hub;Curitiba;PR;21/11/2022 12:30;CD-021;2- Cross-Docking sem ASM;Campos dos Goytacazes;RJ;48:00;2;6.221
199;22/11/2023 01:57;CD-187;1- First Mile Hub;Timon;MA;22/11/2023 12:57;CD-059;2- Cross-Docking sem ASM;Goiânia;GO;11:00;4;12.750
200;28/02/2025 07:19;CD-076;4- Híbrido (Fulfillment);Cariacica;ES;01/03/2025 21:19;CD-238;3- Cross-Docking com ASM;Santarém;PA;38:00;4;11.942
201;23/11/2023 22:51;CD-042;2- Cross-Docking sem ASM;Caxias do Sul;RS;25/11/2023 21:51;CD-130;4- Híbrido (Fulfillment);Mossoró;RN;47:00;1;2.744
202;27/06/2023 12:49;CD-087;1- First Mile Hub;Arapiraca;AL;30/06/2023 03:49;CD-174;3- Cross-Docking com ASM;Caracaraí;RR;63:00;4;12.476
203;07/06/2023 08:00;CD-190;1- First Mile Hub;Campina Grande;PB;09/06/2023 15:00;CD-230;2- Cross-Docking sem ASM;Ananindeua;PA;55:00;5;15.320
204;08/08/2022 15:43;CD-091;1- First Mile Hub;Lagarto;SE;09/08/2022 14:43;CD-071;4- Híbrido (Fulfillment);Parintins;AM;23:00;2;6.269
205;28/01/2024 18:44;CD-200;4- Híbrido (Fulfillment);Osasco;SP;30/01/2024 09:44;CD-069;5- Last Mile Hub;Timon;MA;39:00;5;15.217
206;13/05/2025 02:39;CD-208;2- Cross-Docking sem ASM;Blumenau;SC;14/05/2025 23:39;CD-095;5- Last Mile Hub;Campo Grande;MS;45:00;5;14.988
207;04/01/2025 06:03;CD-227;2- Cross-Docking sem ASM;Aparecida de Goiânia;GO;06/01/2025 03:03;CD-183;3- Cross-Docking com ASM;Jaboatão dos Guararapes;PE;45:00;3;9.117
208;23/06/2025 03:11;CD-181;1- First Mile Hub;Caucaia;CE;24/06/2025 10:11;CD-216;4- Híbrido (Fulfillment);Itacoatiara;AM;31:00;3;9.404
209;08/08/2023 20:28;CD-255;3- Cross-Docking com ASM;Araguaína;TO;10/08/2023 02:28;CD-165;4- Híbrido (Fulfillment);Palmeira dos Índios;AL;30:00;3;9.328
210;23/10/2024 05:44;CD-114;2- Cross-Docking sem ASM;Laranjal do Jari;AP;25/10/2024 01:44;CD-023;5- Last Mile Hub;Belo Horizonte;MG;44:00;3;9.288
211;23/04/2022 22:00;CD-230;2- Cross-Docking sem ASM;Ananindeua;PA;25/04/2022 18:00;CD-160;3- Cross-Docking com ASM;Vitória da Conquista;BA;44:00;1;2.975
212;28/03/2022 10:26;CD-167;2- Cross-Docking sem ASM;São Gonçalo;RJ;30/03/2022 04:26;CD-036;4- Híbrido (Fulfillment);Curitiba;PR;42:00;1;3.152
213;17/05/2022 23:38;CD-011;4- Híbrido (Fulfillment);Mauá;SP;18/05/2022 14:38;CD-048;3- Cross-Docking com ASM;Blumenau;SC;15:00;3;9.163
214;14/06/2022 23:26;CD-108;4- Híbrido (Fulfillment);Rorainópolis;RR;15/06/2022 18:26;CD-209;5- Last Mile Hub;Florianópolis;SC;19:00;5;15.644
215;28/11/2023 15:19;CD-151;1- First Mile Hub;Porto Velho;RO;30/11/2023 00:19;CD-231;3- Cross-Docking com ASM;São José dos Campos;SP;33:00;1;2.900
216;25/07/2025 16:35;CD-111;2- Cross-Docking sem ASM;Araguaína;TO;27/07/2025 04:35;CD-066;4- Híbrido (Fulfillment);Marabá;PA;36:00;4;12.318
217;07/01/2023 14:25;CD-073;4- Híbrido (Fulfillment);Vitória;ES;10/01/2023 03:25;CD-041;5- Last Mile Hub;Porto Alegre;RS;61:00;4;12.566
218;28/06/2024 13:33;CD-046;1- First Mile Hub;Florianópolis;SC;30/06/2024 05:33;CD-113;4- Híbrido (Fulfillment);Brasília;DF;40:00;1;3.233
219;26/11/2025 18:04;CD-205;1- First Mile Hub;Belo Horizonte;MG;28/11/2025 02:04;CD-165;4- Híbrido (Fulfillment);Palmeira dos Índios;AL;32:00;4;12.061
220;02/03/2022 22:39;CD-044;4- Híbrido (Fulfillment);Pelotas;RS;04/03/2022 16:39;CD-259;5- Last Mile Hub;São Luís;MA;42:00;5;15.299
221;14/06/2024 10:19;CD-004;4- Híbrido (Fulfillment);São Bernardo do Campo;SP;16/06/2024 18:19;CD-236;3- Cross-Docking com ASM;Arapiraca;AL;56:00;2;6.178
222;17/11/2024 14:43;CD-086;1- First Mile Hub;Maceió;AL;19/11/2024 06:43;CD-033;3- Cross-Docking com ASM;Vitória da Conquista;BA;40:00;1;3.262
223;26/09/2024 06:13;CD-033;3- Cross-Docking com ASM;Vitória da Conquista;BA;27/09/2024 03:13;CD-189;5- Last Mile Hub;Santos;SP;21:00;5;15.154
224;12/03/2025 03:24;CD-090;1- First Mile Hub;Nossa Senhora do Socorro;SE;14/03/2025 09:24;CD-207;4- Híbrido (Fulfillment);Rio Branco;AC;54:00;5;14.936
225;02/08/2023 09:05;CD-238;3- Cross-Docking com ASM;Santarém;PA;04/08/2023 22:05;CD-059;2- Cross-Docking sem ASM;Goiânia;GO;61:00;4;12.309
226;05/07/2024 01:47;CD-093;3- Cross-Docking com ASM;Várzea Grande;MT;05/07/2024 19:47;CD-025;2- Cross-Docking sem ASM;Contagem;MG;18:00;2;6.149
227;06/10/2023 19:52;CD-212;2- Cross-Docking sem ASM;Anápolis;GO;07/10/2023 02:52;CD-213;5- Last Mile Hub;Anápolis;GO;07:00;4;12.371
228;14/03/2023 03:02;CD-076;4- Híbrido (Fulfillment);Cariacica;ES;16/03/2023 14:02;CD-182;3- Cross-Docking com ASM;Cruzeiro do Sul;AC;59:00;5;14.942
229;01/11/2023 14:01;CD-133;3- Cross-Docking com ASM;Rio de Janeiro;RJ;03/11/2023 08:01;CD-111;2- Cross-Docking sem ASM;Araguaína;TO;42:00;5;15.273
230;10/05/2024 03:38;CD-120;2- Cross-Docking sem ASM;Maceió;AL;11/05/2024 19:38;CD-206;5- Last Mile Hub;Lagarto;SE;40:00;1;3.094
231;22/10/2025 16:29;CD-056;4- Híbrido (Fulfillment);Olinda;PE;24/10/2025 08:29;CD-111;2- Cross-Docking sem ASM;Araguaína;TO;40:00;2;6.265
232;22/02/2023 19:00;CD-185;4- Híbrido (Fulfillment);Marabá;PA;25/02/2023 03:00;CD-168;3- Cross-Docking com ASM;Salvador;BA;56:00;3;9.335
233;27/10/2022 16:32;CD-115;1- First Mile Hub;Ananindeua;PA;29/10/2022 14:32;CD-032;4- Híbrido (Fulfillment);Feira de Santana;BA;46:00;2;6.230
234;05/10/2024 18:40;CD-126;1- First Mile Hub;Sorocaba;SP;07/10/2024 22:40;CD-247;4- Híbrido (Fulfillment);Aracaju;SE;52:00;3;9.275
235;08/01/2023 07:18;CD-177;3- Cross-Docking com ASM;Canoas;RS;10/01/2023 21:18;CD-096;5- Last Mile Hub;Dourados;MS;62:00;2;5.844
236;08/05/2025 19:20;CD-014;4- Híbrido (Fulfillment);Piracicaba;SP;09/05/2025 22:20;CD-183;3- Cross-Docking com ASM;Jaboatão dos Guararapes;PE;27:00;2;5.886
237;05/03/2022 18:51;CD-009;2- Cross-Docking sem ASM;Sorocaba;SP;07/03/2022 18:51;CD-106;5- Last Mile Hub;Sena Madureira;AC;48:00;4;12.118
238;12/05/2023 05:35;CD-200;4- Híbrido (Fulfillment);Osasco;SP;12/05/2023 22:35;CD-101;5- Last Mile Hub;Macapá;AP;17:00;4;12.635
239;26/10/2025 12:38;CD-060;1- First Mile Hub;Aparecida de Goiânia;GO;28/10/2025 09:38;CD-042;2- Cross-Docking sem ASM;Caxias do Sul;RS;45:00;5;15.220
240;08/03/2023 05:51;CD-016;2- Cross-Docking sem ASM;São Gonçalo;RJ;09/03/2023 04:51;CD-102;5- Last Mile Hub;Santana;AP;23:00;2;6.427
241;12/01/2023 13:19;CD-177;3- Cross-Docking com ASM;Canoas;RS;14/01/2023 05:19;CD-038;4- Híbrido (Fulfillment);Maringá;PR;40:00;5;15.197
242;18/09/2024 18:32;CD-184;3- Cross-Docking com ASM;Araguaína;TO;20/09/2024 11:32;CD-166;4- Híbrido (Fulfillment);São Luís;MA;41:00;3;9.533
243;15/12/2023 03:12;CD-048;3- Cross-Docking com ASM;Blumenau;SC;16/12/2023 08:12;CD-200;4- Híbrido (Fulfillment);Osasco;SP;29:00;2;5.916
244;07/03/2024 22:00;CD-091;1- First Mile Hub;Lagarto;SE;08/03/2024 12:00;CD-170;3- Cross-Docking com ASM;João Pessoa;PB;14:00;2;5.648
245;20/07/2025 10:11;CD-167;2- Cross-Docking sem ASM;São Gonçalo;RJ;22/07/2025 13:11;CD-236;3- Cross-Docking com ASM;Arapiraca;AL;51:00;2;6.373
246;13/06/2025 18:36;CD-055;4- Híbrido (Fulfillment);Jaboatão dos Guararapes;PE;14/06/2025 18:36;CD-096;5- Last Mile Hub;Dourados;MS;24:00;3;8.800
247;19/03/2023 20:38;CD-173;1- First Mile Hub;Boa Vista;RR;20/03/2023 11:38;CD-232;3- Cross-Docking com ASM;Macapá;AP;15:00;3;9.296
248;07/08/2024 20:48;CD-170;3- Cross-Docking com ASM;João Pessoa;PB;08/08/2024 18:48;CD-241;2- Cross-Docking sem ASM;Ariquemes;RO;22:00;1;3.334
249;19/11/2024 17:17;CD-088;2- Cross-Docking sem ASM;Palmeira dos Índios;AL;21/11/2024 09:17;CD-084;5- Last Mile Hub;Parnaíba;PI;40:00;4;12.522
250;11/05/2024 04:32;CD-158;3- Cross-Docking com ASM;Ji-Paraná;RO;13/05/2024 07:32;CD-036;4- Híbrido (Fulfillment);Curitiba;PR;51:00;1;3.090
251;24/05/2022 12:38;CD-158;3- Cross-Docking com ASM;Ji-Paraná;RO;25/05/2022 15:38;CD-211;4- Híbrido (Fulfillment);Juiz de Fora;MG;27:00;4;11.915
252;12/08/2022 20:48;CD-053;4- Híbrido (Fulfillment);Maracanaú;CE;15/08/2022 11:48;CD-114;2- Cross-Docking sem ASM;Laranjal do Jari;AP;63:00;4;12.278
253;09/05/2024 03:17;CD-108;4- Híbrido (Fulfillment);Rorainópolis;RR;11/05/2024 12:17;CD-062;5- Last Mile Hub;Rio Verde;GO;57:00;1;2.987
254;23/03/2025 06:50;CD-124;2- Cross-Docking sem ASM;Recife;PE;24/03/2025 18:50;CD-109;4- Híbrido (Fulfillment);Caracaraí;RR;36:00;4;12.531
255;16/10/2023 21:23;CD-022;3- Cross-Docking com ASM;São João de Meriti;RJ;17/10/2023 09:23;CD-051;4- Híbrido (Fulfillment);Caucaia;CE;12:00;3;8.768
256;10/04/2024 11:08;CD-006;2- Cross-Docking sem ASM;Osasco;SP;10/04/2024 15:08;CD-001;5- Last Mile Hub;São Paulo;SP;04:00;4;12.482
257;10/04/2025 09:00;CD-200;4- Híbrido (Fulfillment);Osasco;SP;12/04/2025 05:00;CD-123;2- Cross-Docking sem ASM;Goiânia;GO;44:00;2;6.169
258;10/10/2022 14:31;CD-260;2- Cross-Docking sem ASM;Timon;MA;11/10/2022 21:31;CD-175;3- Cross-Docking com ASM;Palmeira dos Índios;AL;31:00;5;15.403
259;03/03/2024 09:27;CD-175;3- Cross-Docking com ASM;Palmeira dos Índios;AL;03/03/2024 19:27;CD-074;2- Cross-Docking sem ASM;Vila Velha;ES;10:00;1;3.018
260;04/08/2023 09:35;CD-245;3- Cross-Docking com ASM;Gurupi;TO;05/08/2023 10:35;CD-134;4- Híbrido (Fulfillment);Palmeira dos Índios;AL;25:00;5;15.265
261;02/10/2025 12:31;CD-107;1- First Mile Hub;Boa Vista;RR;04/10/2025 14:31;CD-022;3- Cross-Docking com ASM;São João de Meriti;RJ;50:00;1;2.716
262;25/08/2022 17:28;CD-090;1- First Mile Hub;Nossa Senhora do Socorro;SE;27/08/2022 12:28;CD-066;4- Híbrido (Fulfillment);Marabá;PA;43:00;4;12.135
263;13/06/2022 22:40;CD-050;4- Híbrido (Fulfillment);Fortaleza;CE;15/06/2022 13:40;CD-142;2- Cross-Docking sem ASM;Nossa Senhora do Socorro;SE;39:00;5;15.001
264;03/02/2022 22:20;CD-049;3- Cross-Docking com ASM;São José;SC;04/02/2022 15:20;CD-211;4- Híbrido (Fulfillment);Juiz de Fora;MG;17:00;4;11.818
265;02/03/2025 02:26;CD-017;1- First Mile Hub;Duque de Caxias;RJ;04/03/2025 17:26;CD-214;3- Cross-Docking com ASM;Maceió;AL;63:00;1;2.947
266;21/01/2025 15:48;CD-200;4- Híbrido (Fulfillment);Osasco;SP;23/01/2025 16:48;CD-241;2- Cross-Docking sem ASM;Ariquemes;RO;49:00;4;12.066
267;10/02/2022 03:38;CD-164;1- First Mile Hub;Belém;PA;12/02/2022 09:38;CD-235;3- Cross-Docking com ASM;Florianópolis;SC;54:00;5;15.932
268;08/04/2024 12:45;CD-014;4- Híbrido (Fulfillment);Piracicaba;SP;09/04/2024 13:45;CD-230;2- Cross-Docking sem ASM;Ananindeua;PA;25:00;3;9.494
269;08/10/2022 02:21;CD-122;2- Cross-Docking sem ASM;Ji-Paraná;RO;09/10/2022 03:21;CD-044;4- Híbrido (Fulfillment);Pelotas;RS;25:00;4;12.259
270;19/07/2025 09:15;CD-125;1- First Mile Hub;Cascavel;PR;21/07/2025 07:15;CD-050;4- Híbrido (Fulfillment);Fortaleza;CE;46:00;4;12.106
271;21/12/2023 21:04;CD-015;2- Cross-Docking sem ASM;Rio de Janeiro;RJ;22/12/2023 14:04;CD-083;3- Cross-Docking com ASM;Teresina;PI;17:00;2;6.274
272;10/05/2022 14:09;CD-093;3- Cross-Docking com ASM;Várzea Grande;MT;12/05/2022 03:09;CD-144;2- Cross-Docking sem ASM;João Pessoa;PB;37:00;5;15.541
273;07/11/2023 02:21;CD-060;1- First Mile Hub;Aparecida de Goiânia;GO;09/11/2023 04:21;CD-233;2- Cross-Docking sem ASM;Mogi das Cruzes;SP;50:00;2;5.984
274;21/05/2022 13:59;CD-094;4- Híbrido (Fulfillment);Rondonópolis;MT;22/05/2022 09:59;CD-241;2- Cross-Docking sem ASM;Ariquemes;RO;20:00;3;8.365
275;25/02/2024 11:08;CD-169;1- First Mile Hub;Piracicaba;SP;25/02/2024 23:08;CD-059;2- Cross-Docking sem ASM;Goiânia;GO;12:00;1;2.958
276;04/09/2022 00:46;CD-047;3- Cross-Docking com ASM;Joinville;SC;04/09/2022 20:46;CD-227;2- Cross-Docking sem ASM;Aparecida de Goiânia;GO;20:00;5;14.924
277;21/05/2023 04:26;CD-214;3- Cross-Docking com ASM;Maceió;AL;22/05/2023 01:26;CD-102;5- Last Mile Hub;Santana;AP;21:00;4;12.389
278;17/03/2025 22:36;CD-129;2- Cross-Docking sem ASM;Uberlândia;MG;20/03/2025 10:36;CD-041;5- Last Mile Hub;Porto Alegre;RS;60:00;3;8.781
279;12/12/2022 10:28;CD-234;3- Cross-Docking com ASM;Santo André;SP;13/12/2022 06:28;CD-103;5- Last Mile Hub;Laranjal do Jari;AP;20:00;5;14.876
280;25/07/2022 16:16;CD-190;1- First Mile Hub;Campina Grande;PB;26/07/2022 23:16;CD-059;2- Cross-Docking sem ASM;Goiânia;GO;31:00;3;9.334
281;11/08/2024 17:17;CD-104;4- Híbrido (Fulfillment);Rio Branco;AC;12/08/2024 22:17;CD-065;5- Last Mile Hub;Santarém;PA;29:00;4;12.049
282;07/01/2024 23:39;CD-224;3- Cross-Docking com ASM;Caucaia;CE;10/01/2024 13:39;CD-193;2- Cross-Docking sem ASM;Serra;ES;62:00;3;9.009
283;04/06/2022 21:14;CD-247;4- Híbrido (Fulfillment);Aracaju;SE;05/06/2022 10:14;CD-224;3- Cross-Docking com ASM;Caucaia;CE;13:00;2;6.388
284;11/11/2024 21:45;CD-124;2- Cross-Docking sem ASM;Recife;PE;13/11/2024 11:45;CD-014;4- Híbrido (Fulfillment);Piracicaba;SP;38:00;5;15.251
285;06/03/2025 14:48;CD-068;4- Híbrido (Fulfillment);Imperatriz;MA;07/03/2025 15:48;CD-123;2- Cross-Docking sem ASM;Goiânia;GO;25:00;2;6.101
286;15/01/2024 16:29;CD-264;4- Híbrido (Fulfillment);São José dos Campos;SP;18/01/2024 00:29;CD-157;2- Cross-Docking sem ASM;Canoas;RS;56:00;2;5.837
287;28/06/2023 22:15;CD-244;4- Híbrido (Fulfillment);Araguaína;TO;29/06/2023 19:15;CD-133;3- Cross-Docking com ASM;Rio de Janeiro;RJ;21:00;3;9.393
288;09/04/2023 10:32;CD-237;4- Híbrido (Fulfillment);Guarulhos;SP;09/04/2023 14:32;CD-233;2- Cross-Docking sem ASM;Mogi das Cruzes;SP;04:00;1;2.798
289;10/12/2022 19:48;CD-239;1- First Mile Hub;Fortaleza;CE;11/12/2022 08:48;CD-061;3- Cross-Docking com ASM;Anápolis;GO;13:00;2;6.398
290;20/09/2025 07:35;CD-129;2- Cross-Docking sem ASM;Uberlândia;MG;22/09/2025 13:35;CD-238;3- Cross-Docking com ASM;Santarém;PA;54:00;4;12.488
291;10/03/2025 15:18;CD-129;2- Cross-Docking sem ASM;Uberlândia;MG;11/03/2025 16:18;CD-175;3- Cross-Docking com ASM;Palmeira dos Índios;AL;25:00;3;9.362
292;03/11/2025 12:00;CD-226;3- Cross-Docking com ASM;Niterói;RJ;04/11/2025 22:00;CD-222;4- Híbrido (Fulfillment);Porto Velho;RO;34:00;1;2.800
293;21/11/2024 23:02;CD-072;1- First Mile Hub;Itacoatiara;AM;23/11/2024 10:02;CD-002;2- Cross-Docking sem ASM;Guarulhos;SP;35:00;5;15.541
294;27/04/2023 19:39;CD-045;1- First Mile Hub;Santa Maria;RS;30/04/2023 00:39;CD-217;4- Híbrido (Fulfillment);Niterói;RJ;53:00;2;6.002
295;17/07/2024 04:35;CD-139;1- First Mile Hub;São Luís;MA;18/07/2024 11:35;CD-243;2- Cross-Docking sem ASM;Natal;RN;31:00;5;15.691
296;13/08/2022 17:30;CD-184;3- Cross-Docking com ASM;Araguaína;TO;14/08/2022 18:30;CD-237;4- Híbrido (Fulfillment);Guarulhos;SP;25:00;5;15.347
297;21/11/2024 04:51;CD-195;3- Cross-Docking com ASM;Ji-Paraná;RO;22/11/2024 09:51;CD-002;2- Cross-Docking sem ASM;Guarulhos;SP;29:00;2;5.822
298;18/09/2025 22:19;CD-161;1- First Mile Hub;Duque de Caxias;RJ;21/09/2025 08:19;CD-264;4- Híbrido (Fulfillment);São José dos Campos;SP;58:00;5;14.920
299;01/05/2024 16:55;CD-079;1- First Mile Hub;Parnamirim;RN;02/05/2024 02:55;CD-124;2- Cross-Docking sem ASM;Recife;PE;10:00;1;3.466
300;03/08/2024 00:57;CD-110;1- First Mile Hub;Palmas;TO;03/08/2024 22:57;CD-104;4- Híbrido (Fulfillment);Rio Branco;AC;22:00;3;8.786
301;01/11/2023 17:32;CD-191;3- Cross-Docking com ASM;Rio de Janeiro;RJ;02/11/2023 08:32;CD-039;5- Last Mile Hub;Ponta Grossa;PR;15:00;4;11.847
302;26/06/2025 19:05;CD-079;1- First Mile Hub;Parnamirim;RN;28/06/2025 04:05;CD-134;4- Híbrido (Fulfillment);Palmeira dos Índios;AL;33:00;1;3.055
303;15/07/2023 17:43;CD-240;2- Cross-Docking sem ASM;Betim;MG;18/07/2023 02:43;CD-037;3- Cross-Docking com ASM;Londrina;PR;57:00;3;9.475
304;27/08/2024 15:29;CD-175;3- Cross-Docking com ASM;Palmeira dos Índios;AL;27/08/2024 23:29;CD-135;2- Cross-Docking sem ASM;Arapiraca;AL;08:00;4;12.024
305;25/05/2025 04:11;CD-187;1- First Mile Hub;Timon;MA;27/05/2025 19:11;CD-129;2- Cross-Docking sem ASM;Uberlândia;MG;63:00;1;2.974
306;09/09/2025 05:24;CD-097;4- Híbrido (Fulfillment);Três Lagoas;MS;10/09/2025 16:24;CD-093;3- Cross-Docking com ASM;Várzea Grande;MT;35:00;2;5.854
307;05/02/2022 06:34;CD-180;3- Cross-Docking com ASM;Rio de Janeiro;RJ;05/02/2022 23:34;CD-143;2- Cross-Docking sem ASM;Maceió;AL;17:00;2;6.370
308;27/09/2025 19:07;CD-104;4- Híbrido (Fulfillment);Rio Branco;AC;28/09/2025 12:07;CD-120;2- Cross-Docking sem ASM;Maceió;AL;17:00;5;15.042
309;06/10/2024 09:38;CD-051;4- Híbrido (Fulfillment);Caucaia;CE;08/10/2024 22:38;CD-183;3- Cross-Docking com ASM;Jaboatão dos Guararapes;PE;61:00;5;14.862
310;19/03/2025 12:22;CD-202;3- Cross-Docking com ASM;Araguaína;TO;22/03/2025 03:22;CD-027;2- Cross-Docking sem ASM;Betim;MG;63:00;2;5.996
311;06/09/2025 19:27;CD-004;4- Híbrido (Fulfillment);São Bernardo do Campo;SP;08/09/2025 15:27;CD-111;2- Cross-Docking sem ASM;Araguaína;TO;44:00;3;9.199
312;22/05/2024 04:21;CD-032;4- Híbrido (Fulfillment);Feira de Santana;BA;23/05/2024 01:21;CD-065;5- Last Mile Hub;Santarém;PA;21:00;3;9.033
313;22/10/2022 12:02;CD-087;1- First Mile Hub;Arapiraca;AL;23/10/2022 08:02;CD-074;2- Cross-Docking sem ASM;Vila Velha;ES;20:00;5;15.353
314;02/03/2023 16:43;CD-035;1- First Mile Hub;Itabuna;BA;04/03/2023 15:43;CD-111;2- Cross-Docking sem ASM;Araguaína;TO;47:00;4;11.529
315;19/10/2024 21:20;CD-142;2- Cross-Docking sem ASM;Nossa Senhora do Socorro;SE;20/10/2024 19:20;CD-012;4- Híbrido (Fulfillment);Mogi das Cruzes;SP;22:00;5;15.528
316;09/11/2022 12:02;CD-143;2- Cross-Docking sem ASM;Maceió;AL;12/11/2022 02:02;CD-162;4- Híbrido (Fulfillment);Ariquemes;RO;62:00;4;12.078
317;03/04/2023 22:57;CD-048;3- Cross-Docking com ASM;Blumenau;SC;05/04/2023 15:57;CD-262;4- Híbrido (Fulfillment);Betim;MG;41:00;1;3.119
318;03/08/2024 14:08;CD-204;3- Cross-Docking com ASM;Caucaia;CE;05/08/2024 23:08;CD-156;4- Híbrido (Fulfillment);Várzea Grande;MT;57:00;2;6.115
319;02/04/2025 09:57;CD-247;4- Híbrido (Fulfillment);Aracaju;SE;03/04/2025 03:57;CD-057;5- Last Mile Hub;Caruaru;PE;18:00;3;9.130
320;15/01/2024 07:19;CD-034;4- Híbrido (Fulfillment);Camaçari;BA;16/01/2024 04:19;CD-248;2- Cross-Docking sem ASM;Gurupi;TO;21:00;1;3.027
321;24/04/2023 19:59;CD-026;4- Híbrido (Fulfillment);Juiz de Fora;MG;25/04/2023 09:59;CD-005;5- Last Mile Hub;Santo André;SP;14:00;2;5.897
322;26/05/2023 09:44;CD-184;3- Cross-Docking com ASM;Araguaína;TO;27/05/2023 19:44;CD-055;4- Híbrido (Fulfillment);Jaboatão dos Guararapes;PE;34:00;3;9.204
323;28/10/2023 23:44;CD-125;1- First Mile Hub;Cascavel;PR;29/10/2023 16:44;CD-253;2- Cross-Docking sem ASM;Petrolina;PE;17:00;2;6.226
324;07/10/2025 01:20;CD-207;4- Híbrido (Fulfillment);Rio Branco;AC;09/10/2025 04:20;CD-116;5- Last Mile Hub;Fortaleza;CE;51:00;4;11.815
325;18/02/2025 20:34;CD-164;1- First Mile Hub;Belém;PA;19/02/2025 15:34;CD-219;4- Híbrido (Fulfillment);Rio Verde;GO;19:00;3;9.054
326;22/07/2025 19:09;CD-034;4- Híbrido (Fulfillment);Camaçari;BA;24/07/2025 04:09;CD-157;2- Cross-Docking sem ASM;Canoas;RS;33:00;3;9.133
327;27/09/2024 00:53;CD-051;4- Híbrido (Fulfillment);Caucaia;CE;29/09/2024 14:53;CD-175;3- Cross-Docking com ASM;Palmeira dos Índios;AL;62:00;4;11.716
328;14/10/2024 18:19;CD-228;1- First Mile Hub;Natal;RN;16/10/2024 17:19;CD-170;3- Cross-Docking com ASM;João Pessoa;PB;47:00;1;2.837
329;24/08/2024 11:40;CD-185;4- Híbrido (Fulfillment);Marabá;PA;26/08/2024 11:40;CD-052;5- Last Mile Hub;Juazeiro do Norte;CE;48:00;1;3.105
330;27/12/2022 23:06;CD-086;1- First Mile Hub;Maceió;AL;29/12/2022 19:06;CD-138;3- Cross-Docking com ASM;Boa Vista;RR;44:00;1;3.109
331;07/11/2022 02:50;CD-248;2- Cross-Docking sem ASM;Gurupi;TO;07/11/2022 15:50;CD-038;4- Híbrido (Fulfillment);Maringá;PR;13:00;4;12.200
332;08/08/2025 07:19;CD-043;3- Cross-Docking com ASM;Canoas;RS;08/08/2025 20:19;CD-178;4- Híbrido (Fulfillment);Timon;MA;13:00;5;15.216
333;07/04/2025 00:16;CD-240;2- Cross-Docking sem ASM;Betim;MG;07/04/2025 22:16;CD-053;4- Híbrido (Fulfillment);Maracanaú;CE;22:00;2;6.148
334;13/08/2025 15:19;CD-168;3- Cross-Docking com ASM;Salvador;BA;16/08/2025 03:19;CD-054;4- Híbrido (Fulfillment);Recife;PE;60:00;4;12.251
335;07/07/2022 21:17;CD-035;1- First Mile Hub;Itabuna;BA;09/07/2022 10:17;CD-182;3- Cross-Docking com ASM;Cruzeiro do Sul;AC;37:00;3;8.939
336;27/04/2024 19:07;CD-224;3- Cross-Docking com ASM;Caucaia;CE;28/04/2024 13:07;CD-223;2- Cross-Docking sem ASM;Osasco;SP;18:00;1;2.853
337;10/11/2024 18:12;CD-086;1- First Mile Hub;Maceió;AL;10/11/2024 21:12;CD-229;2- Cross-Docking sem ASM;Arapiraca;AL;03:00;3;9.038
338;23/04/2024 15:31;CD-013;3- Cross-Docking com ASM;Jundiaí;SP;25/04/2024 20:31;CD-056;4- Híbrido (Fulfillment);Olinda;PE;53:00;4;12.233
339;26/01/2022 03:51;CD-026;4- Híbrido (Fulfillment);Juiz de Fora;MG;27/01/2022 16:51;CD-215;5- Last Mile Hub;Santo André;SP;37:00;2;5.969
340;01/01/2024 04:32;CD-225;1- First Mile Hub;São Paulo;SP;01/01/2024 06:32;CD-013;3- Cross-Docking com ASM;Jundiaí;SP;02:00;1;2.998
341;11/09/2023 02:21;CD-153;1- First Mile Hub;Guarulhos;SP;12/09/2023 07:21;CD-255;3- Cross-Docking com ASM;Araguaína;TO;29:00;2;6.419
342;06/04/2023 07:36;CD-066;4- Híbrido (Fulfillment);Marabá;PA;08/04/2023 20:36;CD-191;3- Cross-Docking com ASM;Rio de Janeiro;RJ;61:00;4;12.034
343;28/02/2025 20:40;CD-115;1- First Mile Hub;Ananindeua;PA;03/03/2025 05:40;CD-249;4- Híbrido (Fulfillment);Guarulhos;SP;57:00;3;9.029
344;05/01/2024 18:40;CD-236;3- Cross-Docking com ASM;Arapiraca;AL;08/01/2024 07:40;CD-041;5- Last Mile Hub;Porto Alegre;RS;61:00;3;8.612
345;27/05/2022 18:12;CD-088;2- Cross-Docking sem ASM;Palmeira dos Índios;AL;30/05/2022 05:12;CD-179;4- Híbrido (Fulfillment);Belém;PA;59:00;3;9.354
346;27/05/2024 09:12;CD-122;2- Cross-Docking sem ASM;Ji-Paraná;RO;28/05/2024 06:12;CD-044;4- Híbrido (Fulfillment);Pelotas;RS;21:00;5;15.557
347;02/11/2023 12:45;CD-037;3- Cross-Docking com ASM;Londrina;PR;03/11/2023 05:45;CD-019;5- Last Mile Hub;Niterói;RJ;17:00;1;3.053
348;05/11/2025 16:32;CD-208;2- Cross-Docking sem ASM;Blumenau;SC;06/11/2025 17:32;CD-133;3- Cross-Docking com ASM;Rio de Janeiro;RJ;25:00;4;12.637
349;01/01/2024 02:01;CD-160;3- Cross-Docking com ASM;Vitória da Conquista;BA;02/01/2024 13:01;CD-114;2- Cross-Docking sem ASM;Laranjal do Jari;AP;35:00;3;8.896
350;25/02/2022 20:07;CD-022;3- Cross-Docking com ASM;São João de Meriti;RJ;26/02/2022 18:07;CD-147;2- Cross-Docking sem ASM;Blumenau;SC;22:00;1;2.765
351;15/12/2022 11:14;CD-161;1- First Mile Hub;Duque de Caxias;RJ;16/12/2022 14:14;CD-004;4- Híbrido (Fulfillment);São Bernardo do Campo;SP;27:00;3;9.023
352;10/10/2025 15:14;CD-132;3- Cross-Docking com ASM;Porto Velho;RO;11/10/2025 16:14;CD-068;4- Híbrido (Fulfillment);Imperatriz;MA;25:00;2;5.890
353;04/05/2024 08:03;CD-193;2- Cross-Docking sem ASM;Serra;ES;06/05/2024 00:03;CD-264;4- Híbrido (Fulfillment);São José dos Campos;SP;40:00;5;15.396
354;10/03/2023 17:42;CD-233;2- Cross-Docking sem ASM;Mogi das Cruzes;SP;13/03/2023 00:42;CD-116;5- Last Mile Hub;Fortaleza;CE;55:00;5;15.397
355;22/11/2023 03:36;CD-083;3- Cross-Docking com ASM;Teresina;PI;24/11/2023 08:36;CD-135;2- Cross-Docking sem ASM;Arapiraca;AL;53:00;4;12.195
356;20/12/2023 15:29;CD-094;4- Híbrido (Fulfillment);Rondonópolis;MT;21/12/2023 18:29;CD-172;3- Cross-Docking com ASM;Porto Velho;RO;27:00;3;8.754
357;13/11/2024 15:34;CD-104;4- Híbrido (Fulfillment);Rio Branco;AC;14/11/2024 15:34;CD-095;5- Last Mile Hub;Campo Grande;MS;24:00;1;3.167
358;22/04/2022 07:42;CD-066;4- Híbrido (Fulfillment);Marabá;PA;24/04/2022 11:42;CD-256;5- Last Mile Hub;Rio Branco;AC;52:00;2;6.439
359;04/06/2022 20:10;CD-018;4- Híbrido (Fulfillment);Nova Iguaçu;RJ;07/06/2022 01:10;CD-248;2- Cross-Docking sem ASM;Gurupi;TO;53:00;2;6.164
360;05/05/2024 23:47;CD-222;4- Híbrido (Fulfillment);Porto Velho;RO;08/05/2024 06:47;CD-254;5- Last Mile Hub;Santarém;PA;55:00;4;12.384
361;15/12/2023 08:41;CD-139;1- First Mile Hub;São Luís;MA;16/12/2023 22:41;CD-138;3- Cross-Docking com ASM;Boa Vista;RR;38:00;1;2.984
362;07/01/2024 01:31;CD-169;1- First Mile Hub;Piracicaba;SP;08/01/2024 15:31;CD-099;3- Cross-Docking com ASM;Ji-Paraná;RO;38:00;3;9.399
363;23/06/2025 13:37;CD-036;4- Híbrido (Fulfillment);Curitiba;PR;25/06/2025 01:37;CD-082;5- Last Mile Hub;Santa Rita;PB;36:00;4;12.584
364;16/04/2023 10:24;CD-123;2- Cross-Docking sem ASM;Goiânia;GO;18/04/2023 22:24;CD-244;4- Híbrido (Fulfillment);Araguaína;TO;60:00;3;9.324
365;19/03/2022 07:10;CD-105;1- First Mile Hub;Cruzeiro do Sul;AC;20/03/2022 13:10;CD-231;3- Cross-Docking com ASM;São José dos Campos;SP;30:00;5;15.347
366;07/02/2024 15:44;CD-061;3- Cross-Docking com ASM;Anápolis;GO;08/02/2024 19:44;CD-031;5- Last Mile Hub;Salvador;BA;28:00;5;15.058
367;27/05/2024 18:44;CD-183;3- Cross-Docking com ASM;Jaboatão dos Guararapes;PE;28/05/2024 16:44;CD-223;2- Cross-Docking sem ASM;Osasco;SP;22:00;4;11.635
368;09/04/2023 13:29;CD-234;3- Cross-Docking com ASM;Santo André;SP;11/04/2023 00:29;CD-229;2- Cross-Docking sem ASM;Arapiraca;AL;35:00;4;12.319
369;13/08/2023 01:50;CD-013;3- Cross-Docking com ASM;Jundiaí;SP;14/08/2023 20:50;CD-101;5- Last Mile Hub;Macapá;AP;43:00;1;3.039
370;01/06/2022 14:29;CD-212;2- Cross-Docking sem ASM;Anápolis;GO;03/06/2022 09:29;CD-080;5- Last Mile Hub;João Pessoa;PB;43:00;5;15.323
371;11/03/2025 18:01;CD-038;4- Híbrido (Fulfillment);Maringá;PR;13/03/2025 08:01;CD-212;2- Cross-Docking sem ASM;Anápolis;GO;38:00;5;15.476
372;26/05/2025 22:30;CD-147;2- Cross-Docking sem ASM;Blumenau;SC;28/05/2025 02:30;CD-146;5- Last Mile Hub;Maracanaú;CE;28:00;5;15.184
373;21/08/2023 09:36;CD-181;1- First Mile Hub;Caucaia;CE;23/08/2023 05:36;CD-037;3- Cross-Docking com ASM;Londrina;PR;44:00;5;15.605
374;10/10/2025 02:14;CD-185;4- Híbrido (Fulfillment);Marabá;PA;11/10/2025 10:14;CD-233;2- Cross-Docking sem ASM;Mogi das Cruzes;SP;32:00;2;5.836
375;16/02/2023 14:18;CD-105;1- First Mile Hub;Cruzeiro do Sul;AC;19/02/2023 05:18;CD-124;2- Cross-Docking sem ASM;Recife;PE;63:00;2;6.212
376;15/09/2025 00:25;CD-093;3- Cross-Docking com ASM;Várzea Grande;MT;15/09/2025 16:25;CD-120;2- Cross-Docking sem ASM;Maceió;AL;16:00;1;2.944
377;01/04/2025 03:00;CD-058;2- Cross-Docking sem ASM;Petrolina;PE;02/04/2025 06:00;CD-050;4- Híbrido (Fulfillment);Fortaleza;CE;27:00;4;12.675
378;20/04/2024 22:46;CD-249;4- Híbrido (Fulfillment);Guarulhos;SP;22/04/2024 22:46;CD-024;2- Cross-Docking sem ASM;Uberlândia;MG;48:00;4;12.038
379;09/08/2025 10:24;CD-107;1- First Mile Hub;Boa Vista;RR;11/08/2025 23:24;CD-007;2- Cross-Docking sem ASM;São José dos Campos;SP;61:00;3;9.217
380;18/02/2025 02:33;CD-217;4- Híbrido (Fulfillment);Niterói;RJ;18/02/2025 08:33;CD-226;3- Cross-Docking com ASM;Niterói;RJ;06:00;1;3.369
381;27/10/2024 02:12;CD-204;3- Cross-Docking com ASM;Caucaia;CE;28/10/2024 03:12;CD-252;4- Híbrido (Fulfillment);Caracaraí;RR;25:00;1;2.992
382;06/05/2025 18:59;CD-064;2- Cross-Docking sem ASM;Ananindeua;PA;08/05/2025 18:59;CD-040;5- Last Mile Hub;Cascavel;PR;48:00;4;12.138
383;06/03/2022 14:04;CD-076;4- Híbrido (Fulfillment);Cariacica;ES;08/03/2022 06:04;CD-022;3- Cross-Docking com ASM;São João de Meriti;RJ;40:00;3;9.197
384;16/02/2025 18:35;CD-099;3- Cross-Docking com ASM;Ji-Paraná;RO;17/02/2025 09:35;CD-029;5- Last Mile Hub;Ribeirão das Neves;MG;15:00;2;5.765
385;26/09/2024 03:01;CD-174;3- Cross-Docking com ASM;Caracaraí;RR;27/09/2024 10:01;CD-196;5- Last Mile Hub;Joinville;SC;31:00;2;6.297
386;05/02/2025 08:25;CD-155;1- First Mile Hub;Guarulhos;SP;07/02/2025 03:25;CD-240;2- Cross-Docking sem ASM;Betim;MG;43:00;3;9.474
387;23/08/2023 09:35;CD-090;1- First Mile Hub;Nossa Senhora do Socorro;SE;25/08/2023 17:35;CD-119;2- Cross-Docking sem ASM;Sena Madureira;AC;56:00;3;9.125
388;04/12/2022 20:35;CD-175;3- Cross-Docking com ASM;Palmeira dos Índios;AL;06/12/2022 15:35;CD-248;2- Cross-Docking sem ASM;Gurupi;TO;43:00;1;3.122
389;11/03/2024 07:47;CD-173;1- First Mile Hub;Boa Vista;RR;12/03/2024 09:47;CD-054;4- Híbrido (Fulfillment);Recife;PE;26:00;4;11.866
390;10/06/2024 01:29;CD-237;4- Híbrido (Fulfillment);Guarulhos;SP;10/06/2024 04:29;CD-263;5- Last Mile Hub;Piracicaba;SP;03:00;1;3.233
391;22/05/2025 11:07;CD-237;4- Híbrido (Fulfillment);Guarulhos;SP;23/05/2025 21:07;CD-209;5- Last Mile Hub;Florianópolis;SC;34:00;3;9.325
392;13/11/2025 03:38;CD-204;3- Cross-Docking com ASM;Caucaia;CE;14/11/2025 22:38;CD-109;4- Híbrido (Fulfillment);Caracaraí;RR;43:00;3;9.114
393;21/10/2024 00:18;CD-128;2- Cross-Docking sem ASM;Mauá;SP;22/10/2024 15:18;CD-043;3- Cross-Docking com ASM;Canoas;RS;39:00;4;11.859
394;06/03/2022 11:16;CD-211;4- Híbrido (Fulfillment);Juiz de Fora;MG;08/03/2022 13:16;CD-059;2- Cross-Docking sem ASM;Goiânia;GO;50:00;5;15.171
395;14/02/2023 22:56;CD-247;4- Híbrido (Fulfillment);Aracaju;SE;16/02/2023 04:56;CD-049;3- Cross-Docking com ASM;São José;SC;30:00;3;9.167
396;10/11/2023 15:26;CD-185;4- Híbrido (Fulfillment);Marabá;PA;13/11/2023 02:26;CD-163;2- Cross-Docking sem ASM;Canoas;RS;59:00;2;5.968
397;23/12/2024 12:43;CD-122;2- Cross-Docking sem ASM;Ji-Paraná;RO;24/12/2024 10:43;CD-234;3- Cross-Docking com ASM;Santo André;SP;22:00;5;15.493
398;15/05/2022 12:36;CD-244;4- Híbrido (Fulfillment);Araguaína;TO;17/05/2022 06:36;CD-042;2- Cross-Docking sem ASM;Caxias do Sul;RS;42:00;4;12.052
399;28/02/2023 15:52;CD-193;2- Cross-Docking sem ASM;Serra;ES;02/03/2023 22:52;CD-196;5- Last Mile Hub;Joinville;SC;55:00;2;6.764
400;07/05/2023 01:42;CD-042;2- Cross-Docking sem ASM;Caxias do Sul;RS;09/05/2023 13:42;CD-004;4- Híbrido (Fulfillment);São Bernardo do Campo;SP;60:00;4;12.305
401;11/02/2025 20:10;CD-123;2- Cross-Docking sem ASM;Goiânia;GO;14/02/2025 04:10;CD-018;4- Híbrido (Fulfillment);Nova Iguaçu;RJ;56:00;1;3.207
402;21/04/2025 06:51;CD-048;3- Cross-Docking com ASM;Blumenau;SC;22/04/2025 04:51;CD-011;4- Híbrido (Fulfillment);Mauá;SP;22:00;3;8.819
403;15/05/2024 23:11;CD-157;2- Cross-Docking sem ASM;Canoas;RS;17/05/2024 01:11;CD-019;5- Last Mile Hub;Niterói;RJ;26:00;2;6.334
404;24/05/2024 20:52;CD-002;2- Cross-Docking sem ASM;Guarulhos;SP;27/05/2024 03:52;CD-116;5- Last Mile Hub;Fortaleza;CE;55:00;1;2.899
405;23/03/2023 01:36;CD-165;4- Híbrido (Fulfillment);Palmeira dos Índios;AL;23/03/2023 12:36;CD-176;5- Last Mile Hub;Brasília;DF;11:00;4;12.456
406;24/08/2025 20:25;CD-137;2- Cross-Docking sem ASM;Dourados;MS;25/08/2025 20:25;CD-022;3- Cross-Docking com ASM;São João de Meriti;RJ;24:00;3;8.895
407;27/10/2025 09:08;CD-109;4- Híbrido (Fulfillment);Caracaraí;RR;29/10/2025 09:08;CD-019;5- Last Mile Hub;Niterói;RJ;48:00;5;15.257
408;06/09/2025 18:24;CD-190;1- First Mile Hub;Campina Grande;PB;07/09/2025 09:24;CD-140;2- Cross-Docking sem ASM;Picos;PI;15:00;1;3.156
409;06/03/2023 02:02;CD-117;2- Cross-Docking sem ASM;Cascavel;PR;06/03/2023 15:02;CD-004;4- Híbrido (Fulfillment);São Bernardo do Campo;SP;13:00;3;8.819
410;21/07/2022 06:47;CD-216;4- Híbrido (Fulfillment);Itacoatiara;AM;22/07/2022 12:47;CD-193;2- Cross-Docking sem ASM;Serra;ES;30:00;5;15.156
411;11/04/2025 01:55;CD-036;4- Híbrido (Fulfillment);Curitiba;PR;12/04/2025 02:55;CD-238;3- Cross-Docking com ASM;Santarém;PA;25:00;2;5.644
412;01/04/2023 02:27;CD-051;4- Híbrido (Fulfillment);Caucaia;CE;02/04/2023 13:27;CD-265;2- Cross-Docking sem ASM;Itabuna;BA;35:00;2;5.966
413;23/04/2025 22:23;CD-233;2- Cross-Docking sem ASM;Mogi das Cruzes;SP;24/04/2025 11:23;CD-100;5- Last Mile Hub;Ariquemes;RO;13:00;4;11.646
414;16/02/2022 18:18;CD-121;1- First Mile Hub;Uberlândia;MG;18/02/2022 20:18;CD-234;3- Cross-Docking com ASM;Santo André;SP;50:00;2;6.040
415;02/09/2022 21:26;CD-073;4- Híbrido (Fulfillment);Vitória;ES;04/09/2022 01:26;CD-021;2- Cross-Docking sem ASM;Campos dos Goytacazes;RJ;28:00;3;9.247
416;18/10/2023 00:40;CD-158;3- Cross-Docking com ASM;Ji-Paraná;RO;20/10/2023 11:40;CD-253;2- Cross-Docking sem ASM;Petrolina;PE;59:00;4;11.858
417;03/12/2024 20:16;CD-202;3- Cross-Docking com ASM;Araguaína;TO;04/12/2024 23:16;CD-247;4- Híbrido (Fulfillment);Aracaju;SE;27:00;1;2.861
418;06/01/2023 14:34;CD-239;1- First Mile Hub;Fortaleza;CE;07/01/2023 06:34;CD-056;4- Híbrido (Fulfillment);Olinda;PE;16:00;3;9.491
419;21/03/2025 00:17;CD-257;1- First Mile Hub;São José;SC;23/03/2025 05:17;CD-184;3- Cross-Docking com ASM;Araguaína;TO;53:00;4;12.352
420;10/10/2025 23:04;CD-002;2- Cross-Docking sem ASM;Guarulhos;SP;13/10/2025 05:04;CD-076;4- Híbrido (Fulfillment);Cariacica;ES;54:00;5;15.808
421;15/02/2022 10:09;CD-131;3- Cross-Docking com ASM;Aracaju;SE;16/02/2022 20:09;CD-066;4- Híbrido (Fulfillment);Marabá;PA;34:00;2;6.363
422;07/05/2024 07:54;CD-255;3- Cross-Docking com ASM;Araguaína;TO;09/05/2024 10:54;CD-018;4- Híbrido (Fulfillment);Nova Iguaçu;RJ;51:00;4;12.390
423;17/12/2022 15:57;CD-241;2- Cross-Docking sem ASM;Ariquemes;RO;20/12/2022 00:57;CD-068;4- Híbrido (Fulfillment);Imperatriz;MA;57:00;2;5.838
424;23/06/2025 22:25;CD-008;1- First Mile Hub;Ribeirão Preto;SP;24/06/2025 10:25;CD-134;4- Híbrido (Fulfillment);Palmeira dos Índios;AL;12:00;5;15.045
425;04/10/2025 04:38;CD-018;4- Híbrido (Fulfillment);Nova Iguaçu;RJ;06/10/2025 12:38;CD-061;3- Cross-Docking com ASM;Anápolis;GO;56:00;2;6.015
426;19/09/2023 10:32;CD-211;4- Híbrido (Fulfillment);Juiz de Fora;MG;21/09/2023 09:32;CD-144;2- Cross-Docking sem ASM;João Pessoa;PB;47:00;1;3.080
427;19/10/2023 02:11;CD-113;4- Híbrido (Fulfillment);Brasília;DF;20/10/2023 17:11;CD-230;2- Cross-Docking sem ASM;Ananindeua;PA;39:00;5;15.392
428;06/03/2025 17:25;CD-135;2- Cross-Docking sem ASM;Arapiraca;AL;06/03/2025 19:25;CD-175;3- Cross-Docking com ASM;Palmeira dos Índios;AL;02:00;3;9.570
429;04/08/2022 10:22;CD-053;4- Híbrido (Fulfillment);Maracanaú;CE;06/08/2022 01:22;CD-127;5- Last Mile Hub;Feira de Santana;BA;39:00;4;11.997
430;05/07/2022 06:29;CD-163;2- Cross-Docking sem ASM;Canoas;RS;07/07/2022 16:29;CD-033;3- Cross-Docking com ASM;Vitória da Conquista;BA;58:00;2;5.959
431;04/04/2025 18:23;CD-122;2- Cross-Docking sem ASM;Ji-Paraná;RO;06/04/2025 15:23;CD-250;4- Híbrido (Fulfillment);Piracicaba;SP;45:00;4;12.226
432;06/05/2023 23:29;CD-193;2- Cross-Docking sem ASM;Serra;ES;08/05/2023 13:29;CD-224;3- Cross-Docking com ASM;Caucaia;CE;38:00;2;5.795
433;10/02/2024 00:56;CD-121;1- First Mile Hub;Uberlândia;MG;12/02/2024 00:56;CD-094;4- Híbrido (Fulfillment);Rondonópolis;MT;48:00;3;9.436
434;17/07/2023 14:34;CD-198;1- First Mile Hub;Arapiraca;AL;18/07/2023 17:34;CD-013;3- Cross-Docking com ASM;Jundiaí;SP;27:00;1;2.972
435;12/02/2022 07:40;CD-139;1- First Mile Hub;São Luís;MA;14/02/2022 12:40;CD-226;3- Cross-Docking com ASM;Niterói;RJ;53:00;2;5.913
436;10/05/2022 19:25;CD-105;1- First Mile Hub;Cruzeiro do Sul;AC;11/05/2022 09:25;CD-242;3- Cross-Docking com ASM;Serra;ES;14:00;4;12.292
437;28/05/2024 06:35;CD-024;2- Cross-Docking sem ASM;Uberlândia;MG;28/05/2024 12:35;CD-026;4- Híbrido (Fulfillment);Juiz de Fora;MG;06:00;2;6.023
438;09/05/2025 16:31;CD-183;3- Cross-Docking com ASM;Jaboatão dos Guararapes;PE;11/05/2025 22:31;CD-176;5- Last Mile Hub;Brasília;DF;54:00;2;6.097
439;12/11/2025 21:16;CD-046;1- First Mile Hub;Florianópolis;SC;15/11/2025 01:16;CD-034;4- Híbrido (Fulfillment);Camaçari;BA;52:00;5;16.129
440;01/01/2022 04:20;CD-245;3- Cross-Docking com ASM;Gurupi;TO;03/01/2022 18:20;CD-097;4- Híbrido (Fulfillment);Três Lagoas;MS;62:00;5;15.505
441;25/03/2024 14:17;CD-018;4- Híbrido (Fulfillment);Nova Iguaçu;RJ;27/03/2024 16:17;CD-245;3- Cross-Docking com ASM;Gurupi;TO;50:00;2;5.717
442;27/01/2023 02:58;CD-226;3- Cross-Docking com ASM;Niterói;RJ;28/01/2023 23:58;CD-040;5- Last Mile Hub;Cascavel;PR;45:00;3;9.201
443;09/03/2023 14:39;CD-232;3- Cross-Docking com ASM;Macapá;AP;11/03/2023 11:39;CD-106;5- Last Mile Hub;Sena Madureira;AC;45:00;1;3.203
444;17/05/2025 22:00;CD-186;1- First Mile Hub;Parnamirim;RN;18/05/2025 16:00;CD-167;2- Cross-Docking sem ASM;São Gonçalo;RJ;18:00;4;12.075
445;03/06/2022 01:56;CD-059;2- Cross-Docking sem ASM;Goiânia;GO;05/06/2022 06:56;CD-160;3- Cross-Docking com ASM;Vitória da Conquista;BA;53:00;5;15.687
446;09/02/2025 01:33;CD-236;3- Cross-Docking com ASM;Arapiraca;AL;10/02/2025 17:33;CD-157;2- Cross-Docking sem ASM;Canoas;RS;40:00;5;15.469
447;14/04/2024 20:50;CD-049;3- Cross-Docking com ASM;São José;SC;15/04/2024 08:50;CD-085;5- Last Mile Hub;Picos;PI;12:00;4;12.393
448;23/06/2023 12:41;CD-214;3- Cross-Docking com ASM;Maceió;AL;25/06/2023 19:41;CD-129;2- Cross-Docking sem ASM;Uberlândia;MG;55:00;1;2.839
449;22/10/2024 23:06;CD-050;4- Híbrido (Fulfillment);Fortaleza;CE;23/10/2024 07:06;CD-116;5- Last Mile Hub;Fortaleza;CE;08:00;3;9.308
450;22/03/2022 18:51;CD-118;1- First Mile Hub;Brasília;DF;24/03/2022 11:51;CD-094;4- Híbrido (Fulfillment);Rondonópolis;MT;41:00;2;6.190
451;03/08/2022 15:48;CD-175;3- Cross-Docking com ASM;Palmeira dos Índios;AL;05/08/2022 13:48;CD-042;2- Cross-Docking sem ASM;Caxias do Sul;RS;46:00;1;2.871
452;26/09/2022 02:24;CD-046;1- First Mile Hub;Florianópolis;SC;27/09/2022 20:24;CD-059;2- Cross-Docking sem ASM;Goiânia;GO;42:00;4;13.013
453;20/07/2022 22:07;CD-061;3- Cross-Docking com ASM;Anápolis;GO;21/07/2022 23:07;CD-120;2- Cross-Docking sem ASM;Maceió;AL;25:00;2;6.140
454;02/02/2023 17:29;CD-059;2- Cross-Docking sem ASM;Goiânia;GO;04/02/2023 13:29;CD-254;5- Last Mile Hub;Santarém;PA;44:00;4;12.307
455;24/06/2022 18:54;CD-171;2- Cross-Docking sem ASM;Santa Rita;PB;27/06/2022 09:54;CD-175;3- Cross-Docking com ASM;Palmeira dos Índios;AL;63:00;1;2.912
456;14/12/2025 09:57;CD-180;3- Cross-Docking com ASM;Rio de Janeiro;RJ;16/12/2025 19:57;CD-157;2- Cross-Docking sem ASM;Canoas;RS;58:00;5;15.452
457;15/09/2025 16:42;CD-026;4- Híbrido (Fulfillment);Juiz de Fora;MG;16/09/2025 05:42;CD-195;3- Cross-Docking com ASM;Ji-Paraná;RO;13:00;5;16.007
458;10/07/2023 18:53;CD-173;1- First Mile Hub;Boa Vista;RR;12/07/2023 08:53;CD-004;4- Híbrido (Fulfillment);São Bernardo do Campo;SP;38:00;1;3.214
459;20/04/2025 05:50;CD-089;4- Híbrido (Fulfillment);Aracaju;SE;21/04/2025 14:50;CD-154;2- Cross-Docking sem ASM;Maringá;PR;33:00;3;9.576
460;12/06/2025 10:59;CD-056;4- Híbrido (Fulfillment);Olinda;PE;13/06/2025 21:59;CD-152;2- Cross-Docking sem ASM;Palmeira dos Índios;AL;35:00;5;15.084
461;13/04/2023 21:28;CD-174;3- Cross-Docking com ASM;Caracaraí;RR;14/04/2023 13:28;CD-137;2- Cross-Docking sem ASM;Dourados;MS;16:00;2;5.969
462;02/11/2023 17:03;CD-187;1- First Mile Hub;Timon;MA;03/11/2023 23:03;CD-133;3- Cross-Docking com ASM;Rio de Janeiro;RJ;30:00;2;6.179
463;28/12/2025 10:26;CD-142;2- Cross-Docking sem ASM;Nossa Senhora do Socorro;SE;29/12/2025 23:26;CD-032;4- Híbrido (Fulfillment);Feira de Santana;BA;37:00;2;6.280
464;11/07/2022 10:10;CD-239;1- First Mile Hub;Fortaleza;CE;13/07/2022 18:10;CD-249;4- Híbrido (Fulfillment);Guarulhos;SP;56:00;5;15.712
465;15/01/2022 00:18;CD-017;1- First Mile Hub;Duque de Caxias;RJ;16/01/2022 05:18;CD-171;2- Cross-Docking sem ASM;Santa Rita;PB;29:00;1;3.010
466;27/11/2025 13:41;CD-166;4- Híbrido (Fulfillment);São Luís;MA;28/11/2025 23:41;CD-263;5- Last Mile Hub;Piracicaba;SP;34:00;5;15.391
467;20/06/2024 08:53;CD-185;4- Híbrido (Fulfillment);Marabá;PA;22/06/2024 01:53;CD-226;3- Cross-Docking com ASM;Niterói;RJ;41:00;5;14.949
468;04/06/2025 14:52;CD-066;4- Híbrido (Fulfillment);Marabá;PA;05/06/2025 00:52;CD-049;3- Cross-Docking com ASM;São José;SC;10:00;1;3.107
469;10/06/2023 09:01;CD-217;4- Híbrido (Fulfillment);Niterói;RJ;12/06/2023 03:01;CD-103;5- Last Mile Hub;Laranjal do Jari;AP;42:00;4;12.314
470;09/08/2023 21:17;CD-181;1- First Mile Hub;Caucaia;CE;11/08/2023 20:17;CD-152;2- Cross-Docking sem ASM;Palmeira dos Índios;AL;47:00;1;3.500
471;24/03/2022 11:33;CD-237;4- Híbrido (Fulfillment);Guarulhos;SP;25/03/2022 04:33;CD-028;5- Last Mile Hub;Montes Claros;MG;17:00;2;5.978
472;06/07/2023 05:37;CD-118;1- First Mile Hub;Brasília;DF;07/07/2023 19:37;CD-229;2- Cross-Docking sem ASM;Arapiraca;AL;38:00;2;6.193
473;27/05/2023 18:25;CD-076;4- Híbrido (Fulfillment);Cariacica;ES;28/05/2023 05:25;CD-025;2- Cross-Docking sem ASM;Contagem;MG;11:00;5;15.639
474;15/02/2024 21:13;CD-172;3- Cross-Docking com ASM;Porto Velho;RO;17/02/2024 11:13;CD-028;5- Last Mile Hub;Montes Claros;MG;38:00;4;12.497
475;05/11/2025 13:15;CD-228;1- First Mile Hub;Natal;RN;07/11/2025 02:15;CD-054;4- Híbrido (Fulfillment);Recife;PE;37:00;4;12.093
476;12/02/2024 12:24;CD-090;1- First Mile Hub;Nossa Senhora do Socorro;SE;13/02/2024 12:24;CD-230;2- Cross-Docking sem ASM;Ananindeua;PA;24:00;3;9.135
477;18/10/2024 17:15;CD-211;4- Híbrido (Fulfillment);Juiz de Fora;MG;21/10/2024 03:15;CD-147;2- Cross-Docking sem ASM;Blumenau;SC;58:00;3;8.900
478;01/07/2024 21:56;CD-120;2- Cross-Docking sem ASM;Maceió;AL;03/07/2024 18:56;CD-101;5- Last Mile Hub;Macapá;AP;45:00;5;15.356
479;08/01/2024 16:19;CD-123;2- Cross-Docking sem ASM;Goiânia;GO;10/01/2024 08:19;CD-005;5- Last Mile Hub;Santo André;SP;40:00;3;9.777
480;10/08/2025 04:05;CD-090;1- First Mile Hub;Nossa Senhora do Socorro;SE;11/08/2025 22:05;CD-175;3- Cross-Docking com ASM;Palmeira dos Índios;AL;42:00;2;6.127
481;11/05/2022 06:54;CD-135;2- Cross-Docking sem ASM;Arapiraca;AL;12/05/2022 02:54;CD-003;4- Híbrido (Fulfillment);Campinas;SP;20:00;1;3.012
482;01/04/2025 16:23;CD-140;2- Cross-Docking sem ASM;Picos;PI;02/04/2025 00:23;CD-083;3- Cross-Docking com ASM;Teresina;PI;08:00;3;9.215
483;03/12/2023 12:03;CD-138;3- Cross-Docking com ASM;Boa Vista;RR;05/12/2023 07:03;CD-210;5- Last Mile Hub;São Luís;MA;43:00;3;9.231
484;17/01/2024 05:58;CD-129;2- Cross-Docking sem ASM;Uberlândia;MG;18/01/2024 02:58;CD-013;3- Cross-Docking com ASM;Jundiaí;SP;21:00;4;12.662
485;01/01/2025 06:54;CD-236;3- Cross-Docking com ASM;Arapiraca;AL;03/01/2025 19:54;CD-032;4- Híbrido (Fulfillment);Feira de Santana;BA;61:00;3;8.942
486;18/09/2022 16:57;CD-174;3- Cross-Docking com ASM;Caracaraí;RR;20/09/2022 23:57;CD-024;2- Cross-Docking sem ASM;Uberlândia;MG;55:00;4;11.795
487;26/05/2022 16:29;CD-079;1- First Mile Hub;Parnamirim;RN;27/05/2022 09:29;CD-168;3- Cross-Docking com ASM;Salvador;BA;17:00;4;11.837
488;22/01/2025 22:49;CD-113;4- Híbrido (Fulfillment);Brasília;DF;25/01/2025 01:49;CD-234;3- Cross-Docking com ASM;Santo André;SP;51:00;5;15.396
489;24/12/2023 14:51;CD-113;4- Híbrido (Fulfillment);Brasília;DF;27/12/2023 02:51;CD-029;5- Last Mile Hub;Ribeirão das Neves;MG;60:00;1;3.091
490;20/04/2022 20:27;CD-036;4- Híbrido (Fulfillment);Curitiba;PR;23/04/2022 04:27;CD-057;5- Last Mile Hub;Caruaru;PE;56:00;4;11.967
491;07/05/2025 10:23;CD-191;3- Cross-Docking com ASM;Rio de Janeiro;RJ;08/05/2025 01:23;CD-114;2- Cross-Docking sem ASM;Laranjal do Jari;AP;15:00;1;3.113
492;18/02/2022 14:29;CD-156;4- Híbrido (Fulfillment);Várzea Grande;MT;20/02/2022 08:29;CD-132;3- Cross-Docking com ASM;Porto Velho;RO;42:00;2;5.879
493;12/09/2023 16:56;CD-244;4- Híbrido (Fulfillment);Araguaína;TO;15/09/2023 07:56;CD-258;5- Last Mile Hub;Picos;PI;63:00;5;15.417
494;15/12/2024 17:57;CD-152;2- Cross-Docking sem ASM;Palmeira dos Índios;AL;17/12/2024 15:57;CD-264;4- Híbrido (Fulfillment);São José dos Campos;SP;46:00;3;9.224
495;09/07/2023 17:26;CD-241;2- Cross-Docking sem ASM;Ariquemes;RO;12/07/2023 08:26;CD-259;5- Last Mile Hub;São Luís;MA;63:00;2;5.977
496;11/07/2024 14:07;CD-014;4- Híbrido (Fulfillment);Piracicaba;SP;13/07/2024 18:07;CD-114;2- Cross-Docking sem ASM;Laranjal do Jari;AP;52:00;2;6.378
497;22/11/2024 08:37;CD-009;2- Cross-Docking sem ASM;Sorocaba;SP;24/11/2024 21:37;CD-158;3- Cross-Docking com ASM;Ji-Paraná;RO;61:00;5;15.660
498;08/06/2025 11:30;CD-066;4- Híbrido (Fulfillment);Marabá;PA;09/06/2025 23:30;CD-256;5- Last Mile Hub;Rio Branco;AC;36:00;3;8.765
499;11/10/2023 02:11;CD-037;3- Cross-Docking com ASM;Londrina;PR;13/10/2023 11:11;CD-109;4- Híbrido (Fulfillment);Caracaraí;RR;57:00;5;15.127
500;15/12/2023 13:03;CD-175;3- Cross-Docking com ASM;Palmeira dos Índios;AL;16/12/2023 02:03;CD-023;5- Last Mile Hub;Belo Horizonte;MG;13:00;2;6.780
501;16/06/2024 20:51;CD-043;3- Cross-Docking com ASM;Canoas;RS;16/06/2024 23:51;CD-163;2- Cross-Docking sem ASM;Canoas;RS;03:00;2;6.256
502;25/05/2023 18:42;CD-150;1- First Mile Hub;Mauá;SP;27/05/2023 09:42;CD-207;4- Híbrido (Fulfillment);Rio Branco;AC;39:00;5;14.766
503;05/09/2022 23:09;CD-251;1- First Mile Hub;Sorocaba;SP;07/09/2022 22:09;CD-073;4- Híbrido (Fulfillment);Vitória;ES;47:00;3;9.037
504;21/12/2023 11:03;CD-119;2- Cross-Docking sem ASM;Sena Madureira;AC;23/12/2023 21:03;CD-076;4- Híbrido (Fulfillment);Cariacica;ES;58:00;1;2.994
505;03/10/2024 22:09;CD-093;3- Cross-Docking com ASM;Várzea Grande;MT;05/10/2024 01:09;CD-106;5- Last Mile Hub;Sena Madureira;AC;27:00;4;12.001
506;06/01/2022 12:56;CD-225;1- First Mile Hub;São Paulo;SP;07/01/2022 16:56;CD-078;3- Cross-Docking com ASM;Mossoró;RN;28:00;2;6.360
507;19/01/2024 03:34;CD-166;4- Híbrido (Fulfillment);São Luís;MA;21/01/2024 16:34;CD-042;2- Cross-Docking sem ASM;Caxias do Sul;RS;61:00;2;6.066
508;15/10/2022 18:15;CD-198;1- First Mile Hub;Arapiraca;AL;18/10/2022 01:15;CD-068;4- Híbrido (Fulfillment);Imperatriz;MA;55:00;2;6.170
509;23/12/2024 10:16;CD-033;3- Cross-Docking com ASM;Vitória da Conquista;BA;25/12/2024 06:16;CD-058;2- Cross-Docking sem ASM;Petrolina;PE;44:00;3;9.693
510;01/11/2024 04:56;CD-202;3- Cross-Docking com ASM;Araguaína;TO;01/11/2024 18:56;CD-062;5- Last Mile Hub;Rio Verde;GO;14:00;4;12.181
511;06/11/2024 19:45;CD-252;4- Híbrido (Fulfillment);Caracaraí;RR;09/11/2024 08:45;CD-214;3- Cross-Docking com ASM;Maceió;AL;61:00;1;3.104
512;17/02/2024 13:20;CD-026;4- Híbrido (Fulfillment);Juiz de Fora;MG;18/02/2024 05:20;CD-227;2- Cross-Docking sem ASM;Aparecida de Goiânia;GO;16:00;4;12.320
513;08/12/2025 13:31;CD-121;1- First Mile Hub;Uberlândia;MG;10/12/2025 13:31;CD-007;2- Cross-Docking sem ASM;São José dos Campos;SP;48:00;3;9.061
514;21/08/2023 16:07;CD-219;4- Híbrido (Fulfillment);Rio Verde;GO;23/08/2023 08:07;CD-031;5- Last Mile Hub;Salvador;BA;40:00;5;16.027
515;25/03/2022 01:32;CD-169;1- First Mile Hub;Piracicaba;SP;25/03/2022 05:32;CD-200;4- Híbrido (Fulfillment);Osasco;SP;04:00;3;9.307
516;20/08/2022 17:10;CD-175;3- Cross-Docking com ASM;Palmeira dos Índios;AL;22/08/2022 08:10;CD-240;2- Cross-Docking sem ASM;Betim;MG;39:00;5;15.505
517;09/12/2024 06:44;CD-071;4- Híbrido (Fulfillment);Parintins;AM;11/12/2024 20:44;CD-002;2- Cross-Docking sem ASM;Guarulhos;SP;62:00;3;9.262
518;03/08/2023 15:08;CD-265;2- Cross-Docking sem ASM;Itabuna;BA;05/08/2023 03:08;CD-098;5- Last Mile Hub;Porto Velho;RO;36:00;2;6.148
519;02/08/2025 04:44;CD-034;4- Híbrido (Fulfillment);Camaçari;BA;02/08/2025 17:44;CD-106;5- Last Mile Hub;Sena Madureira;AC;13:00;2;6.238
520;24/02/2022 00:17;CD-033;3- Cross-Docking com ASM;Vitória da Conquista;BA;26/02/2022 12:17;CD-111;2- Cross-Docking sem ASM;Araguaína;TO;60:00;5;14.544
521;19/10/2024 04:56;CD-063;4- Híbrido (Fulfillment);Belém;PA;21/10/2024 16:56;CD-095;5- Last Mile Hub;Campo Grande;MS;60:00;4;12.644
522;11/02/2024 07:39;CD-144;2- Cross-Docking sem ASM;João Pessoa;PB;13/02/2024 00:39;CD-183;3- Cross-Docking com ASM;Jaboatão dos Guararapes;PE;41:00;4;11.764
523;27/05/2023 11:51;CD-008;1- First Mile Hub;Ribeirão Preto;SP;28/05/2023 18:51;CD-202;3- Cross-Docking com ASM;Araguaína;TO;31:00;5;15.275
524;22/05/2022 22:42;CD-243;2- Cross-Docking sem ASM;Natal;RN;25/05/2022 13:42;CD-068;4- Híbrido (Fulfillment);Imperatriz;MA;63:00;5;15.713
525;07/02/2024 21:44;CD-221;1- First Mile Hub;Campina Grande;PB;09/02/2024 23:44;CD-174;3- Cross-Docking com ASM;Caracaraí;RR;50:00;4;12.534
526;03/08/2023 09:18;CD-099;3- Cross-Docking com ASM;Ji-Paraná;RO;03/08/2023 23:18;CD-117;2- Cross-Docking sem ASM;Cascavel;PR;14:00;2;6.197
527;05/04/2023 10:08;CD-145;3- Cross-Docking com ASM;Belém;PA;06/04/2023 22:08;CD-250;4- Híbrido (Fulfillment);Piracicaba;SP;36:00;3;9.012
528;17/01/2022 02:31;CD-011;4- Híbrido (Fulfillment);Mauá;SP;18/01/2022 06:31;CD-031;5- Last Mile Hub;Salvador;BA;28:00;5;14.825
529;13/03/2024 10:51;CD-118;1- First Mile Hub;Brasília;DF;15/03/2024 05:51;CD-042;2- Cross-Docking sem ASM;Caxias do Sul;RS;43:00;4;12.438
530;10/10/2022 10:12;CD-030;4- Híbrido (Fulfillment);Uberaba;MG;11/10/2022 13:12;CD-202;3- Cross-Docking com ASM;Araguaína;TO;27:00;2;6.146
531;13/12/2025 11:06;CD-115;1- First Mile Hub;Ananindeua;PA;15/12/2025 06:06;CD-089;4- Híbrido (Fulfillment);Aracaju;SE;43:00;5;15.101
532;04/10/2024 19:55;CD-120;2- Cross-Docking sem ASM;Maceió;AL;06/10/2024 05:55;CD-041;5- Last Mile Hub;Porto Alegre;RS;34:00;5;15.290
533;19/11/2024 10:25;CD-124;2- Cross-Docking sem ASM;Recife;PE;21/11/2024 06:25;CD-255;3- Cross-Docking com ASM;Araguaína;TO;44:00;5;15.287
534;20/11/2024 17:48;CD-016;2- Cross-Docking sem ASM;São Gonçalo;RJ;21/11/2024 11:48;CD-178;4- Híbrido (Fulfillment);Timon;MA;18:00;2;6.064
535;19/12/2024 05:02;CD-239;1- First Mile Hub;Fortaleza;CE;19/12/2024 13:02;CD-204;3- Cross-Docking com ASM;Caucaia;CE;08:00;3;9.428
536;21/11/2022 08:04;CD-248;2- Cross-Docking sem ASM;Gurupi;TO;23/11/2022 08:04;CD-133;3- Cross-Docking com ASM;Rio de Janeiro;RJ;48:00;3;8.996
537;24/01/2023 11:58;CD-132;3- Cross-Docking com ASM;Porto Velho;RO;26/01/2023 14:58;CD-055;4- Híbrido (Fulfillment);Jaboatão dos Guararapes;PE;51:00;1;3.114
538;06/06/2023 19:21;CD-046;1- First Mile Hub;Florianópolis;SC;08/06/2023 11:21;CD-211;4- Híbrido (Fulfillment);Juiz de Fora;MG;40:00;1;2.956
539;06/07/2025 23:04;CD-235;3- Cross-Docking com ASM;Florianópolis;SC;08/07/2025 03:04;CD-034;4- Híbrido (Fulfillment);Camaçari;BA;28:00;1;2.910
540;21/03/2022 05:33;CD-246;3- Cross-Docking com ASM;Campo Grande;MS;23/03/2022 19:33;CD-211;4- Híbrido (Fulfillment);Juiz de Fora;MG;62:00;4;12.058
541;05/06/2022 21:00;CD-125;1- First Mile Hub;Cascavel;PR;06/06/2022 23:00;CD-018;4- Híbrido (Fulfillment);Nova Iguaçu;RJ;26:00;1;3.438
542;02/06/2024 12:45;CD-241;2- Cross-Docking sem ASM;Ariquemes;RO;04/06/2024 11:45;CD-237;4- Híbrido (Fulfillment);Guarulhos;SP;47:00;5;15.415
543;18/05/2022 07:45;CD-207;4- Híbrido (Fulfillment);Rio Branco;AC;19/05/2022 00:45;CD-214;3- Cross-Docking com ASM;Maceió;AL;17:00;1;2.803
544;20/06/2022 23:25;CD-240;2- Cross-Docking sem ASM;Betim;MG;23/06/2022 06:25;CD-094;4- Híbrido (Fulfillment);Rondonópolis;MT;55:00;2;5.942
545;13/09/2023 13:47;CD-183;3- Cross-Docking com ASM;Jaboatão dos Guararapes;PE;14/09/2023 11:47;CD-230;2- Cross-Docking sem ASM;Ananindeua;PA;22:00;4;12.705
546;25/04/2022 22:17;CD-158;3- Cross-Docking com ASM;Ji-Paraná;RO;27/04/2022 10:17;CD-223;2- Cross-Docking sem ASM;Osasco;SP;36:00;2;5.607
547;08/02/2024 08:43;CD-135;2- Cross-Docking sem ASM;Arapiraca;AL;10/02/2024 20:43;CD-084;5- Last Mile Hub;Parnaíba;PI;60:00;5;14.787
548;14/07/2022 22:38;CD-192;1- First Mile Hub;Gurupi;TO;15/07/2022 23:38;CD-081;3- Cross-Docking com ASM;Campina Grande;PB;25:00;3;8.881
549;13/10/2025 19:03;CD-244;4- Híbrido (Fulfillment);Araguaína;TO;15/10/2025 12:03;CD-240;2- Cross-Docking sem ASM;Betim;MG;41:00;3;9.197
550;12/06/2024 00:50;CD-042;2- Cross-Docking sem ASM;Caxias do Sul;RS;12/06/2024 18:50;CD-109;4- Híbrido (Fulfillment);Caracaraí;RR;18:00;5;15.118
551;19/05/2024 00:39;CD-126;1- First Mile Hub;Sorocaba;SP;21/05/2024 12:39;CD-248;2- Cross-Docking sem ASM;Gurupi;TO;60:00;2;5.946
552;28/01/2022 04:51;CD-150;1- First Mile Hub;Mauá;SP;30/01/2022 03:51;CD-232;3- Cross-Docking com ASM;Macapá;AP;47:00;3;9.166
553;24/01/2023 18:31;CD-156;4- Híbrido (Fulfillment);Várzea Grande;MT;27/01/2023 08:31;CD-028;5- Last Mile Hub;Montes Claros;MG;62:00;2;5.966
554;01/01/2025 02:51;CD-142;2- Cross-Docking sem ASM;Nossa Senhora do Socorro;SE;02/01/2025 10:51;CD-113;4- Híbrido (Fulfillment);Brasília;DF;32:00;2;6.331
555;09/01/2024 21:56;CD-183;3- Cross-Docking com ASM;Jaboatão dos Guararapes;PE;11/01/2024 20:56;CD-230;2- Cross-Docking sem ASM;Ananindeua;PA;47:00;2;6.299
556;12/01/2022 05:02;CD-094;4- Híbrido (Fulfillment);Rondonópolis;MT;13/01/2022 08:02;CD-246;3- Cross-Docking com ASM;Campo Grande;MS;27:00;5;15.598
557;20/04/2025 08:23;CD-191;3- Cross-Docking com ASM;Rio de Janeiro;RJ;21/04/2025 00:23;CD-095;5- Last Mile Hub;Campo Grande;MS;16:00;2;6.210
558;24/05/2024 21:50;CD-089;4- Híbrido (Fulfillment);Aracaju;SE;26/05/2024 18:50;CD-078;3- Cross-Docking com ASM;Mossoró;RN;45:00;2;5.608
559;01/01/2024 13:05;CD-193;2- Cross-Docking sem ASM;Serra;ES;03/01/2024 07:05;CD-189;5- Last Mile Hub;Santos;SP;42:00;2;6.039
560;09/12/2023 03:19;CD-053;4- Híbrido (Fulfillment);Maracanaú;CE;10/12/2023 03:19;CD-064;2- Cross-Docking sem ASM;Ananindeua;PA;24:00;5;15.206
561;01/10/2023 21:08;CD-017;1- First Mile Hub;Duque de Caxias;RJ;02/10/2023 11:08;CD-059;2- Cross-Docking sem ASM;Goiânia;GO;14:00;5;15.837
562;11/02/2022 15:19;CD-181;1- First Mile Hub;Caucaia;CE;14/02/2022 02:19;CD-014;4- Híbrido (Fulfillment);Piracicaba;SP;59:00;5;15.286
563;20/10/2025 13:28;CD-045;1- First Mile Hub;Santa Maria;RS;21/10/2025 10:28;CD-027;2- Cross-Docking sem ASM;Betim;MG;21:00;5;15.085
564;25/02/2023 04:39;CD-247;4- Híbrido (Fulfillment);Aracaju;SE;27/02/2023 07:39;CD-128;2- Cross-Docking sem ASM;Mauá;SP;51:00;5;15.517
565;03/12/2024 23:16;CD-185;4- Híbrido (Fulfillment);Marabá;PA;05/12/2024 13:16;CD-263;5- Last Mile Hub;Piracicaba;SP;38:00;5;15.569
566;01/12/2024 01:02;CD-186;1- First Mile Hub;Parnamirim;RN;03/12/2024 06:02;CD-055;4- Híbrido (Fulfillment);Jaboatão dos Guararapes;PE;53:00;3;9.108
567;18/02/2024 17:43;CD-177;3- Cross-Docking com ASM;Canoas;RS;19/02/2024 18:43;CD-252;4- Híbrido (Fulfillment);Caracaraí;RR;25:00;3;9.006
568;02/12/2023 22:32;CD-235;3- Cross-Docking com ASM;Florianópolis;SC;03/12/2023 08:32;CD-039;5- Last Mile Hub;Ponta Grossa;PR;10:00;1;2.730
569;17/11/2023 02:09;CD-198;1- First Mile Hub;Arapiraca;AL;17/11/2023 23:09;CD-262;4- Híbrido (Fulfillment);Betim;MG;21:00;4;12.157
570;15/06/2024 22:48;CD-086;1- First Mile Hub;Maceió;AL;18/06/2024 09:48;CD-241;2- Cross-Docking sem ASM;Ariquemes;RO;59:00;1;2.870
571;01/11/2025 16:57;CD-073;4- Híbrido (Fulfillment);Vitória;ES;03/11/2025 10:57;CD-199;2- Cross-Docking sem ASM;Várzea Grande;MT;42:00;1;3.086
572;05/10/2023 20:05;CD-117;2- Cross-Docking sem ASM;Cascavel;PR;07/10/2023 20:05;CD-226;3- Cross-Docking com ASM;Niterói;RJ;48:00;1;3.180
573;01/07/2022 21:10;CD-020;1- First Mile Hub;Belford Roxo;RJ;04/07/2022 04:10;CD-157;2- Cross-Docking sem ASM;Canoas;RS;55:00;1;2.846
574;03/05/2022 02:36;CD-231;3- Cross-Docking com ASM;São José dos Campos;SP;04/05/2022 22:36;CD-217;4- Híbrido (Fulfillment);Niterói;RJ;44:00;3;9.294
575;12/10/2023 23:48;CD-168;3- Cross-Docking com ASM;Salvador;BA;13/10/2023 11:48;CD-097;4- Híbrido (Fulfillment);Três Lagoas;MS;12:00;5;15.215
576;26/01/2023 16:11;CD-163;2- Cross-Docking sem ASM;Canoas;RS;27/01/2023 17:11;CD-106;5- Last Mile Hub;Sena Madureira;AC;25:00;3;9.364
577;01/04/2025 03:29;CD-114;2- Cross-Docking sem ASM;Laranjal do Jari;AP;01/04/2025 13:29;CD-113;4- Híbrido (Fulfillment);Brasília;DF;10:00;1;2.766
578;08/01/2025 00:41;CD-099;3- Cross-Docking com ASM;Ji-Paraná;RO;09/01/2025 13:41;CD-036;4- Híbrido (Fulfillment);Curitiba;PR;37:00;4;12.291
579;01/05/2022 18:51;CD-171;2- Cross-Docking sem ASM;Santa Rita;PB;02/05/2022 07:51;CD-103;5- Last Mile Hub;Laranjal do Jari;AP;13:00;1;3.056
580;06/10/2022 21:52;CD-151;1- First Mile Hub;Porto Velho;RO;08/10/2022 06:52;CD-197;4- Híbrido (Fulfillment);Santana;AP;33:00;4;12.134
581;07/12/2024 02:39;CD-048;3- Cross-Docking com ASM;Blumenau;SC;08/12/2024 02:39;CD-051;4- Híbrido (Fulfillment);Caucaia;CE;24:00;4;12.255
582;01/11/2025 22:23;CD-015;2- Cross-Docking sem ASM;Rio de Janeiro;RJ;03/11/2025 11:23;CD-202;3- Cross-Docking com ASM;Araguaína;TO;37:00;2;6.393
583;08/08/2025 06:33;CD-195;3- Cross-Docking com ASM;Ji-Paraná;RO;09/08/2025 03:33;CD-031;5- Last Mile Hub;Salvador;BA;21:00;1;3.177
584;18/12/2023 13:52;CD-248;2- Cross-Docking sem ASM;Gurupi;TO;21/12/2023 00:52;CD-176;5- Last Mile Hub;Brasília;DF;59:00;1;3.114
585;15/05/2025 13:52;CD-130;4- Híbrido (Fulfillment);Mossoró;RN;17/05/2025 06:52;CD-016;2- Cross-Docking sem ASM;São Gonçalo;RJ;41:00;3;9.157
586;24/10/2023 21:12;CD-202;3- Cross-Docking com ASM;Araguaína;TO;26/10/2023 18:12;CD-260;2- Cross-Docking sem ASM;Timon;MA;45:00;1;2.816
587;26/01/2025 13:56;CD-147;2- Cross-Docking sem ASM;Blumenau;SC;27/01/2025 13:56;CD-026;4- Híbrido (Fulfillment);Juiz de Fora;MG;24:00;4;12.005
588;08/06/2023 11:30;CD-105;1- First Mile Hub;Cruzeiro do Sul;AC;10/06/2023 07:30;CD-083;3- Cross-Docking com ASM;Teresina;PI;44:00;1;3.017
589;12/03/2022 02:26;CD-169;1- First Mile Hub;Piracicaba;SP;14/03/2022 17:26;CD-211;4- Híbrido (Fulfillment);Juiz de Fora;MG;63:00;5;15.480
590;25/03/2022 16:23;CD-105;1- First Mile Hub;Cruzeiro do Sul;AC;27/03/2022 02:23;CD-154;2- Cross-Docking sem ASM;Maringá;PR;34:00;4;12.883
591;15/01/2022 09:32;CD-207;4- Híbrido (Fulfillment);Rio Branco;AC;16/01/2022 08:32;CD-048;3- Cross-Docking com ASM;Blumenau;SC;23:00;5;15.798
592;11/02/2022 18:23;CD-252;4- Híbrido (Fulfillment);Caracaraí;RR;13/02/2022 18:23;CD-158;3- Cross-Docking com ASM;Ji-Paraná;RO;48:00;4;12.326
593;05/06/2025 06:19;CD-193;2- Cross-Docking sem ASM;Serra;ES;06/06/2025 07:19;CD-207;4- Híbrido (Fulfillment);Rio Branco;AC;25:00;2;6.320
594;23/09/2024 15:57;CD-235;3- Cross-Docking com ASM;Florianópolis;SC;24/09/2024 06:57;CD-089;4- Híbrido (Fulfillment);Aracaju;SE;15:00;1;2.965
595;16/12/2025 06:28;CD-047;3- Cross-Docking com ASM;Joinville;SC;17/12/2025 05:28;CD-240;2- Cross-Docking sem ASM;Betim;MG;23:00;3;9.330
596;08/06/2023 04:22;CD-035;1- First Mile Hub;Itabuna;BA;09/06/2023 05:22;CD-047;3- Cross-Docking com ASM;Joinville;SC;25:00;3;9.031
597;05/08/2024 10:06;CD-161;1- First Mile Hub;Duque de Caxias;RJ;06/08/2024 03:06;CD-214;3- Cross-Docking com ASM;Maceió;AL;17:00;3;9.173
598;19/07/2025 16:16;CD-230;2- Cross-Docking sem ASM;Ananindeua;PA;21/07/2025 11:16;CD-189;5- Last Mile Hub;Santos;SP;43:00;4;11.859
599;11/06/2023 00:03;CD-063;4- Híbrido (Fulfillment);Belém;PA;12/06/2023 07:03;CD-117;2- Cross-Docking sem ASM;Cascavel;PR;31:00;3;9.037
600;07/04/2024 06:41;CD-110;1- First Mile Hub;Palmas;TO;08/04/2024 00:41;CD-032;4- Híbrido (Fulfillment);Feira de Santana;BA;18:00;2;6.088
601;25/02/2022 04:14;CD-117;2- Cross-Docking sem ASM;Cascavel;PR;25/02/2022 21:14;CD-083;3- Cross-Docking com ASM;Teresina;PI;17:00;3;9.699
602;24/08/2023 08:08;CD-245;3- Cross-Docking com ASM;Gurupi;TO;25/08/2023 20:08;CD-129;2- Cross-Docking sem ASM;Uberlândia;MG;36:00;2;6.284
603;10/03/2023 09:58;CD-245;3- Cross-Docking com ASM;Gurupi;TO;12/03/2023 22:58;CD-103;5- Last Mile Hub;Laranjal do Jari;AP;61:00;5;15.311
604;07/11/2025 17:09;CD-015;2- Cross-Docking sem ASM;Rio de Janeiro;RJ;09/11/2025 22:09;CD-138;3- Cross-Docking com ASM;Boa Vista;RR;53:00;1;3.026
605;07/12/2023 14:22;CD-205;1- First Mile Hub;Belo Horizonte;MG;08/12/2023 04:22;CD-160;3- Cross-Docking com ASM;Vitória da Conquista;BA;14:00;3;9.195
606;16/06/2022 07:28;CD-055;4- Híbrido (Fulfillment);Jaboatão dos Guararapes;PE;16/06/2022 18:28;CD-132;3- Cross-Docking com ASM;Porto Velho;RO;11:00;5;15.649
607;09/08/2025 14:48;CD-170;3- Cross-Docking com ASM;João Pessoa;PB;10/08/2025 02:48;CD-056;4- Híbrido (Fulfillment);Olinda;PE;12:00;2;6.036
608;19/12/2023 10:40;CD-231;3- Cross-Docking com ASM;São José dos Campos;SP;19/12/2023 14:40;CD-250;4- Híbrido (Fulfillment);Piracicaba;SP;04:00;2;6.227
609;12/05/2022 00:16;CD-017;1- First Mile Hub;Duque de Caxias;RJ;14/05/2022 06:16;CD-218;4- Híbrido (Fulfillment);Uberlândia;MG;54:00;5;15.418
610;02/08/2025 15:12;CD-143;2- Cross-Docking sem ASM;Maceió;AL;04/08/2025 23:12;CD-069;5- Last Mile Hub;Timon;MA;56:00;4;11.886
611;14/12/2022 12:50;CD-214;3- Cross-Docking com ASM;Maceió;AL;15/12/2022 06:50;CD-196;5- Last Mile Hub;Joinville;SC;18:00;1;3.075
612;02/08/2023 19:55;CD-195;3- Cross-Docking com ASM;Ji-Paraná;RO;05/08/2023 10:55;CD-141;5- Last Mile Hub;Gurupi;TO;63:00;2;5.881
613;04/06/2023 07:25;CD-173;1- First Mile Hub;Boa Vista;RR;05/06/2023 17:25;CD-212;2- Cross-Docking sem ASM;Anápolis;GO;34:00;1;2.799
614;11/08/2025 01:39;CD-137;2- Cross-Docking sem ASM;Dourados;MS;13/08/2025 12:39;CD-030;4- Híbrido (Fulfillment);Uberaba;MG;59:00;1;3.186
615;04/04/2025 23:12;CD-117;2- Cross-Docking sem ASM;Cascavel;PR;05/04/2025 20:12;CD-001;5- Last Mile Hub;São Paulo;SP;21:00;4;12.570
616;21/04/2024 04:11;CD-010;1- First Mile Hub;Santos;SP;22/04/2024 12:11;CD-244;4- Híbrido (Fulfillment);Araguaína;TO;32:00;3;8.552
617;11/04/2025 00:04;CD-121;1- First Mile Hub;Uberlândia;MG;11/04/2025 14:04;CD-016;2- Cross-Docking sem ASM;São Gonçalo;RJ;14:00;5;15.614
618;03/07/2025 17:36;CD-138;3- Cross-Docking com ASM;Boa Vista;RR;05/07/2025 03:36;CD-089;4- Híbrido (Fulfillment);Aracaju;SE;34:00;4;12.125
619;15/04/2025 06:09;CD-243;2- Cross-Docking sem ASM;Natal;RN;17/04/2025 01:09;CD-044;4- Híbrido (Fulfillment);Pelotas;RS;43:00;5;15.056
620;11/05/2025 01:26;CD-030;4- Híbrido (Fulfillment);Uberaba;MG;12/05/2025 03:26;CD-043;3- Cross-Docking com ASM;Canoas;RS;26:00;3;9.161
621;25/11/2024 19:37;CD-236;3- Cross-Docking com ASM;Arapiraca;AL;27/11/2024 17:37;CD-021;2- Cross-Docking sem ASM;Campos dos Goytacazes;RJ;46:00;4;12.142
622;18/11/2025 06:14;CD-072;1- First Mile Hub;Itacoatiara;AM;19/11/2025 02:14;CD-030;4- Híbrido (Fulfillment);Uberaba;MG;20:00;3;10.176
623;27/06/2024 19:34;CD-115;1- First Mile Hub;Ananindeua;PA;29/06/2024 18:34;CD-048;3- Cross-Docking com ASM;Blumenau;SC;47:00;3;9.115
624;27/06/2023 22:50;CD-086;1- First Mile Hub;Maceió;AL;29/06/2023 12:50;CD-063;4- Híbrido (Fulfillment);Belém;PA;38:00;5;15.194
625;02/07/2022 08:51;CD-191;3- Cross-Docking com ASM;Rio de Janeiro;RJ;03/07/2022 20:51;CD-117;2- Cross-Docking sem ASM;Cascavel;PR;36:00;5;15.268
626;25/07/2022 02:17;CD-131;3- Cross-Docking com ASM;Aracaju;SE;27/07/2022 13:17;CD-261;5- Last Mile Hub;Manaus;AM;59:00;4;12.026
627;17/09/2023 17:14;CD-217;4- Híbrido (Fulfillment);Niterói;RJ;18/09/2023 15:14;CD-043;3- Cross-Docking com ASM;Canoas;RS;22:00;3;9.335
628;17/11/2022 09:00;CD-148;1- First Mile Hub;Goiânia;GO;18/11/2022 04:00;CD-018;4- Híbrido (Fulfillment);Nova Iguaçu;RJ;19:00;2;5.890
629;14/01/2025 11:29;CD-035;1- First Mile Hub;Itabuna;BA;16/01/2025 17:29;CD-231;3- Cross-Docking com ASM;São José dos Campos;SP;54:00;2;6.259
630;17/01/2022 20:06;CD-265;2- Cross-Docking sem ASM;Itabuna;BA;19/01/2022 01:06;CD-097;4- Híbrido (Fulfillment);Três Lagoas;MS;29:00;5;15.691
631;28/10/2022 06:29;CD-199;2- Cross-Docking sem ASM;Várzea Grande;MT;29/10/2022 13:29;CD-158;3- Cross-Docking com ASM;Ji-Paraná;RO;31:00;1;2.822
632;16/11/2024 23:56;CD-184;3- Cross-Docking com ASM;Araguaína;TO;17/11/2024 14:56;CD-089;4- Híbrido (Fulfillment);Aracaju;SE;15:00;3;8.953
633;12/11/2023 00:47;CD-045;1- First Mile Hub;Santa Maria;RS;13/11/2023 15:47;CD-113;4- Híbrido (Fulfillment);Brasília;DF;39:00;2;5.981
634;06/09/2022 10:54;CD-187;1- First Mile Hub;Timon;MA;07/09/2022 21:54;CD-237;4- Híbrido (Fulfillment);Guarulhos;SP;35:00;4;12.052
635;07/03/2023 14:12;CD-162;4- Híbrido (Fulfillment);Ariquemes;RO;08/03/2023 23:12;CD-117;2- Cross-Docking sem ASM;Cascavel;PR;33:00;3;9.223
636;12/04/2022 06:18;CD-083;3- Cross-Docking com ASM;Teresina;PI;14/04/2022 16:18;CD-102;5- Last Mile Hub;Santana;AP;58:00;1;3.211
637;19/10/2025 21:40;CD-018;4- Híbrido (Fulfillment);Nova Iguaçu;RJ;20/10/2025 18:40;CD-098;5- Last Mile Hub;Porto Velho;RO;21:00;4;12.595
638;09/01/2023 23:34;CD-026;4- Híbrido (Fulfillment);Juiz de Fora;MG;12/01/2023 14:34;CD-210;5- Last Mile Hub;São Luís;MA;63:00;4;11.812
639;24/11/2024 13:36;CD-170;3- Cross-Docking com ASM;João Pessoa;PB;25/11/2024 06:36;CD-163;2- Cross-Docking sem ASM;Canoas;RS;17:00;2;6.042
640;25/04/2024 09:04;CD-050;4- Híbrido (Fulfillment);Fortaleza;CE;26/04/2024 13:04;CD-160;3- Cross-Docking com ASM;Vitória da Conquista;BA;28:00;4;12.698
641;06/10/2025 01:39;CD-187;1- First Mile Hub;Timon;MA;07/10/2025 09:39;CD-013;3- Cross-Docking com ASM;Jundiaí;SP;32:00;3;8.872
642;08/02/2025 02:44;CD-250;4- Híbrido (Fulfillment);Piracicaba;SP;09/02/2025 13:44;CD-092;5- Last Mile Hub;Cuiabá;MT;35:00;4;12.453
643;26/10/2023 02:07;CD-063;4- Híbrido (Fulfillment);Belém;PA;27/10/2023 19:07;CD-223;2- Cross-Docking sem ASM;Osasco;SP;41:00;2;6.081
644;19/10/2022 15:03;CD-027;2- Cross-Docking sem ASM;Betim;MG;20/10/2022 09:03;CD-247;4- Híbrido (Fulfillment);Aracaju;SE;18:00;3;9.069
645;17/06/2025 05:46;CD-244;4- Híbrido (Fulfillment);Araguaína;TO;17/06/2025 16:46;CD-195;3- Cross-Docking com ASM;Ji-Paraná;RO;11:00;1;2.978
646;26/11/2023 04:11;CD-130;4- Híbrido (Fulfillment);Mossoró;RN;28/11/2023 06:11;CD-062;5- Last Mile Hub;Rio Verde;GO;50:00;5;15.033
647;14/10/2023 14:41;CD-250;4- Híbrido (Fulfillment);Piracicaba;SP;16/10/2023 00:41;CD-206;5- Last Mile Hub;Lagarto;SE;34:00;3;8.981
648;16/06/2022 13:19;CD-068;4- Híbrido (Fulfillment);Imperatriz;MA;18/06/2022 04:19;CD-230;2- Cross-Docking sem ASM;Ananindeua;PA;39:00;4;12.169
649;28/07/2022 09:38;CD-134;4- Híbrido (Fulfillment);Palmeira dos Índios;AL;30/07/2022 12:38;CD-223;2- Cross-Docking sem ASM;Osasco;SP;51:00;2;6.273
650;07/11/2022 02:00;CD-007;2- Cross-Docking sem ASM;São José dos Campos;SP;08/11/2022 02:00;CD-141;5- Last Mile Hub;Gurupi;TO;24:00;2;5.901
651;10/05/2022 15:54;CD-191;3- Cross-Docking com ASM;Rio de Janeiro;RJ;11/05/2022 22:54;CD-218;4- Híbrido (Fulfillment);Uberlândia;MG;31:00;3;9.230
652;05/07/2023 10:53;CD-122;2- Cross-Docking sem ASM;Ji-Paraná;RO;05/07/2023 14:53;CD-100;5- Last Mile Hub;Ariquemes;RO;04:00;1;3.041
653;20/03/2023 03:19;CD-138;3- Cross-Docking com ASM;Boa Vista;RR;22/03/2023 04:19;CD-054;4- Híbrido (Fulfillment);Recife;PE;49:00;2;6.169
654;04/04/2025 02:20;CD-020;1- First Mile Hub;Belford Roxo;RJ;05/04/2025 11:20;CD-068;4- Híbrido (Fulfillment);Imperatriz;MA;33:00;1;3.244
655;17/04/2024 14:16;CD-208;2- Cross-Docking sem ASM;Blumenau;SC;17/04/2024 20:16;CD-235;3- Cross-Docking com ASM;Florianópolis;SC;06:00;2;5.843
656;07/06/2022 15:56;CD-075;1- First Mile Hub;Serra;ES;08/06/2022 23:56;CD-138;3- Cross-Docking com ASM;Boa Vista;RR;32:00;1;2.794
657;03/04/2025 23:13;CD-010;1- First Mile Hub;Santos;SP;05/04/2025 20:13;CD-097;4- Híbrido (Fulfillment);Três Lagoas;MS;45:00;5;15.594
658;24/01/2023 12:37;CD-181;1- First Mile Hub;Caucaia;CE;26/01/2023 11:37;CD-117;2- Cross-Docking sem ASM;Cascavel;PR;47:00;1;3.029
659;23/05/2024 03:38;CD-090;1- First Mile Hub;Nossa Senhora do Socorro;SE;25/05/2024 03:38;CD-214;3- Cross-Docking com ASM;Maceió;AL;48:00;5;15.246
660;03/05/2025 22:32;CD-142;2- Cross-Docking sem ASM;Nossa Senhora do Socorro;SE;05/05/2025 10:32;CD-238;3- Cross-Docking com ASM;Santarém;PA;36:00;5;15.968
661;04/09/2023 16:30;CD-105;1- First Mile Hub;Cruzeiro do Sul;AC;07/09/2023 02:30;CD-032;4- Híbrido (Fulfillment);Feira de Santana;BA;58:00;5;15.246
662;08/03/2025 09:02;CD-221;1- First Mile Hub;Campina Grande;PB;09/03/2025 05:02;CD-015;2- Cross-Docking sem ASM;Rio de Janeiro;RJ;20:00;1;2.908
663;14/10/2023 08:05;CD-234;3- Cross-Docking com ASM;Santo André;SP;16/10/2023 09:05;CD-097;4- Híbrido (Fulfillment);Três Lagoas;MS;49:00;3;9.209
664;23/05/2023 13:26;CD-252;4- Híbrido (Fulfillment);Caracaraí;RR;25/05/2023 21:26;CD-261;5- Last Mile Hub;Manaus;AM;56:00;3;8.929
665;18/05/2024 00:53;CD-204;3- Cross-Docking com ASM;Caucaia;CE;19/05/2024 08:53;CD-260;2- Cross-Docking sem ASM;Timon;MA;32:00;2;5.850
666;14/04/2025 15:46;CD-193;2- Cross-Docking sem ASM;Serra;ES;15/04/2025 11:46;CD-003;4- Híbrido (Fulfillment);Campinas;SP;20:00;2;5.968
667;17/08/2024 12:58;CD-248;2- Cross-Docking sem ASM;Gurupi;TO;19/08/2024 12:58;CD-180;3- Cross-Docking com ASM;Rio de Janeiro;RJ;48:00;2;5.705
668;08/03/2024 18:57;CD-179;4- Híbrido (Fulfillment);Belém;PA;11/03/2024 01:57;CD-128;2- Cross-Docking sem ASM;Mauá;SP;55:00;4;12.244
669;06/09/2023 17:34;CD-239;1- First Mile Hub;Fortaleza;CE;08/09/2023 14:34;CD-183;3- Cross-Docking com ASM;Jaboatão dos Guararapes;PE;45:00;5;15.358
670;07/10/2025 03:10;CD-059;2- Cross-Docking sem ASM;Goiânia;GO;09/10/2025 01:10;CD-099;3- Cross-Docking com ASM;Ji-Paraná;RO;46:00;4;11.620
671;26/02/2024 04:58;CD-161;1- First Mile Hub;Duque de Caxias;RJ;26/02/2024 16:58;CD-178;4- Híbrido (Fulfillment);Timon;MA;12:00;5;15.716
672;16/04/2024 21:25;CD-015;2- Cross-Docking sem ASM;Rio de Janeiro;RJ;17/04/2024 20:25;CD-109;4- Híbrido (Fulfillment);Caracaraí;RR;23:00;3;9.825
673;14/09/2024 09:19;CD-252;4- Híbrido (Fulfillment);Caracaraí;RR;15/09/2024 05:19;CD-157;2- Cross-Docking sem ASM;Canoas;RS;20:00;4;11.725
674;13/03/2025 01:43;CD-075;1- First Mile Hub;Serra;ES;13/03/2025 17:43;CD-058;2- Cross-Docking sem ASM;Petrolina;PE;16:00;5;15.067
675;01/06/2023 07:49;CD-105;1- First Mile Hub;Cruzeiro do Sul;AC;03/06/2023 13:49;CD-122;2- Cross-Docking sem ASM;Ji-Paraná;RO;54:00;1;3.274
676;10/03/2022 19:25;CD-007;2- Cross-Docking sem ASM;São José dos Campos;SP;13/03/2022 02:25;CD-156;4- Híbrido (Fulfillment);Várzea Grande;MT;55:00;3;9.473
677;18/07/2024 18:49;CD-030;4- Híbrido (Fulfillment);Uberaba;MG;19/07/2024 23:49;CD-096;5- Last Mile Hub;Dourados;MS;29:00;1;3.031
678;03/11/2025 13:37;CD-164;1- First Mile Hub;Belém;PA;05/11/2025 14:37;CD-229;2- Cross-Docking sem ASM;Arapiraca;AL;49:00;5;14.978
679;12/06/2024 15:52;CD-219;4- Híbrido (Fulfillment);Rio Verde;GO;13/06/2024 03:52;CD-133;3- Cross-Docking com ASM;Rio de Janeiro;RJ;12:00;5;14.913
680;14/11/2024 00:38;CD-167;2- Cross-Docking sem ASM;São Gonçalo;RJ;15/11/2024 14:38;CD-245;3- Cross-Docking com ASM;Gurupi;TO;38:00;2;6.243
681;19/01/2025 22:12;CD-079;1- First Mile Hub;Parnamirim;RN;21/01/2025 02:12;CD-093;3- Cross-Docking com ASM;Várzea Grande;MT;28:00;4;11.648
682;19/02/2025 12:10;CD-227;2- Cross-Docking sem ASM;Aparecida de Goiânia;GO;21/02/2025 00:10;CD-108;4- Híbrido (Fulfillment);Rorainópolis;RR;36:00;4;12.673
683;21/09/2024 10:02;CD-143;2- Cross-Docking sem ASM;Maceió;AL;22/09/2024 02:02;CD-238;3- Cross-Docking com ASM;Santarém;PA;16:00;4;11.831
684;03/01/2023 19:57;CD-225;1- First Mile Hub;São Paulo;SP;04/01/2023 11:57;CD-066;4- Híbrido (Fulfillment);Marabá;PA;16:00;2;6.275
685;17/04/2022 10:55;CD-110;1- First Mile Hub;Palmas;TO;18/04/2022 03:55;CD-093;3- Cross-Docking com ASM;Várzea Grande;MT;17:00;3;9.261
686;10/03/2024 22:21;CD-018;4- Híbrido (Fulfillment);Nova Iguaçu;RJ;12/03/2024 02:21;CD-206;5- Last Mile Hub;Lagarto;SE;28:00;3;8.837
687;24/10/2024 14:49;CD-153;1- First Mile Hub;Guarulhos;SP;25/10/2024 05:49;CD-172;3- Cross-Docking com ASM;Porto Velho;RO;15:00;1;3.075
688;15/10/2023 07:52;CD-073;4- Híbrido (Fulfillment);Vitória;ES;17/10/2023 14:52;CD-064;2- Cross-Docking sem ASM;Ananindeua;PA;55:00;4;12.547
689;14/05/2023 12:25;CD-020;1- First Mile Hub;Belford Roxo;RJ;15/05/2023 23:25;CD-214;3- Cross-Docking com ASM;Maceió;AL;35:00;1;3.122
690;24/11/2025 00:32;CD-217;4- Híbrido (Fulfillment);Niterói;RJ;24/11/2025 19:32;CD-177;3- Cross-Docking com ASM;Canoas;RS;19:00;3;8.959
691;11/07/2025 19:55;CD-093;3- Cross-Docking com ASM;Várzea Grande;MT;13/07/2025 00:55;CD-042;2- Cross-Docking sem ASM;Caxias do Sul;RS;29:00;2;6.585
692;27/02/2025 17:05;CD-250;4- Híbrido (Fulfillment);Piracicaba;SP;28/02/2025 16:05;CD-112;5- Last Mile Hub;Gurupi;TO;23:00;5;15.432
693;24/02/2025 23:26;CD-216;4- Híbrido (Fulfillment);Itacoatiara;AM;27/02/2025 12:26;CD-241;2- Cross-Docking sem ASM;Ariquemes;RO;61:00;4;12.166
694;10/08/2023 13:18;CD-060;1- First Mile Hub;Aparecida de Goiânia;GO;11/08/2023 07:18;CD-177;3- Cross-Docking com ASM;Canoas;RS;18:00;5;15.681
695;07/01/2022 23:12;CD-187;1- First Mile Hub;Timon;MA;10/01/2022 11:12;CD-244;4- Híbrido (Fulfillment);Araguaína;TO;60:00;3;9.459
696;12/12/2025 07:12;CD-228;1- First Mile Hub;Natal;RN;13/12/2025 06:12;CD-004;4- Híbrido (Fulfillment);São Bernardo do Campo;SP;23:00;4;12.087
697;11/06/2023 07:17;CD-158;3- Cross-Docking com ASM;Ji-Paraná;RO;13/06/2023 00:17;CD-197;4- Híbrido (Fulfillment);Santana;AP;41:00;4;12.317
698;21/07/2025 19:28;CD-165;4- Híbrido (Fulfillment);Palmeira dos Índios;AL;23/07/2025 23:28;CD-058;2- Cross-Docking sem ASM;Petrolina;PE;52:00;1;2.835
699;06/08/2025 16:13;CD-178;4- Híbrido (Fulfillment);Timon;MA;07/08/2025 23:13;CD-263;5- Last Mile Hub;Piracicaba;SP;31:00;2;5.817
700;18/05/2023 14:14;CD-056;4- Híbrido (Fulfillment);Olinda;PE;20/05/2023 12:14;CD-172;3- Cross-Docking com ASM;Porto Velho;RO;46:00;2;6.358
701;24/02/2024 07:22;CD-154;2- Cross-Docking sem ASM;Maringá;PR;24/02/2024 23:22;CD-160;3- Cross-Docking com ASM;Vitória da Conquista;BA;16:00;4;12.071
702;13/12/2023 16:02;CD-234;3- Cross-Docking com ASM;Santo André;SP;15/12/2023 00:02;CD-028;5- Last Mile Hub;Montes Claros;MG;32:00;4;12.585
703;25/04/2022 04:12;CD-182;3- Cross-Docking com ASM;Cruzeiro do Sul;AC;25/04/2022 20:12;CD-128;2- Cross-Docking sem ASM;Mauá;SP;16:00;2;6.510
704;20/03/2025 08:20;CD-231;3- Cross-Docking com ASM;São José dos Campos;SP;22/03/2025 10:20;CD-034;4- Híbrido (Fulfillment);Camaçari;BA;50:00;4;12.408
705;01/12/2024 01:19;CD-155;1- First Mile Hub;Guarulhos;SP;03/12/2024 07:19;CD-032;4- Híbrido (Fulfillment);Feira de Santana;BA;54:00;1;3.261
706;26/11/2024 05:24;CD-070;1- First Mile Hub;Manaus;AM;28/11/2024 15:24;CD-202;3- Cross-Docking com ASM;Araguaína;TO;58:00;5;15.911
707;19/10/2022 20:53;CD-244;4- Híbrido (Fulfillment);Araguaína;TO;20/10/2022 14:53;CD-231;3- Cross-Docking com ASM;São José dos Campos;SP;18:00;3;9.445
708;25/06/2025 17:00;CD-067;1- First Mile Hub;São Luís;MA;26/06/2025 08:00;CD-002;2- Cross-Docking sem ASM;Guarulhos;SP;15:00;5;15.444
709;12/01/2024 23:59;CD-179;4- Híbrido (Fulfillment);Belém;PA;13/01/2024 09:59;CD-152;2- Cross-Docking sem ASM;Palmeira dos Índios;AL;10:00;1;3.209
710;08/08/2025 03:28;CD-124;2- Cross-Docking sem ASM;Recife;PE;09/08/2025 17:28;CD-245;3- Cross-Docking com ASM;Gurupi;TO;38:00;3;9.460
711;18/07/2025 13:23;CD-243;2- Cross-Docking sem ASM;Natal;RN;20/07/2025 06:23;CD-037;3- Cross-Docking com ASM;Londrina;PR;41:00;5;14.805
712;17/10/2025 14:12;CD-014;4- Híbrido (Fulfillment);Piracicaba;SP;19/10/2025 18:12;CD-069;5- Last Mile Hub;Timon;MA;52:00;4;12.259
713;02/05/2024 17:32;CD-162;4- Híbrido (Fulfillment);Ariquemes;RO;03/05/2024 17:32;CD-229;2- Cross-Docking sem ASM;Arapiraca;AL;24:00;4;12.716
714;07/08/2025 03:15;CD-214;3- Cross-Docking com ASM;Maceió;AL;08/08/2025 23:15;CD-176;5- Last Mile Hub;Brasília;DF;44:00;5;15.137
715;19/03/2024 06:17;CD-087;1- First Mile Hub;Arapiraca;AL;21/03/2024 14:17;CD-036;4- Híbrido (Fulfillment);Curitiba;PR;56:00;4;12.877
716;22/02/2024 00:05;CD-086;1- First Mile Hub;Maceió;AL;22/02/2024 23:05;CD-016;2- Cross-Docking sem ASM;São Gonçalo;RJ;23:00;5;15.382
717;04/06/2025 01:52;CD-038;4- Híbrido (Fulfillment);Maringá;PR;05/06/2025 05:52;CD-183;3- Cross-Docking com ASM;Jaboatão dos Guararapes;PE;28:00;1;3.336
718;19/02/2025 04:53;CD-134;4- Híbrido (Fulfillment);Palmeira dos Índios;AL;21/02/2025 16:53;CD-234;3- Cross-Docking com ASM;Santo André;SP;60:00;3;8.984
719;10/10/2022 04:42;CD-097;4- Híbrido (Fulfillment);Três Lagoas;MS;12/10/2022 04:42;CD-189;5- Last Mile Hub;Santos;SP;48:00;4;12.405
720;20/10/2023 13:06;CD-043;3- Cross-Docking com ASM;Canoas;RS;21/10/2023 16:06;CD-026;4- Híbrido (Fulfillment);Juiz de Fora;MG;27:00;5;15.376
721;26/12/2025 08:13;CD-160;3- Cross-Docking com ASM;Vitória da Conquista;BA;27/12/2025 04:13;CD-143;2- Cross-Docking sem ASM;Maceió;AL;20:00;1;2.889
722;19/02/2022 19:34;CD-046;1- First Mile Hub;Florianópolis;SC;21/02/2022 10:34;CD-247;4- Híbrido (Fulfillment);Aracaju;SE;39:00;1;2.979
723;10/03/2023 03:36;CD-115;1- First Mile Hub;Ananindeua;PA;10/03/2023 23:36;CD-053;4- Híbrido (Fulfillment);Maracanaú;CE;20:00;1;3.124
724;20/12/2025 21:40;CD-160;3- Cross-Docking com ASM;Vitória da Conquista;BA;21/12/2025 16:40;CD-088;2- Cross-Docking sem ASM;Palmeira dos Índios;AL;19:00;3;9.381
725;13/06/2022 18:09;CD-032;4- Híbrido (Fulfillment);Feira de Santana;BA;15/06/2022 11:09;CD-238;3- Cross-Docking com ASM;Santarém;PA;41:00;3;9.447
726;16/08/2025 08:15;CD-064;2- Cross-Docking sem ASM;Ananindeua;PA;18/08/2025 13:15;CD-093;3- Cross-Docking com ASM;Várzea Grande;MT;53:00;5;15.832
727;04/08/2024 01:27;CD-228;1- First Mile Hub;Natal;RN;05/08/2024 15:27;CD-109;4- Híbrido (Fulfillment);Caracaraí;RR;38:00;5;15.087
728;04/01/2024 19:20;CD-110;1- First Mile Hub;Palmas;TO;07/01/2024 10:20;CD-166;4- Híbrido (Fulfillment);São Luís;MA;63:00;2;6.211
729;11/06/2023 07:32;CD-111;2- Cross-Docking sem ASM;Araguaína;TO;13/06/2023 22:32;CD-247;4- Híbrido (Fulfillment);Aracaju;SE;63:00;4;11.994
730;05/07/2024 21:14;CD-222;4- Híbrido (Fulfillment);Porto Velho;RO;08/07/2024 12:14;CD-033;3- Cross-Docking com ASM;Vitória da Conquista;BA;63:00;1;3.029
731;17/04/2023 18:01;CD-107;1- First Mile Hub;Boa Vista;RR;20/04/2023 09:01;CD-166;4- Híbrido (Fulfillment);São Luís;MA;63:00;2;6.114
732;05/06/2025 08:20;CD-044;4- Híbrido (Fulfillment);Pelotas;RS;06/06/2025 02:20;CD-230;2- Cross-Docking sem ASM;Ananindeua;PA;18:00;1;2.784
733;09/01/2025 14:05;CD-219;4- Híbrido (Fulfillment);Rio Verde;GO;11/01/2025 11:05;CD-042;2- Cross-Docking sem ASM;Caxias do Sul;RS;45:00;2;6.274
734;14/08/2024 14:32;CD-064;2- Cross-Docking sem ASM;Ananindeua;PA;15/08/2024 11:32;CD-196;5- Last Mile Hub;Joinville;SC;21:00;2;6.004
735;15/09/2025 18:18;CD-203;1- First Mile Hub;Marabá;PA;17/09/2025 09:18;CD-201;2- Cross-Docking sem ASM;Nossa Senhora do Socorro;SE;39:00;1;2.902
736;04/10/2025 11:17;CD-166;4- Híbrido (Fulfillment);São Luís;MA;06/10/2025 04:17;CD-059;2- Cross-Docking sem ASM;Goiânia;GO;41:00;1;2.950
737;19/10/2022 00:23;CD-115;1- First Mile Hub;Ananindeua;PA;20/10/2022 08:23;CD-140;2- Cross-Docking sem ASM;Picos;PI;32:00;5;14.378
738;23/10/2022 23:53;CD-197;4- Híbrido (Fulfillment);Santana;AP;24/10/2022 21:53;CD-184;3- Cross-Docking com ASM;Araguaína;TO;22:00;5;15.488
739;04/10/2023 05:09;CD-207;4- Híbrido (Fulfillment);Rio Branco;AC;05/10/2023 18:09;CD-098;5- Last Mile Hub;Porto Velho;RO;37:00;5;15.315
740;18/06/2023 22:23;CD-155;1- First Mile Hub;Guarulhos;SP;21/06/2023 10:23;CD-262;4- Híbrido (Fulfillment);Betim;MG;60:00;4;12.738
741;08/06/2024 14:15;CD-197;4- Híbrido (Fulfillment);Santana;AP;10/06/2024 16:15;CD-023;5- Last Mile Hub;Belo Horizonte;MG;50:00;3;8.927
742;12/06/2025 08:55;CD-220;1- First Mile Hub;Curitiba;PR;13/06/2025 10:55;CD-059;2- Cross-Docking sem ASM;Goiânia;GO;26:00;2;6.569
743;03/07/2024 20:12;CD-133;3- Cross-Docking com ASM;Rio de Janeiro;RJ;05/07/2024 00:12;CD-117;2- Cross-Docking sem ASM;Cascavel;PR;28:00;4;11.875
744;19/08/2024 14:32;CD-177;3- Cross-Docking com ASM;Canoas;RS;21/08/2024 02:32;CD-018;4- Híbrido (Fulfillment);Nova Iguaçu;RJ;36:00;4;12.660
745;25/07/2023 23:56;CD-199;2- Cross-Docking sem ASM;Várzea Grande;MT;26/07/2023 11:56;CD-238;3- Cross-Docking com ASM;Santarém;PA;12:00;4;12.648
746;27/01/2024 21:45;CD-223;2- Cross-Docking sem ASM;Osasco;SP;30/01/2024 08:45;CD-177;3- Cross-Docking com ASM;Canoas;RS;59:00;2;6.315
747;19/01/2024 16:08;CD-193;2- Cross-Docking sem ASM;Serra;ES;21/01/2024 14:08;CD-001;5- Last Mile Hub;São Paulo;SP;46:00;2;5.600
748;10/12/2025 11:35;CD-135;2- Cross-Docking sem ASM;Arapiraca;AL;11/12/2025 22:35;CD-034;4- Híbrido (Fulfillment);Camaçari;BA;35:00;5;14.935
749;25/04/2022 05:26;CD-097;4- Híbrido (Fulfillment);Três Lagoas;MS;26/04/2022 18:26;CD-002;2- Cross-Docking sem ASM;Guarulhos;SP;37:00;4;12.415
750;22/12/2024 18:39;CD-123;2- Cross-Docking sem ASM;Goiânia;GO;23/12/2024 04:39;CD-093;3- Cross-Docking com ASM;Várzea Grande;MT;10:00;4;12.495
751;24/01/2023 02:45;CD-250;4- Híbrido (Fulfillment);Piracicaba;SP;25/01/2023 03:45;CD-116;5- Last Mile Hub;Fortaleza;CE;25:00;2;6.204
752;07/09/2025 10:46;CD-054;4- Híbrido (Fulfillment);Recife;PE;08/09/2025 02:46;CD-154;2- Cross-Docking sem ASM;Maringá;PR;16:00;3;9.880
753;15/05/2022 11:02;CD-140;2- Cross-Docking sem ASM;Picos;PI;16/05/2022 10:02;CD-068;4- Híbrido (Fulfillment);Imperatriz;MA;23:00;3;9.312
754;19/01/2024 02:08;CD-183;3- Cross-Docking com ASM;Jaboatão dos Guararapes;PE;21/01/2024 06:08;CD-206;5- Last Mile Hub;Lagarto;SE;52:00;3;9.321
755;19/02/2024 16:49;CD-142;2- Cross-Docking sem ASM;Nossa Senhora do Socorro;SE;20/02/2024 21:49;CD-182;3- Cross-Docking com ASM;Cruzeiro do Sul;AC;29:00;5;15.692
756;13/10/2024 17:25;CD-034;4- Híbrido (Fulfillment);Camaçari;BA;14/10/2024 03:25;CD-201;2- Cross-Docking sem ASM;Nossa Senhora do Socorro;SE;10:00;5;14.745
757;14/04/2025 01:39;CD-124;2- Cross-Docking sem ASM;Recife;PE;15/04/2025 13:39;CD-175;3- Cross-Docking com ASM;Palmeira dos Índios;AL;36:00;1;2.789
758;07/02/2023 02:03;CD-155;1- First Mile Hub;Guarulhos;SP;07/02/2023 16:03;CD-180;3- Cross-Docking com ASM;Rio de Janeiro;RJ;14:00;5;14.984
759;05/09/2025 04:58;CD-050;4- Híbrido (Fulfillment);Fortaleza;CE;06/09/2025 21:58;CD-123;2- Cross-Docking sem ASM;Goiânia;GO;41:00;5;15.204
760;17/10/2024 01:53;CD-220;1- First Mile Hub;Curitiba;PR;18/10/2024 22:53;CD-242;3- Cross-Docking com ASM;Serra;ES;45:00;5;15.272
761;18/02/2023 01:24;CD-229;2- Cross-Docking sem ASM;Arapiraca;AL;18/02/2023 15:24;CD-003;4- Híbrido (Fulfillment);Campinas;SP;14:00;4;12.453
762;21/12/2023 22:57;CD-221;1- First Mile Hub;Campina Grande;PB;23/12/2023 00:57;CD-050;4- Híbrido (Fulfillment);Fortaleza;CE;26:00;4;12.249
763;13/04/2023 00:23;CD-073;4- Híbrido (Fulfillment);Vitória;ES;14/04/2023 17:23;CD-201;2- Cross-Docking sem ASM;Nossa Senhora do Socorro;SE;41:00;1;3.010
764;12/03/2024 00:00;CD-178;4- Híbrido (Fulfillment);Timon;MA;14/03/2024 11:00;CD-224;3- Cross-Docking com ASM;Caucaia;CE;59:00;3;9.258
765;14/01/2023 17:53;CD-105;1- First Mile Hub;Cruzeiro do Sul;AC;16/01/2023 22:53;CD-117;2- Cross-Docking sem ASM;Cascavel;PR;53:00;3;8.995
766;19/01/2025 12:29;CD-043;3- Cross-Docking com ASM;Canoas;RS;20/01/2025 07:29;CD-141;5- Last Mile Hub;Gurupi;TO;19:00;5;14.930
767;23/11/2023 08:20;CD-202;3- Cross-Docking com ASM;Araguaína;TO;24/11/2023 00:20;CD-096;5- Last Mile Hub;Dourados;MS;16:00;2;6.315
768;26/11/2022 06:09;CD-192;1- First Mile Hub;Gurupi;TO;26/11/2022 11:09;CD-184;3- Cross-Docking com ASM;Araguaína;TO;05:00;5;15.078
769;02/02/2023 15:10;CD-043;3- Cross-Docking com ASM;Canoas;RS;03/02/2023 10:10;CD-152;2- Cross-Docking sem ASM;Palmeira dos Índios;AL;19:00;3;8.908
770;01/10/2023 23:03;CD-010;1- First Mile Hub;Santos;SP;02/10/2023 21:03;CD-097;4- Híbrido (Fulfillment);Três Lagoas;MS;22:00;2;6.177
771;11/06/2024 14:24;CD-003;4- Híbrido (Fulfillment);Campinas;SP;12/06/2024 11:24;CD-154;2- Cross-Docking sem ASM;Maringá;PR;21:00;1;3.053
772;12/11/2022 15:14;CD-111;2- Cross-Docking sem ASM;Araguaína;TO;12/11/2022 19:14;CD-245;3- Cross-Docking com ASM;Gurupi;TO;04:00;4;12.293
773;05/12/2025 05:40;CD-140;2- Cross-Docking sem ASM;Picos;PI;06/12/2025 23:40;CD-261;5- Last Mile Hub;Manaus;AM;42:00;4;11.993
774;17/09/2024 01:09;CD-130;4- Híbrido (Fulfillment);Mossoró;RN;19/09/2024 15:09;CD-157;2- Cross-Docking sem ASM;Canoas;RS;62:00;4;12.736
775;24/09/2023 11:25;CD-010;1- First Mile Hub;Santos;SP;25/09/2023 07:25;CD-179;4- Híbrido (Fulfillment);Belém;PA;20:00;3;9.121
776;22/10/2022 18:25;CD-216;4- Híbrido (Fulfillment);Itacoatiara;AM;24/10/2022 10:25;CD-106;5- Last Mile Hub;Sena Madureira;AC;40:00;5;14.603
777;18/06/2023 16:29;CD-107;1- First Mile Hub;Boa Vista;RR;19/06/2023 18:29;CD-131;3- Cross-Docking com ASM;Aracaju;SE;26:00;3;9.452
778;20/11/2023 04:03;CD-229;2- Cross-Docking sem ASM;Arapiraca;AL;22/11/2023 09:03;CD-093;3- Cross-Docking com ASM;Várzea Grande;MT;53:00;2;6.298
779;21/02/2023 04:37;CD-045;1- First Mile Hub;Santa Maria;RS;22/02/2023 01:37;CD-235;3- Cross-Docking com ASM;Florianópolis;SC;21:00;1;2.992
780;15/11/2023 06:00;CD-070;1- First Mile Hub;Manaus;AM;17/11/2023 15:00;CD-097;4- Híbrido (Fulfillment);Três Lagoas;MS;57:00;1;3.099
781;24/05/2023 07:41;CD-051;4- Híbrido (Fulfillment);Caucaia;CE;25/05/2023 13:41;CD-201;2- Cross-Docking sem ASM;Nossa Senhora do Socorro;SE;30:00;1;2.924
782;27/03/2025 19:26;CD-104;4- Híbrido (Fulfillment);Rio Branco;AC;28/03/2025 17:26;CD-146;5- Last Mile Hub;Maracanaú;CE;22:00;4;12.035
783;02/08/2023 16:52;CD-237;4- Híbrido (Fulfillment);Guarulhos;SP;03/08/2023 20:52;CD-163;2- Cross-Docking sem ASM;Canoas;RS;28:00;3;9.114
784;12/07/2023 05:12;CD-233;2- Cross-Docking sem ASM;Mogi das Cruzes;SP;12/07/2023 18:12;CD-204;3- Cross-Docking com ASM;Caucaia;CE;13:00;4;12.056
785;23/07/2022 16:09;CD-046;1- First Mile Hub;Florianópolis;SC;25/07/2022 21:09;CD-202;3- Cross-Docking com ASM;Araguaína;TO;53:00;1;3.100
786;08/10/2023 00:33;CD-055;4- Híbrido (Fulfillment);Jaboatão dos Guararapes;PE;08/10/2023 22:33;CD-116;5- Last Mile Hub;Fortaleza;CE;22:00;5;15.496
787;28/11/2025 05:54;CD-202;3- Cross-Docking com ASM;Araguaína;TO;28/11/2025 13:54;CD-141;5- Last Mile Hub;Gurupi;TO;08:00;1;3.218
788;16/02/2022 13:35;CD-006;2- Cross-Docking sem ASM;Osasco;SP;17/02/2022 23:35;CD-195;3- Cross-Docking com ASM;Ji-Paraná;RO;34:00;1;3.000
789;18/02/2022 11:32;CD-262;4- Híbrido (Fulfillment);Betim;MG;19/02/2022 11:32;CD-170;3- Cross-Docking com ASM;João Pessoa;PB;24:00;2;6.424
790;10/09/2022 16:14;CD-174;3- Cross-Docking com ASM;Caracaraí;RR;12/09/2022 14:14;CD-006;2- Cross-Docking sem ASM;Osasco;SP;46:00;3;9.196
791;08/03/2024 04:28;CD-152;2- Cross-Docking sem ASM;Palmeira dos Índios;AL;08/03/2024 22:28;CD-261;5- Last Mile Hub;Manaus;AM;18:00;2;6.415
792;28/05/2022 15:41;CD-009;2- Cross-Docking sem ASM;Sorocaba;SP;29/05/2022 15:41;CD-026;4- Híbrido (Fulfillment);Juiz de Fora;MG;24:00;3;9.055
793;05/03/2024 16:05;CD-217;4- Híbrido (Fulfillment);Niterói;RJ;07/03/2024 04:05;CD-236;3- Cross-Docking com ASM;Arapiraca;AL;36:00;3;9.454
794;06/02/2025 11:52;CD-187;1- First Mile Hub;Timon;MA;08/02/2025 02:52;CD-089;4- Híbrido (Fulfillment);Aracaju;SE;39:00;5;15.515
795;04/04/2025 23:29;CD-072;1- First Mile Hub;Itacoatiara;AM;05/04/2025 17:29;CD-255;3- Cross-Docking com ASM;Araguaína;TO;18:00;1;3.087
796;01/04/2024 21:10;CD-004;4- Híbrido (Fulfillment);São Bernardo do Campo;SP;04/04/2024 06:10;CD-177;3- Cross-Docking com ASM;Canoas;RS;57:00;4;12.511
797;22/05/2024 19:22;CD-066;4- Híbrido (Fulfillment);Marabá;PA;23/05/2024 12:22;CD-177;3- Cross-Docking com ASM;Canoas;RS;17:00;1;3.027
798;23/02/2025 18:03;CD-061;3- Cross-Docking com ASM;Anápolis;GO;25/02/2025 22:03;CD-207;4- Híbrido (Fulfillment);Rio Branco;AC;52:00;2;6.167
799;11/02/2023 02:50;CD-006;2- Cross-Docking sem ASM;Osasco;SP;11/02/2023 05:50;CD-263;5- Last Mile Hub;Piracicaba;SP;03:00;1;2.967
800;19/07/2025 12:21;CD-184;3- Cross-Docking com ASM;Araguaína;TO;21/07/2025 17:21;CD-009;2- Cross-Docking sem ASM;Sorocaba;SP;53:00;1;3.263
801;14/08/2025 10:21;CD-044;4- Híbrido (Fulfillment);Pelotas;RS;16/08/2025 02:21;CD-168;3- Cross-Docking com ASM;Salvador;BA;40:00;5;14.718
802;20/09/2022 01:26;CD-171;2- Cross-Docking sem ASM;Santa Rita;PB;21/09/2022 09:26;CD-132;3- Cross-Docking com ASM;Porto Velho;RO;32:00;1;3.045
803;27/09/2025 08:51;CD-126;1- First Mile Hub;Sorocaba;SP;28/09/2025 16:51;CD-180;3- Cross-Docking com ASM;Rio de Janeiro;RJ;32:00;2;6.030
804;05/01/2023 21:35;CD-218;4- Híbrido (Fulfillment);Uberlândia;MG;06/01/2023 19:35;CD-058;2- Cross-Docking sem ASM;Petrolina;PE;22:00;4;12.170
805;22/04/2024 02:19;CD-260;2- Cross-Docking sem ASM;Timon;MA;24/04/2024 05:19;CD-055;4- Híbrido (Fulfillment);Jaboatão dos Guararapes;PE;51:00;5;16.437
806;07/11/2022 07:41;CD-200;4- Híbrido (Fulfillment);Osasco;SP;07/11/2022 21:41;CD-022;3- Cross-Docking com ASM;São João de Meriti;RJ;14:00;4;12.575
807;20/11/2025 13:27;CD-125;1- First Mile Hub;Cascavel;PR;22/11/2025 05:27;CD-163;2- Cross-Docking sem ASM;Canoas;RS;40:00;4;12.759
808;14/01/2025 03:37;CD-161;1- First Mile Hub;Duque de Caxias;RJ;15/01/2025 10:37;CD-131;3- Cross-Docking com ASM;Aracaju;SE;31:00;2;5.888
809;24/12/2022 02:07;CD-037;3- Cross-Docking com ASM;Londrina;PR;25/12/2022 23:07;CD-027;2- Cross-Docking sem ASM;Betim;MG;45:00;2;6.182
810;28/12/2022 22:52;CD-034;4- Híbrido (Fulfillment);Camaçari;BA;30/12/2022 21:52;CD-027;2- Cross-Docking sem ASM;Betim;MG;47:00;4;12.541
811;03/07/2022 04:35;CD-250;4- Híbrido (Fulfillment);Piracicaba;SP;04/07/2022 21:35;CD-206;5- Last Mile Hub;Lagarto;SE;41:00;4;12.164
812;04/01/2022 09:13;CD-090;1- First Mile Hub;Nossa Senhora do Socorro;SE;05/01/2022 22:13;CD-234;3- Cross-Docking com ASM;Santo André;SP;37:00;2;6.491
813;18/11/2023 20:31;CD-051;4- Híbrido (Fulfillment);Caucaia;CE;20/11/2023 08:31;CD-263;5- Last Mile Hub;Piracicaba;SP;36:00;4;12.838
814;12/08/2024 13:17;CD-093;3- Cross-Docking com ASM;Várzea Grande;MT;14/08/2024 08:17;CD-142;2- Cross-Docking sem ASM;Nossa Senhora do Socorro;SE;43:00;3;8.998
815;04/05/2022 08:50;CD-203;1- First Mile Hub;Marabá;PA;04/05/2022 21:50;CD-223;2- Cross-Docking sem ASM;Osasco;SP;13:00;5;15.118
816;14/08/2023 20:48;CD-193;2- Cross-Docking sem ASM;Serra;ES;16/08/2023 22:48;CD-146;5- Last Mile Hub;Maracanaú;CE;50:00;5;15.666
817;19/08/2023 22:08;CD-136;1- First Mile Hub;Curitiba;PR;21/08/2023 06:08;CD-059;2- Cross-Docking sem ASM;Goiânia;GO;32:00;3;9.124
818;08/11/2022 07:35;CD-053;4- Híbrido (Fulfillment);Maracanaú;CE;09/11/2022 16:35;CD-028;5- Last Mile Hub;Montes Claros;MG;33:00;5;15.148
819;06/05/2025 20:12;CD-025;2- Cross-Docking sem ASM;Contagem;MG;09/05/2025 10:12;CD-099;3- Cross-Docking com ASM;Ji-Paraná;RO;62:00;2;6.238
820;02/11/2025 15:37;CD-187;1- First Mile Hub;Timon;MA;04/11/2025 18:37;CD-104;4- Híbrido (Fulfillment);Rio Branco;AC;51:00;4;12.308
821;27/01/2022 21:59;CD-074;2- Cross-Docking sem ASM;Vila Velha;ES;28/01/2022 21:59;CD-092;5- Last Mile Hub;Cuiabá;MT;24:00;1;3.036
822;12/11/2024 07:06;CD-006;2- Cross-Docking sem ASM;Osasco;SP;14/11/2024 09:06;CD-259;5- Last Mile Hub;São Luís;MA;50:00;3;9.351
823;10/02/2022 04:47;CD-137;2- Cross-Docking sem ASM;Dourados;MS;12/02/2022 02:47;CD-172;3- Cross-Docking com ASM;Porto Velho;RO;46:00;3;8.976
824;15/10/2024 03:27;CD-208;2- Cross-Docking sem ASM;Blumenau;SC;17/10/2024 15:27;CD-093;3- Cross-Docking com ASM;Várzea Grande;MT;60:00;2;6.141
825;21/10/2023 05:36;CD-239;1- First Mile Hub;Fortaleza;CE;22/10/2023 00:36;CD-003;4- Híbrido (Fulfillment);Campinas;SP;19:00;5;14.771
826;23/11/2023 11:33;CD-075;1- First Mile Hub;Serra;ES;25/11/2023 02:33;CD-016;2- Cross-Docking sem ASM;São Gonçalo;RJ;39:00;5;15.312
827;25/06/2023 16:31;CD-165;4- Híbrido (Fulfillment);Palmeira dos Índios;AL;27/06/2023 09:31;CD-189;5- Last Mile Hub;Santos;SP;41:00;2;5.949
828;16/05/2023 11:35;CD-054;4- Híbrido (Fulfillment);Recife;PE;16/05/2023 21:35;CD-047;3- Cross-Docking com ASM;Joinville;SC;10:00;1;2.974
829;12/07/2023 18:16;CD-219;4- Híbrido (Fulfillment);Rio Verde;GO;14/07/2023 11:16;CD-019;5- Last Mile Hub;Niterói;RJ;41:00;2;6.191
830;03/07/2023 21:50;CD-143;2- Cross-Docking sem ASM;Maceió;AL;06/07/2023 05:50;CD-250;4- Híbrido (Fulfillment);Piracicaba;SP;56:00;3;9.504
831;05/09/2024 04:37;CD-003;4- Híbrido (Fulfillment);Campinas;SP;06/09/2024 17:37;CD-235;3- Cross-Docking com ASM;Florianópolis;SC;37:00;2;6.088
832;25/08/2024 20:53;CD-149;1- First Mile Hub;Maracanaú;CE;26/08/2024 12:53;CD-217;4- Híbrido (Fulfillment);Niterói;RJ;16:00;2;5.852
833;01/06/2022 03:10;CD-235;3- Cross-Docking com ASM;Florianópolis;SC;02/06/2022 16:10;CD-080;5- Last Mile Hub;João Pessoa;PB;37:00;1;3.097
834;21/07/2023 02:10;CD-233;2- Cross-Docking sem ASM;Mogi das Cruzes;SP;23/07/2023 10:10;CD-033;3- Cross-Docking com ASM;Vitória da Conquista;BA;56:00;4;11.924
835;03/03/2023 19:06;CD-014;4- Híbrido (Fulfillment);Piracicaba;SP;05/03/2023 20:06;CD-069;5- Last Mile Hub;Timon;MA;49:00;3;9.906
836;18/05/2022 05:55;CD-233;2- Cross-Docking sem ASM;Mogi das Cruzes;SP;18/05/2022 15:55;CD-084;5- Last Mile Hub;Parnaíba;PI;10:00;2;6.009
837;18/10/2022 07:14;CD-129;2- Cross-Docking sem ASM;Uberlândia;MG;19/10/2022 11:14;CD-255;3- Cross-Docking com ASM;Araguaína;TO;28:00;2;6.120
838;25/02/2025 13:56;CD-232;3- Cross-Docking com ASM;Macapá;AP;27/02/2025 20:56;CD-142;2- Cross-Docking sem ASM;Nossa Senhora do Socorro;SE;55:00;2;6.258
839;20/03/2023 05:35;CD-105;1- First Mile Hub;Cruzeiro do Sul;AC;20/03/2023 19:35;CD-264;4- Híbrido (Fulfillment);São José dos Campos;SP;14:00;3;9.282
840;10/01/2024 13:53;CD-166;4- Híbrido (Fulfillment);São Luís;MA;11/01/2024 10:53;CD-084;5- Last Mile Hub;Parnaíba;PI;21:00;1;2.982
841;22/01/2024 00:07;CD-262;4- Híbrido (Fulfillment);Betim;MG;23/01/2024 03:07;CD-226;3- Cross-Docking com ASM;Niterói;RJ;27:00;3;9.186
842;23/06/2025 03:46;CD-187;1- First Mile Hub;Timon;MA;25/06/2025 11:46;CD-248;2- Cross-Docking sem ASM;Gurupi;TO;56:00;1;3.054
843;13/11/2023 15:08;CD-018;4- Híbrido (Fulfillment);Nova Iguaçu;RJ;14/11/2023 16:08;CD-175;3- Cross-Docking com ASM;Palmeira dos Índios;AL;25:00;4;12.228
844;11/12/2022 06:03;CD-186;1- First Mile Hub;Parnamirim;RN;12/12/2022 23:03;CD-061;3- Cross-Docking com ASM;Anápolis;GO;41:00;2;6.470
845;08/08/2022 16:55;CD-203;1- First Mile Hub;Marabá;PA;09/08/2022 18:55;CD-227;2- Cross-Docking sem ASM;Aparecida de Goiânia;GO;26:00;4;12.438
846;24/03/2022 09:22;CD-251;1- First Mile Hub;Sorocaba;SP;26/03/2022 23:22;CD-051;4- Híbrido (Fulfillment);Caucaia;CE;62:00;1;3.165
847;22/10/2025 16:55;CD-132;3- Cross-Docking com ASM;Porto Velho;RO;24/10/2025 10:55;CD-144;2- Cross-Docking sem ASM;João Pessoa;PB;42:00;1;3.114
848;08/11/2024 11:26;CD-260;2- Cross-Docking sem ASM;Timon;MA;10/11/2024 08:26;CD-134;4- Híbrido (Fulfillment);Palmeira dos Índios;AL;45:00;1;2.869
849;13/11/2025 16:42;CD-240;2- Cross-Docking sem ASM;Betim;MG;14/11/2025 06:42;CD-160;3- Cross-Docking com ASM;Vitória da Conquista;BA;14:00;3;9.000
850;24/09/2024 16:39;CD-234;3- Cross-Docking com ASM;Santo André;SP;26/09/2024 14:39;CD-112;5- Last Mile Hub;Gurupi;TO;46:00;3;9.239
851;01/08/2022 21:02;CD-212;2- Cross-Docking sem ASM;Anápolis;GO;02/08/2022 20:02;CD-188;5- Last Mile Hub;Guarulhos;SP;23:00;1;3.182
852;04/10/2023 05:23;CD-020;1- First Mile Hub;Belford Roxo;RJ;06/10/2023 20:23;CD-109;4- Híbrido (Fulfillment);Caracaraí;RR;63:00;5;15.698
853;25/07/2023 13:26;CD-158;3- Cross-Docking com ASM;Ji-Paraná;RO;26/07/2023 15:26;CD-029;5- Last Mile Hub;Ribeirão das Neves;MG;26:00;5;15.448
854;13/12/2023 11:20;CD-099;3- Cross-Docking com ASM;Ji-Paraná;RO;13/12/2023 17:20;CD-098;5- Last Mile Hub;Porto Velho;RO;06:00;4;12.191
855;17/03/2025 13:25;CD-046;1- First Mile Hub;Florianópolis;SC;19/03/2025 14:25;CD-026;4- Híbrido (Fulfillment);Juiz de Fora;MG;49:00;3;9.782
856;27/03/2025 02:33;CD-190;1- First Mile Hub;Campina Grande;PB;29/03/2025 03:33;CD-134;4- Híbrido (Fulfillment);Palmeira dos Índios;AL;49:00;5;15.562
857;14/07/2022 15:11;CD-083;3- Cross-Docking com ASM;Teresina;PI;15/07/2022 11:11;CD-154;2- Cross-Docking sem ASM;Maringá;PR;20:00;2;6.501
858;16/02/2023 10:34;CD-010;1- First Mile Hub;Santos;SP;16/02/2023 13:34;CD-013;3- Cross-Docking com ASM;Jundiaí;SP;03:00;1;3.017
859;19/05/2023 03:23;CD-011;4- Híbrido (Fulfillment);Mauá;SP;20/05/2023 09:23;CD-019;5- Last Mile Hub;Niterói;RJ;30:00;1;2.797
860;28/01/2023 14:07;CD-178;4- Híbrido (Fulfillment);Timon;MA;29/01/2023 19:07;CD-143;2- Cross-Docking sem ASM;Maceió;AL;29:00;4;12.211
861;16/05/2023 08:29;CD-136;1- First Mile Hub;Curitiba;PR;17/05/2023 04:29;CD-145;3- Cross-Docking com ASM;Belém;PA;20:00;4;12.688
862;20/02/2024 09:26;CD-237;4- Híbrido (Fulfillment);Guarulhos;SP;22/02/2024 15:26;CD-235;3- Cross-Docking com ASM;Florianópolis;SC;54:00;3;9.084
863;21/11/2025 15:12;CD-026;4- Híbrido (Fulfillment);Juiz de Fora;MG;22/11/2025 22:12;CD-253;2- Cross-Docking sem ASM;Petrolina;PE;31:00;1;3.068
864;06/06/2025 14:47;CD-063;4- Híbrido (Fulfillment);Belém;PA;09/06/2025 02:47;CD-135;2- Cross-Docking sem ASM;Arapiraca;AL;60:00;4;11.902
865;02/08/2024 15:11;CD-198;1- First Mile Hub;Arapiraca;AL;02/08/2024 21:11;CD-175;3- Cross-Docking com ASM;Palmeira dos Índios;AL;06:00;2;6.205
866;17/11/2022 02:25;CD-179;4- Híbrido (Fulfillment);Belém;PA;17/11/2022 16:25;CD-168;3- Cross-Docking com ASM;Salvador;BA;14:00;3;8.542
867;26/05/2023 17:47;CD-058;2- Cross-Docking sem ASM;Petrolina;PE;27/05/2023 08:47;CD-032;4- Híbrido (Fulfillment);Feira de Santana;BA;15:00;1;3.132
868;14/11/2025 22:19;CD-265;2- Cross-Docking sem ASM;Itabuna;BA;16/11/2025 02:19;CD-138;3- Cross-Docking com ASM;Boa Vista;RR;28:00;2;5.873
869;13/10/2022 15:13;CD-091;1- First Mile Hub;Lagarto;SE;14/10/2022 06:13;CD-154;2- Cross-Docking sem ASM;Maringá;PR;15:00;5;15.778
870;17/03/2025 23:33;CD-177;3- Cross-Docking com ASM;Canoas;RS;19/03/2025 02:33;CD-073;4- Híbrido (Fulfillment);Vitória;ES;27:00;2;6.263
871;24/08/2025 08:43;CD-007;2- Cross-Docking sem ASM;São José dos Campos;SP;24/08/2025 18:43;CD-078;3- Cross-Docking com ASM;Mossoró;RN;10:00;2;6.169
872;24/05/2023 20:46;CD-238;3- Cross-Docking com ASM;Santarém;PA;26/05/2023 01:46;CD-032;4- Híbrido (Fulfillment);Feira de Santana;BA;29:00;2;6.404
873;10/07/2024 16:35;CD-026;4- Híbrido (Fulfillment);Juiz de Fora;MG;12/07/2024 12:35;CD-131;3- Cross-Docking com ASM;Aracaju;SE;44:00;1;3.279
874;23/09/2022 08:37;CD-047;3- Cross-Docking com ASM;Joinville;SC;24/09/2022 13:37;CD-088;2- Cross-Docking sem ASM;Palmeira dos Índios;AL;29:00;2;6.324
875;12/09/2022 00:25;CD-165;4- Híbrido (Fulfillment);Palmeira dos Índios;AL;12/09/2022 17:25;CD-095;5- Last Mile Hub;Campo Grande;MS;17:00;1;2.803
876;04/09/2022 08:03;CD-066;4- Híbrido (Fulfillment);Marabá;PA;04/09/2022 18:03;CD-129;2- Cross-Docking sem ASM;Uberlândia;MG;10:00;3;9.074
877;08/11/2022 23:53;CD-255;3- Cross-Docking com ASM;Araguaína;TO;10/11/2022 00:53;CD-196;5- Last Mile Hub;Joinville;SC;25:00;2;6.184
878;25/09/2025 15:45;CD-224;3- Cross-Docking com ASM;Caucaia;CE;26/09/2025 15:45;CD-206;5- Last Mile Hub;Lagarto;SE;24:00;3;9.047
879;14/09/2025 10:36;CD-250;4- Híbrido (Fulfillment);Piracicaba;SP;16/09/2025 12:36;CD-043;3- Cross-Docking com ASM;Canoas;RS;50:00;4;12.652
880;07/06/2025 12:01;CD-010;1- First Mile Hub;Santos;SP;08/06/2025 03:01;CD-117;2- Cross-Docking sem ASM;Cascavel;PR;15:00;5;14.686
881;08/09/2025 11:30;CD-239;1- First Mile Hub;Fortaleza;CE;08/09/2025 13:30;CD-204;3- Cross-Docking com ASM;Caucaia;CE;02:00;5;15.183
882;06/09/2025 11:19;CD-222;4- Híbrido (Fulfillment);Porto Velho;RO;08/09/2025 09:19;CD-146;5- Last Mile Hub;Maracanaú;CE;46:00;3;9.296
883;15/01/2023 00:02;CD-149;1- First Mile Hub;Maracanaú;CE;16/01/2023 05:02;CD-064;2- Cross-Docking sem ASM;Ananindeua;PA;29:00;4;12.016
884;04/06/2022 06:25;CD-017;1- First Mile Hub;Duque de Caxias;RJ;05/06/2022 09:25;CD-004;4- Híbrido (Fulfillment);São Bernardo do Campo;SP;27:00;4;11.922
885;15/03/2022 06:05;CD-022;3- Cross-Docking com ASM;São João de Meriti;RJ;17/03/2022 02:05;CD-188;5- Last Mile Hub;Guarulhos;SP;44:00;4;11.816
886;16/01/2024 20:05;CD-060;1- First Mile Hub;Aparecida de Goiânia;GO;18/01/2024 09:05;CD-229;2- Cross-Docking sem ASM;Arapiraca;AL;37:00;5;16.101
887;14/02/2024 01:14;CD-056;4- Híbrido (Fulfillment);Olinda;PE;16/02/2024 12:14;CD-232;3- Cross-Docking com ASM;Macapá;AP;59:00;3;9.397
888;03/05/2025 19:36;CD-145;3- Cross-Docking com ASM;Belém;PA;04/05/2025 18:36;CD-147;2- Cross-Docking sem ASM;Blumenau;SC;23:00;3;9.493
889;25/04/2022 05:04;CD-166;4- Híbrido (Fulfillment);São Luís;MA;26/04/2022 21:04;CD-025;2- Cross-Docking sem ASM;Contagem;MG;40:00;1;3.191
890;22/03/2022 19:23;CD-104;4- Híbrido (Fulfillment);Rio Branco;AC;24/03/2022 03:23;CD-013;3- Cross-Docking com ASM;Jundiaí;SP;32:00;2;6.237
891;11/03/2024 17:48;CD-114;2- Cross-Docking sem ASM;Laranjal do Jari;AP;13/03/2024 23:48;CD-256;5- Last Mile Hub;Rio Branco;AC;54:00;5;15.735
892;25/06/2022 10:18;CD-231;3- Cross-Docking com ASM;São José dos Campos;SP;26/06/2022 20:18;CD-197;4- Híbrido (Fulfillment);Santana;AP;34:00;2;5.832
893;21/09/2024 21:37;CD-045;1- First Mile Hub;Santa Maria;RS;24/09/2024 03:37;CD-013;3- Cross-Docking com ASM;Jundiaí;SP;54:00;2;6.254
894;16/10/2024 05:06;CD-118;1- First Mile Hub;Brasília;DF;18/10/2024 15:06;CD-252;4- Híbrido (Fulfillment);Caracaraí;RR;58:00;5;15.896
895;27/02/2022 13:54;CD-157;2- Cross-Docking sem ASM;Canoas;RS;28/02/2022 08:54;CD-264;4- Híbrido (Fulfillment);São José dos Campos;SP;19:00;4;11.351
896;23/05/2024 19:36;CD-186;1- First Mile Hub;Parnamirim;RN;25/05/2024 21:36;CD-202;3- Cross-Docking com ASM;Araguaína;TO;50:00;2;6.099
897;10/01/2023 18:26;CD-168;3- Cross-Docking com ASM;Salvador;BA;11/01/2023 15:26;CD-222;4- Híbrido (Fulfillment);Porto Velho;RO;21:00;4;12.078
898;26/04/2024 07:07;CD-115;1- First Mile Hub;Ananindeua;PA;28/04/2024 08:07;CD-012;4- Híbrido (Fulfillment);Mogi das Cruzes;SP;49:00;1;3.191
899;03/02/2025 08:48;CD-144;2- Cross-Docking sem ASM;João Pessoa;PB;05/02/2025 02:48;CD-083;3- Cross-Docking com ASM;Teresina;PI;42:00;5;15.659
900;23/03/2023 15:53;CD-139;1- First Mile Hub;São Luís;MA;26/03/2023 03:53;CD-204;3- Cross-Docking com ASM;Caucaia;CE;60:00;3;9.240
901;01/01/2022 10:16;CD-067;1- First Mile Hub;São Luís;MA;03/01/2022 20:16;CD-063;4- Híbrido (Fulfillment);Belém;PA;58:00;3;8.918
902;28/07/2025 20:55;CD-220;1- First Mile Hub;Curitiba;PR;31/07/2025 09:55;CD-238;3- Cross-Docking com ASM;Santarém;PA;61:00;3;9.472
903;21/07/2022 04:17;CD-078;3- Cross-Docking com ASM;Mossoró;RN;22/07/2022 22:17;CD-261;5- Last Mile Hub;Manaus;AM;42:00;5;15.475
904;08/08/2025 14:03;CD-140;2- Cross-Docking sem ASM;Picos;PI;10/08/2025 07:03;CD-146;5- Last Mile Hub;Maracanaú;CE;41:00;5;14.992
905;25/07/2024 03:44;CD-216;4- Híbrido (Fulfillment);Itacoatiara;AM;26/07/2024 02:44;CD-061;3- Cross-Docking com ASM;Anápolis;GO;23:00;4;11.797
906;23/05/2022 16:22;CD-068;4- Híbrido (Fulfillment);Imperatriz;MA;24/05/2022 12:22;CD-140;2- Cross-Docking sem ASM;Picos;PI;20:00;2;5.866
907;23/11/2022 05:39;CD-262;4- Híbrido (Fulfillment);Betim;MG;25/11/2022 11:39;CD-039;5- Last Mile Hub;Ponta Grossa;PR;54:00;4;12.712
908;11/01/2024 03:38;CD-158;3- Cross-Docking com ASM;Ji-Paraná;RO;12/01/2024 04:38;CD-116;5- Last Mile Hub;Fortaleza;CE;25:00;3;9.627
909;23/05/2024 10:14;CD-046;1- First Mile Hub;Florianópolis;SC;25/05/2024 06:14;CD-246;3- Cross-Docking com ASM;Campo Grande;MS;44:00;1;2.990
910;04/05/2025 20:43;CD-113;4- Híbrido (Fulfillment);Brasília;DF;06/05/2025 11:43;CD-137;2- Cross-Docking sem ASM;Dourados;MS;39:00;5;15.978
911;04/01/2022 07:55;CD-051;4- Híbrido (Fulfillment);Caucaia;CE;06/01/2022 19:55;CD-163;2- Cross-Docking sem ASM;Canoas;RS;60:00;1;2.848
912;01/03/2024 19:45;CD-111;2- Cross-Docking sem ASM;Araguaína;TO;03/03/2024 15:45;CD-180;3- Cross-Docking com ASM;Rio de Janeiro;RJ;44:00;1;2.952
913;03/05/2023 03:05;CD-027;2- Cross-Docking sem ASM;Betim;MG;05/05/2023 17:05;CD-056;4- Híbrido (Fulfillment);Olinda;PE;62:00;2;5.512
914;10/09/2024 22:45;CD-136;1- First Mile Hub;Curitiba;PR;12/09/2024 23:45;CD-012;4- Híbrido (Fulfillment);Mogi das Cruzes;SP;49:00;1;3.038
915;05/10/2024 21:45;CD-123;2- Cross-Docking sem ASM;Goiânia;GO;06/10/2024 04:45;CD-061;3- Cross-Docking com ASM;Anápolis;GO;07:00;2;5.840
916;26/09/2023 04:50;CD-249;4- Híbrido (Fulfillment);Guarulhos;SP;27/09/2023 19:50;CD-096;5- Last Mile Hub;Dourados;MS;39:00;5;15.138
917;22/06/2025 11:46;CD-190;1- First Mile Hub;Campina Grande;PB;23/06/2025 02:46;CD-219;4- Híbrido (Fulfillment);Rio Verde;GO;15:00;1;3.125
918;16/02/2024 10:01;CD-076;4- Híbrido (Fulfillment);Cariacica;ES;18/02/2024 08:01;CD-005;5- Last Mile Hub;Santo André;SP;46:00;5;15.769
919;26/05/2025 02:08;CD-204;3- Cross-Docking com ASM;Caucaia;CE;26/05/2025 12:08;CD-123;2- Cross-Docking sem ASM;Goiânia;GO;10:00;3;9.177
920;20/04/2025 04:48;CD-120;2- Cross-Docking sem ASM;Maceió;AL;21/04/2025 11:48;CD-043;3- Cross-Docking com ASM;Canoas;RS;31:00;1;3.343
921;09/03/2025 23:33;CD-228;1- First Mile Hub;Natal;RN;12/03/2025 09:33;CD-108;4- Híbrido (Fulfillment);Rorainópolis;RR;58:00;5;15.276
922;23/09/2024 18:36;CD-042;2- Cross-Docking sem ASM;Caxias do Sul;RS;26/09/2024 02:36;CD-232;3- Cross-Docking com ASM;Macapá;AP;56:00;1;2.849
923;28/01/2023 09:06;CD-051;4- Híbrido (Fulfillment);Caucaia;CE;29/01/2023 03:06;CD-215;5- Last Mile Hub;Santo André;SP;18:00;3;9.209
924;18/02/2025 23:33;CD-043;3- Cross-Docking com ASM;Canoas;RS;21/02/2025 05:33;CD-252;4- Híbrido (Fulfillment);Caracaraí;RR;54:00;2;6.248
925;07/08/2023 06:26;CD-099;3- Cross-Docking com ASM;Ji-Paraná;RO;08/08/2023 01:26;CD-127;5- Last Mile Hub;Feira de Santana;BA;19:00;3;9.555
926;15/03/2024 02:22;CD-251;1- First Mile Hub;Sorocaba;SP;15/03/2024 06:22;CD-231;3- Cross-Docking com ASM;São José dos Campos;SP;04:00;1;2.938
927;07/09/2022 12:22;CD-255;3- Cross-Docking com ASM;Araguaína;TO;08/09/2022 12:22;CD-068;4- Híbrido (Fulfillment);Imperatriz;MA;24:00;1;3.096
928;25/07/2024 17:59;CD-151;1- First Mile Hub;Porto Velho;RO;26/07/2024 23:59;CD-015;2- Cross-Docking sem ASM;Rio de Janeiro;RJ;30:00;5;15.723
929;24/07/2024 18:05;CD-184;3- Cross-Docking com ASM;Araguaína;TO;26/07/2024 20:05;CD-015;2- Cross-Docking sem ASM;Rio de Janeiro;RJ;50:00;2;6.188
930;28/09/2023 02:42;CD-132;3- Cross-Docking com ASM;Porto Velho;RO;28/09/2023 18:42;CD-005;5- Last Mile Hub;Santo André;SP;16:00;4;12.720
931;10/10/2025 05:50;CD-090;1- First Mile Hub;Nossa Senhora do Socorro;SE;10/10/2025 23:50;CD-147;2- Cross-Docking sem ASM;Blumenau;SC;18:00;1;3.128
932;13/09/2025 06:32;CD-058;2- Cross-Docking sem ASM;Petrolina;PE;14/09/2025 15:32;CD-099;3- Cross-Docking com ASM;Ji-Paraná;RO;33:00;5;15.870
933;09/10/2025 11:05;CD-147;2- Cross-Docking sem ASM;Blumenau;SC;11/10/2025 09:05;CD-030;4- Híbrido (Fulfillment);Uberaba;MG;46:00;4;12.302
934;14/11/2024 14:51;CD-136;1- First Mile Hub;Curitiba;PR;17/11/2024 04:51;CD-242;3- Cross-Docking com ASM;Serra;ES;62:00;1;3.293
935;07/02/2024 07:22;CD-232;3- Cross-Docking com ASM;Macapá;AP;09/02/2024 15:22;CD-159;5- Last Mile Hub;Rorainópolis;RR;56:00;5;15.709
936;13/04/2023 01:01;CD-053;4- Híbrido (Fulfillment);Maracanaú;CE;14/04/2023 02:01;CD-059;2- Cross-Docking sem ASM;Goiânia;GO;25:00;5;15.023
937;10/11/2024 16:24;CD-022;3- Cross-Docking com ASM;São João de Meriti;RJ;11/11/2024 12:24;CD-044;4- Híbrido (Fulfillment);Pelotas;RS;20:00;3;8.667
938;27/01/2024 13:51;CD-034;4- Híbrido (Fulfillment);Camaçari;BA;30/01/2024 04:51;CD-167;2- Cross-Docking sem ASM;São Gonçalo;RJ;63:00;2;5.993
939;26/08/2023 05:15;CD-230;2- Cross-Docking sem ASM;Ananindeua;PA;28/08/2023 18:15;CD-033;3- Cross-Docking com ASM;Vitória da Conquista;BA;61:00;3;9.226
940;08/02/2024 22:23;CD-171;2- Cross-Docking sem ASM;Santa Rita;PB;09/02/2024 15:23;CD-175;3- Cross-Docking com ASM;Palmeira dos Índios;AL;17:00;2;5.814
941;01/03/2024 06:01;CD-123;2- Cross-Docking sem ASM;Goiânia;GO;03/03/2024 12:01;CD-172;3- Cross-Docking com ASM;Porto Velho;RO;54:00;2;6.409
942;07/01/2022 11:17;CD-223;2- Cross-Docking sem ASM;Osasco;SP;07/01/2022 19:17;CD-234;3- Cross-Docking com ASM;Santo André;SP;08:00;5;15.114
943;23/11/2025 02:35;CD-172;3- Cross-Docking com ASM;Porto Velho;RO;23/11/2025 12:35;CD-027;2- Cross-Docking sem ASM;Betim;MG;10:00;4;12.422
944;20/01/2023 23:16;CD-032;4- Híbrido (Fulfillment);Feira de Santana;BA;22/01/2023 12:16;CD-001;5- Last Mile Hub;São Paulo;SP;37:00;2;6.128
945;01/07/2023 02:45;CD-140;2- Cross-Docking sem ASM;Picos;PI;02/07/2023 14:45;CD-180;3- Cross-Docking com ASM;Rio de Janeiro;RJ;36:00;4;12.604
946;18/10/2023 15:06;CD-009;2- Cross-Docking sem ASM;Sorocaba;SP;19/10/2023 11:06;CD-029;5- Last Mile Hub;Ribeirão das Neves;MG;20:00;5;15.111
947;25/06/2022 15:50;CD-134;4- Híbrido (Fulfillment);Palmeira dos Índios;AL;25/06/2022 22:50;CD-088;2- Cross-Docking sem ASM;Palmeira dos Índios;AL;07:00;4;12.329
948;13/02/2025 04:18;CD-190;1- First Mile Hub;Campina Grande;PB;13/02/2025 23:18;CD-182;3- Cross-Docking com ASM;Cruzeiro do Sul;AC;19:00;3;8.999
949;07/04/2024 23:47;CD-185;4- Híbrido (Fulfillment);Marabá;PA;08/04/2024 20:47;CD-022;3- Cross-Docking com ASM;São João de Meriti;RJ;21:00;2;6.402
950;28/03/2024 10:44;CD-223;2- Cross-Docking sem ASM;Osasco;SP;28/03/2024 23:44;CD-222;4- Híbrido (Fulfillment);Porto Velho;RO;13:00;1;3.048
951;15/01/2022 10:10;CD-155;1- First Mile Hub;Guarulhos;SP;16/01/2022 17:10;CD-076;4- Híbrido (Fulfillment);Cariacica;ES;31:00;3;8.735
952;24/07/2023 10:29;CD-265;2- Cross-Docking sem ASM;Itabuna;BA;25/07/2023 15:29;CD-084;5- Last Mile Hub;Parnaíba;PI;29:00;4;12.228
953;12/11/2023 00:24;CD-091;1- First Mile Hub;Lagarto;SE;13/11/2023 10:24;CD-074;2- Cross-Docking sem ASM;Vila Velha;ES;34:00;1;2.890
954;21/09/2023 10:42;CD-061;3- Cross-Docking com ASM;Anápolis;GO;24/09/2023 00:42;CD-144;2- Cross-Docking sem ASM;João Pessoa;PB;62:00;2;6.369
955;22/05/2025 17:36;CD-219;4- Híbrido (Fulfillment);Rio Verde;GO;23/05/2025 03:36;CD-193;2- Cross-Docking sem ASM;Serra;ES;10:00;3;9.173
956;07/05/2024 03:39;CD-025;2- Cross-Docking sem ASM;Contagem;MG;08/05/2024 23:39;CD-044;4- Híbrido (Fulfillment);Pelotas;RS;44:00;3;9.133
957;28/06/2022 04:32;CD-035;1- First Mile Hub;Itabuna;BA;29/06/2022 20:32;CD-049;3- Cross-Docking com ASM;São José;SC;40:00;3;9.778
958;27/01/2025 06:53;CD-046;1- First Mile Hub;Florianópolis;SC;27/01/2025 21:53;CD-022;3- Cross-Docking com ASM;São João de Meriti;RJ;15:00;1;2.877
959;28/06/2024 07:50;CD-120;2- Cross-Docking sem ASM;Maceió;AL;29/06/2024 02:50;CD-213;5- Last Mile Hub;Anápolis;GO;19:00;1;3.038
960;12/05/2023 20:02;CD-222;4- Híbrido (Fulfillment);Porto Velho;RO;14/05/2023 10:02;CD-209;5- Last Mile Hub;Florianópolis;SC;38:00;5;15.756
961;02/03/2024 07:28;CD-192;1- First Mile Hub;Gurupi;TO;04/03/2024 19:28;CD-154;2- Cross-Docking sem ASM;Maringá;PR;60:00;5;15.394
962;20/11/2023 08:50;CD-138;3- Cross-Docking com ASM;Boa Vista;RR;21/11/2023 02:50;CD-088;2- Cross-Docking sem ASM;Palmeira dos Índios;AL;18:00;5;15.205
963;01/09/2025 17:22;CD-221;1- First Mile Hub;Campina Grande;PB;03/09/2025 20:22;CD-049;3- Cross-Docking com ASM;São José;SC;51:00;3;8.961
964;24/08/2025 06:10;CD-247;4- Híbrido (Fulfillment);Aracaju;SE;25/08/2025 14:10;CD-263;5- Last Mile Hub;Piracicaba;SP;32:00;3;9.529
965;27/03/2023 02:30;CD-155;1- First Mile Hub;Guarulhos;SP;27/03/2023 06:30;CD-264;4- Híbrido (Fulfillment);São José dos Campos;SP;04:00;4;12.440
966;10/04/2024 03:48;CD-193;2- Cross-Docking sem ASM;Serra;ES;11/04/2024 16:48;CD-056;4- Híbrido (Fulfillment);Olinda;PE;37:00;3;8.864
967;23/02/2023 20:39;CD-007;2- Cross-Docking sem ASM;São José dos Campos;SP;26/02/2023 11:39;CD-101;5- Last Mile Hub;Macapá;AP;63:00;4;12.266
968;15/11/2023 07:04;CD-191;3- Cross-Docking com ASM;Rio de Janeiro;RJ;16/11/2023 16:04;CD-253;2- Cross-Docking sem ASM;Petrolina;PE;33:00;4;12.396
969;05/09/2025 03:38;CD-122;2- Cross-Docking sem ASM;Ji-Paraná;RO;05/09/2025 16:38;CD-076;4- Híbrido (Fulfillment);Cariacica;ES;13:00;5;15.294
970;07/08/2023 17:02;CD-226;3- Cross-Docking com ASM;Niterói;RJ;08/08/2023 22:02;CD-144;2- Cross-Docking sem ASM;João Pessoa;PB;29:00;4;12.376
971;18/05/2025 10:23;CD-202;3- Cross-Docking com ASM;Araguaína;TO;19/05/2025 10:23;CD-027;2- Cross-Docking sem ASM;Betim;MG;24:00;3;8.889
972;23/07/2023 17:28;CD-225;1- First Mile Hub;São Paulo;SP;25/07/2023 03:28;CD-219;4- Híbrido (Fulfillment);Rio Verde;GO;34:00;4;12.149
973;27/05/2022 02:15;CD-036;4- Híbrido (Fulfillment);Curitiba;PR;27/05/2022 15:15;CD-027;2- Cross-Docking sem ASM;Betim;MG;13:00;1;2.777
974;16/09/2023 18:26;CD-107;1- First Mile Hub;Boa Vista;RR;18/09/2023 09:26;CD-129;2- Cross-Docking sem ASM;Uberlândia;MG;39:00;1;3.286
975;10/02/2023 21:44;CD-179;4- Híbrido (Fulfillment);Belém;PA;11/02/2023 18:44;CD-242;3- Cross-Docking com ASM;Serra;ES;21:00;2;6.547
976;04/11/2025 11:28;CD-239;1- First Mile Hub;Fortaleza;CE;05/11/2025 01:28;CD-013;3- Cross-Docking com ASM;Jundiaí;SP;14:00;3;9.241
977;14/03/2025 04:38;CD-066;4- Híbrido (Fulfillment);Marabá;PA;14/03/2025 17:38;CD-037;3- Cross-Docking com ASM;Londrina;PR;13:00;1;3.035
978;23/07/2024 03:18;CD-063;4- Híbrido (Fulfillment);Belém;PA;25/07/2024 11:18;CD-152;2- Cross-Docking sem ASM;Palmeira dos Índios;AL;56:00;1;3.079
979;01/09/2022 03:09;CD-226;3- Cross-Docking com ASM;Niterói;RJ;02/09/2022 16:09;CD-051;4- Híbrido (Fulfillment);Caucaia;CE;37:00;2;6.262
980;25/07/2024 11:43;CD-164;1- First Mile Hub;Belém;PA;27/07/2024 05:43;CD-184;3- Cross-Docking com ASM;Araguaína;TO;42:00;3;9.000
981;03/08/2024 21:28;CD-164;1- First Mile Hub;Belém;PA;05/08/2024 14:28;CD-191;3- Cross-Docking com ASM;Rio de Janeiro;RJ;41:00;4;12.279
982;27/03/2022 00:04;CD-038;4- Híbrido (Fulfillment);Maringá;PR;29/03/2022 13:04;CD-078;3- Cross-Docking com ASM;Mossoró;RN;61:00;1;3.012
983;17/03/2022 18:52;CD-107;1- First Mile Hub;Boa Vista;RR;19/03/2022 19:52;CD-073;4- Híbrido (Fulfillment);Vitória;ES;49:00;5;14.971
984;02/11/2024 23:53;CD-104;4- Híbrido (Fulfillment);Rio Branco;AC;03/11/2024 22:53;CD-033;3- Cross-Docking com ASM;Vitória da Conquista;BA;23:00;2;6.267
985;27/03/2022 17:24;CD-230;2- Cross-Docking sem ASM;Ananindeua;PA;29/03/2022 12:24;CD-172;3- Cross-Docking com ASM;Porto Velho;RO;43:00;5;15.423
986;12/01/2023 19:05;CD-212;2- Cross-Docking sem ASM;Anápolis;GO;15/01/2023 07:05;CD-217;4- Híbrido (Fulfillment);Niterói;RJ;60:00;5;15.181
987;25/01/2023 15:23;CD-218;4- Híbrido (Fulfillment);Uberlândia;MG;26/01/2023 22:23;CD-096;5- Last Mile Hub;Dourados;MS;31:00;2;6.027
988;14/07/2024 01:44;CD-184;3- Cross-Docking com ASM;Araguaína;TO;14/07/2024 17:44;CD-058;2- Cross-Docking sem ASM;Petrolina;PE;16:00;4;12.406
989;23/11/2025 15:47;CD-074;2- Cross-Docking sem ASM;Vila Velha;ES;25/11/2025 05:47;CD-237;4- Híbrido (Fulfillment);Guarulhos;SP;38:00;2;6.043
990;20/02/2025 03:39;CD-017;1- First Mile Hub;Duque de Caxias;RJ;21/02/2025 20:39;CD-232;3- Cross-Docking com ASM;Macapá;AP;41:00;4;12.661
991;28/12/2022 13:44;CD-058;2- Cross-Docking sem ASM;Petrolina;PE;30/12/2022 01:44;CD-026;4- Híbrido (Fulfillment);Juiz de Fora;MG;36:00;5;14.870
992;28/09/2022 00:25;CD-018;4- Híbrido (Fulfillment);Nova Iguaçu;RJ;28/09/2022 13:25;CD-064;2- Cross-Docking sem ASM;Ananindeua;PA;13:00;2;6.117
993;17/11/2023 19:12;CD-010;1- First Mile Hub;Santos;SP;18/11/2023 03:12;CD-014;4- Híbrido (Fulfillment);Piracicaba;SP;08:00;3;9.376
994;25/05/2023 16:13;CD-244;4- Híbrido (Fulfillment);Araguaína;TO;27/05/2023 12:13;CD-191;3- Cross-Docking com ASM;Rio de Janeiro;RJ;44:00;5;14.825
995;23/09/2022 08:16;CD-044;4- Híbrido (Fulfillment);Pelotas;RS;24/09/2022 12:16;CD-170;3- Cross-Docking com ASM;João Pessoa;PB;28:00;2;6.083
996;07/12/2025 19:07;CD-211;4- Híbrido (Fulfillment);Juiz de Fora;MG;09/12/2025 12:07;CD-021;2- Cross-Docking sem ASM;Campos dos Goytacazes;RJ;41:00;4;12.168
997;12/09/2025 18:23;CD-195;3- Cross-Docking com ASM;Ji-Paraná;RO;14/09/2025 09:23;CD-135;2- Cross-Docking sem ASM;Arapiraca;AL;39:00;5;15.759
998;03/07/2022 13:23;CD-114;2- Cross-Docking sem ASM;Laranjal do Jari;AP;06/07/2022 00:23;CD-234;3- Cross-Docking com ASM;Santo André;SP;59:00;3;9.157
999;18/06/2025 12:08;CD-147;2- Cross-Docking sem ASM;Blumenau;SC;18/06/2025 22:08;CD-116;5- Last Mile Hub;Fortaleza;CE;10:00;1;2.849
1000;17/12/2023 02:14;CD-184;3- Cross-Docking com ASM;Araguaína;TO;18/12/2023 02:14;CD-230;2- Cross-Docking sem ASM;Ananindeua;PA;24:00;3;9.274
1001;02/12/2023 23:27;CD-174;3- Cross-Docking com ASM;Caracaraí;RR;04/12/2023 06:27;CD-057;5- Last Mile Hub;Caruaru;PE;31:00;1;2.938
1002;11/09/2023 14:27;CD-190;1- First Mile Hub;Campina Grande;PB;14/09/2023 01:27;CD-184;3- Cross-Docking com ASM;Araguaína;TO;59:00;2;5.927
1003;16/11/2024 00:45;CD-056;4- Híbrido (Fulfillment);Olinda;PE;17/11/2024 09:45;CD-184;3- Cross-Docking com ASM;Araguaína;TO;33:00;1;2.970
1004;04/03/2023 16:28;CD-230;2- Cross-Docking sem ASM;Ananindeua;PA;05/03/2023 06:28;CD-022;3- Cross-Docking com ASM;São João de Meriti;RJ;14:00;2;6.137
1005;23/01/2024 06:12;CD-038;4- Híbrido (Fulfillment);Maringá;PR;23/01/2024 21:12;CD-175;3- Cross-Docking com ASM;Palmeira dos Índios;AL;15:00;2;6.299
1006;28/07/2022 20:28;CD-055;4- Híbrido (Fulfillment);Jaboatão dos Guararapes;PE;29/07/2022 04:28;CD-058;2- Cross-Docking sem ASM;Petrolina;PE;08:00;4;12.481
1007;24/08/2025 19:40;CD-074;2- Cross-Docking sem ASM;Vila Velha;ES;25/08/2025 22:40;CD-061;3- Cross-Docking com ASM;Anápolis;GO;27:00;4;12.011
1008;18/01/2023 16:03;CD-004;4- Híbrido (Fulfillment);São Bernardo do Campo;SP;19/01/2023 04:03;CD-265;2- Cross-Docking sem ASM;Itabuna;BA;12:00;1;2.939
1009;07/01/2025 06:45;CD-113;4- Híbrido (Fulfillment);Brasília;DF;08/01/2025 20:45;CD-112;5- Last Mile Hub;Gurupi;TO;38:00;4;12.553
1010;09/01/2023 01:16;CD-227;2- Cross-Docking sem ASM;Aparecida de Goiânia;GO;10/01/2023 15:16;CD-096;5- Last Mile Hub;Dourados;MS;38:00;3;9.365
1011;25/08/2022 23:48;CD-132;3- Cross-Docking com ASM;Porto Velho;RO;27/08/2022 20:48;CD-071;4- Híbrido (Fulfillment);Parintins;AM;45:00;2;6.446
1012;18/02/2023 06:20;CD-140;2- Cross-Docking sem ASM;Picos;PI;20/02/2023 13:20;CD-108;4- Híbrido (Fulfillment);Rorainópolis;RR;55:00;2;6.248
1013;17/07/2023 07:11;CD-094;4- Híbrido (Fulfillment);Rondonópolis;MT;18/07/2023 15:11;CD-015;2- Cross-Docking sem ASM;Rio de Janeiro;RJ;32:00;2;5.811
1014;15/05/2022 14:30;CD-066;4- Híbrido (Fulfillment);Marabá;PA;17/05/2022 09:30;CD-013;3- Cross-Docking com ASM;Jundiaí;SP;43:00;1;3.084
1015;06/11/2022 01:50;CD-059;2- Cross-Docking sem ASM;Goiânia;GO;06/11/2022 22:50;CD-028;5- Last Mile Hub;Montes Claros;MG;21:00;2;6.014
1016;11/06/2024 03:51;CD-017;1- First Mile Hub;Duque de Caxias;RJ;12/06/2024 20:51;CD-246;3- Cross-Docking com ASM;Campo Grande;MS;41:00;5;14.592
1017;25/01/2023 14:54;CD-162;4- Híbrido (Fulfillment);Ariquemes;RO;26/01/2023 06:54;CD-229;2- Cross-Docking sem ASM;Arapiraca;AL;16:00;4;11.971
1018;13/01/2023 15:56;CD-137;2- Cross-Docking sem ASM;Dourados;MS;14/01/2023 07:56;CD-200;4- Híbrido (Fulfillment);Osasco;SP;16:00;2;6.091
1019;16/04/2022 19:24;CD-262;4- Híbrido (Fulfillment);Betim;MG;17/04/2022 00:24;CD-129;2- Cross-Docking sem ASM;Uberlândia;MG;05:00;3;9.219
1020;23/12/2025 15:09;CD-048;3- Cross-Docking com ASM;Blumenau;SC;24/12/2025 06:09;CD-025;2- Cross-Docking sem ASM;Contagem;MG;15:00;3;9.063
1021;23/03/2025 11:48;CD-056;4- Híbrido (Fulfillment);Olinda;PE;24/03/2025 12:48;CD-080;5- Last Mile Hub;João Pessoa;PB;25:00;3;9.135
1022;26/10/2022 06:38;CD-013;3- Cross-Docking com ASM;Jundiaí;SP;28/10/2022 00:38;CD-025;2- Cross-Docking sem ASM;Contagem;MG;42:00;1;2.897
1023;17/04/2023 00:19;CD-124;2- Cross-Docking sem ASM;Recife;PE;18/04/2023 11:19;CD-092;5- Last Mile Hub;Cuiabá;MT;35:00;4;12.313
1024;07/11/2022 19:49;CD-064;2- Cross-Docking sem ASM;Ananindeua;PA;09/11/2022 00:49;CD-005;5- Last Mile Hub;Santo André;SP;29:00;2;6.108
1025;28/03/2023 10:50;CD-027;2- Cross-Docking sem ASM;Betim;MG;30/03/2023 08:50;CD-134;4- Híbrido (Fulfillment);Palmeira dos Índios;AL;46:00;2;6.280
1026;24/02/2025 08:39;CD-180;3- Cross-Docking com ASM;Rio de Janeiro;RJ;25/02/2025 14:39;CD-141;5- Last Mile Hub;Gurupi;TO;30:00;5;15.318
1027;07/09/2024 07:33;CD-081;3- Cross-Docking com ASM;Campina Grande;PB;08/09/2024 14:33;CD-097;4- Híbrido (Fulfillment);Três Lagoas;MS;31:00;3;9.221
1028;15/11/2024 12:11;CD-136;1- First Mile Hub;Curitiba;PR;15/11/2024 22:11;CD-114;2- Cross-Docking sem ASM;Laranjal do Jari;AP;10:00;5;15.532
1029;22/09/2022 20:10;CD-008;1- First Mile Hub;Ribeirão Preto;SP;23/09/2022 09:10;CD-166;4- Híbrido (Fulfillment);São Luís;MA;13:00;5;15.467
1030;03/10/2024 06:40;CD-008;1- First Mile Hub;Ribeirão Preto;SP;03/10/2024 17:40;CD-219;4- Híbrido (Fulfillment);Rio Verde;GO;11:00;5;15.229
1031;05/03/2024 15:58;CD-193;2- Cross-Docking sem ASM;Serra;ES;06/03/2024 10:58;CD-217;4- Híbrido (Fulfillment);Niterói;RJ;19:00;4;12.520
1032;26/03/2022 04:15;CD-166;4- Híbrido (Fulfillment);São Luís;MA;27/03/2022 13:15;CD-199;2- Cross-Docking sem ASM;Várzea Grande;MT;33:00;1;3.222
1033;14/10/2025 15:55;CD-115;1- First Mile Hub;Ananindeua;PA;16/10/2025 17:55;CD-015;2- Cross-Docking sem ASM;Rio de Janeiro;RJ;50:00;3;8.996
1034;11/10/2022 17:44;CD-063;4- Híbrido (Fulfillment);Belém;PA;12/10/2022 14:44;CD-138;3- Cross-Docking com ASM;Boa Vista;RR;21:00;2;5.945
1035;18/12/2025 15:52;CD-006;2- Cross-Docking sem ASM;Osasco;SP;18/12/2025 21:52;CD-215;5- Last Mile Hub;Santo André;SP;06:00;2;6.381
1036;09/08/2022 04:21;CD-143;2- Cross-Docking sem ASM;Maceió;AL;09/08/2022 23:21;CD-004;4- Híbrido (Fulfillment);São Bernardo do Campo;SP;19:00;4;12.318
1037;14/02/2024 06:12;CD-149;1- First Mile Hub;Maracanaú;CE;15/02/2024 14:12;CD-059;2- Cross-Docking sem ASM;Goiânia;GO;32:00;5;15.148
1038;11/09/2024 10:45;CD-168;3- Cross-Docking com ASM;Salvador;BA;11/09/2024 23:45;CD-097;4- Híbrido (Fulfillment);Três Lagoas;MS;13:00;2;6.139
1039;16/07/2023 02:06;CD-036;4- Híbrido (Fulfillment);Curitiba;PR;18/07/2023 09:06;CD-260;2- Cross-Docking sem ASM;Timon;MA;55:00;2;5.987
1040;23/11/2025 20:51;CD-161;1- First Mile Hub;Duque de Caxias;RJ;25/11/2025 16:51;CD-166;4- Híbrido (Fulfillment);São Luís;MA;44:00;3;9.205
1041;12/02/2024 02:59;CD-201;2- Cross-Docking sem ASM;Nossa Senhora do Socorro;SE;13/02/2024 04:59;CD-030;4- Híbrido (Fulfillment);Uberaba;MG;26:00;2;6.279
1042;27/03/2025 01:25;CD-113;4- Híbrido (Fulfillment);Brasília;DF;29/03/2025 13:25;CD-019;5- Last Mile Hub;Niterói;RJ;60:00;3;9.790
1043;08/06/2024 16:12;CD-180;3- Cross-Docking com ASM;Rio de Janeiro;RJ;11/06/2024 03:12;CD-124;2- Cross-Docking sem ASM;Recife;PE;59:00;4;12.338
1044;06/01/2023 13:26;CD-207;4- Híbrido (Fulfillment);Rio Branco;AC;07/01/2023 13:26;CD-168;3- Cross-Docking com ASM;Salvador;BA;24:00;5;14.905
1045;15/10/2023 12:45;CD-172;3- Cross-Docking com ASM;Porto Velho;RO;17/10/2023 13:45;CD-052;5- Last Mile Hub;Juazeiro do Norte;CE;49:00;3;9.848
1046;23/08/2023 16:01;CD-002;2- Cross-Docking sem ASM;Guarulhos;SP;24/08/2023 18:01;CD-080;5- Last Mile Hub;João Pessoa;PB;26:00;1;3.061
1047;11/05/2024 11:27;CD-201;2- Cross-Docking sem ASM;Nossa Senhora do Socorro;SE;13/05/2024 20:27;CD-133;3- Cross-Docking com ASM;Rio de Janeiro;RJ;57:00;5;15.068
1048;06/02/2023 06:37;CD-149;1- First Mile Hub;Maracanaú;CE;08/02/2023 05:37;CD-193;2- Cross-Docking sem ASM;Serra;ES;47:00;2;5.836
1049;06/12/2025 04:49;CD-218;4- Híbrido (Fulfillment);Uberlândia;MG;06/12/2025 17:49;CD-144;2- Cross-Docking sem ASM;João Pessoa;PB;13:00;3;9.010
1050;19/04/2022 02:55;CD-190;1- First Mile Hub;Campina Grande;PB;19/04/2022 14:55;CD-219;4- Híbrido (Fulfillment);Rio Verde;GO;12:00;2;5.768
1051;02/06/2022 20:13;CD-197;4- Híbrido (Fulfillment);Santana;AP;03/06/2022 15:13;CD-117;2- Cross-Docking sem ASM;Cascavel;PR;19:00;4;12.395
1052;27/10/2022 16:37;CD-218;4- Híbrido (Fulfillment);Uberlândia;MG;29/10/2022 04:37;CD-158;3- Cross-Docking com ASM;Ji-Paraná;RO;36:00;2;5.851
1053;15/01/2022 04:22;CD-160;3- Cross-Docking com ASM;Vitória da Conquista;BA;17/01/2022 05:22;CD-144;2- Cross-Docking sem ASM;João Pessoa;PB;49:00;3;9.339
1054;05/06/2025 04:09;CD-018;4- Híbrido (Fulfillment);Nova Iguaçu;RJ;06/06/2025 10:09;CD-100;5- Last Mile Hub;Ariquemes;RO;30:00;5;14.858
1055;05/05/2023 03:17;CD-088;2- Cross-Docking sem ASM;Palmeira dos Índios;AL;06/05/2023 18:17;CD-215;5- Last Mile Hub;Santo André;SP;39:00;4;12.627
1056;25/05/2023 18:37;CD-083;3- Cross-Docking com ASM;Teresina;PI;28/05/2023 06:37;CD-030;4- Híbrido (Fulfillment);Uberaba;MG;60:00;3;9.322
1057;07/06/2024 02:50;CD-236;3- Cross-Docking com ASM;Arapiraca;AL;07/06/2024 17:50;CD-166;4- Híbrido (Fulfillment);São Luís;MA;15:00;3;8.837
1058;20/08/2023 20:07;CD-182;3- Cross-Docking com ASM;Cruzeiro do Sul;AC;22/08/2023 02:07;CD-250;4- Híbrido (Fulfillment);Piracicaba;SP;30:00;4;12.282
1059;14/09/2022 00:05;CD-203;1- First Mile Hub;Marabá;PA;15/09/2022 04:05;CD-235;3- Cross-Docking com ASM;Florianópolis;SC;28:00;5;15.109
1060;11/02/2025 06:53;CD-036;4- Híbrido (Fulfillment);Curitiba;PR;12/02/2025 17:53;CD-120;2- Cross-Docking sem ASM;Maceió;AL;35:00;4;12.046
1061;08/03/2023 08:29;CD-205;1- First Mile Hub;Belo Horizonte;MG;09/03/2023 09:29;CD-250;4- Híbrido (Fulfillment);Piracicaba;SP;25:00;1;3.066
1062;27/02/2024 22:41;CD-184;3- Cross-Docking com ASM;Araguaína;TO;29/02/2024 09:41;CD-156;4- Híbrido (Fulfillment);Várzea Grande;MT;35:00;2;6.010
1063;08/06/2024 22:00;CD-132;3- Cross-Docking com ASM;Porto Velho;RO;09/06/2024 10:00;CD-024;2- Cross-Docking sem ASM;Uberlândia;MG;12:00;4;12.011
1064;23/05/2022 09:40;CD-157;2- Cross-Docking sem ASM;Canoas;RS;24/05/2022 09:40;CD-159;5- Last Mile Hub;Rorainópolis;RR;24:00;2;6.090
1065;21/03/2023 11:56;CD-214;3- Cross-Docking com ASM;Maceió;AL;22/03/2023 06:56;CD-063;4- Híbrido (Fulfillment);Belém;PA;19:00;2;6.235
1066;19/04/2025 08:05;CD-218;4- Híbrido (Fulfillment);Uberlândia;MG;20/04/2025 17:05;CD-163;2- Cross-Docking sem ASM;Canoas;RS;33:00;2;6.251
1067;01/06/2025 13:34;CD-149;1- First Mile Hub;Maracanaú;CE;04/06/2025 04:34;CD-180;3- Cross-Docking com ASM;Rio de Janeiro;RJ;63:00;1;3.136
1068;27/12/2023 01:45;CD-228;1- First Mile Hub;Natal;RN;29/12/2023 09:45;CD-144;2- Cross-Docking sem ASM;João Pessoa;PB;56:00;2;5.915
1069;10/07/2025 12:23;CD-222;4- Híbrido (Fulfillment);Porto Velho;RO;11/07/2025 07:23;CD-226;3- Cross-Docking com ASM;Niterói;RJ;19:00;1;3.297
1070;12/02/2023 18:02;CD-174;3- Cross-Docking com ASM;Caracaraí;RR;14/02/2023 17:02;CD-167;2- Cross-Docking sem ASM;São Gonçalo;RJ;47:00;1;3.099
1071;20/12/2025 01:07;CD-042;2- Cross-Docking sem ASM;Caxias do Sul;RS;20/12/2025 18:07;CD-182;3- Cross-Docking com ASM;Cruzeiro do Sul;AC;17:00;2;6.435
1072;14/05/2024 02:28;CD-134;4- Híbrido (Fulfillment);Palmeira dos Índios;AL;16/05/2024 15:28;CD-083;3- Cross-Docking com ASM;Teresina;PI;61:00;3;9.116
1073;05/08/2024 20:41;CD-226;3- Cross-Docking com ASM;Niterói;RJ;08/08/2024 09:41;CD-127;5- Last Mile Hub;Feira de Santana;BA;61:00;3;9.313
1074;23/01/2023 05:37;CD-022;3- Cross-Docking com ASM;São João de Meriti;RJ;25/01/2023 03:37;CD-256;5- Last Mile Hub;Rio Branco;AC;46:00;1;3.112
1075;08/03/2025 13:01;CD-026;4- Híbrido (Fulfillment);Juiz de Fora;MG;10/03/2025 05:01;CD-137;2- Cross-Docking sem ASM;Dourados;MS;40:00;3;9.300
1076;12/01/2023 10:41;CD-022;3- Cross-Docking com ASM;São João de Meriti;RJ;15/01/2023 01:41;CD-206;5- Last Mile Hub;Lagarto;SE;63:00;3;9.024
1077;03/02/2023 01:57;CD-243;2- Cross-Docking sem ASM;Natal;RN;04/02/2023 03:57;CD-196;5- Last Mile Hub;Joinville;SC;26:00;5;15.406
1078;20/12/2022 10:28;CD-099;3- Cross-Docking com ASM;Ji-Paraná;RO;22/12/2022 16:28;CD-116;5- Last Mile Hub;Fortaleza;CE;54:00;5;14.987
1079;17/06/2023 12:11;CD-265;2- Cross-Docking sem ASM;Itabuna;BA;19/06/2023 11:11;CD-179;4- Híbrido (Fulfillment);Belém;PA;47:00;5;15.160
1080;21/08/2023 21:23;CD-022;3- Cross-Docking com ASM;São João de Meriti;RJ;23/08/2023 09:23;CD-039;5- Last Mile Hub;Ponta Grossa;PR;36:00;3;9.272
1081;11/07/2022 19:06;CD-264;4- Híbrido (Fulfillment);São José dos Campos;SP;12/07/2022 09:06;CD-182;3- Cross-Docking com ASM;Cruzeiro do Sul;AC;14:00;3;9.283
1082;07/07/2025 14:38;CD-265;2- Cross-Docking sem ASM;Itabuna;BA;08/07/2025 22:38;CD-146;5- Last Mile Hub;Maracanaú;CE;32:00;2;6.047
1083;22/05/2024 21:07;CD-208;2- Cross-Docking sem ASM;Blumenau;SC;24/05/2024 07:07;CD-189;5- Last Mile Hub;Santos;SP;34:00;3;9.256
1084;05/10/2024 13:51;CD-228;1- First Mile Hub;Natal;RN;06/10/2024 13:51;CD-094;4- Híbrido (Fulfillment);Rondonópolis;MT;24:00;1;2.939
1085;27/04/2023 02:05;CD-011;4- Híbrido (Fulfillment);Mauá;SP;27/04/2023 09:05;CD-189;5- Last Mile Hub;Santos;SP;07:00;3;9.571
1086;05/06/2022 03:15;CD-216;4- Híbrido (Fulfillment);Itacoatiara;AM;06/06/2022 08:15;CD-260;2- Cross-Docking sem ASM;Timon;MA;29:00;4;12.306
1087;20/10/2022 01:21;CD-171;2- Cross-Docking sem ASM;Santa Rita;PB;21/10/2022 13:21;CD-134;4- Híbrido (Fulfillment);Palmeira dos Índios;AL;36:00;4;12.306
1088;16/12/2022 09:33;CD-059;2- Cross-Docking sem ASM;Goiânia;GO;18/12/2022 07:33;CD-238;3- Cross-Docking com ASM;Santarém;PA;46:00;3;9.415
1089;01/10/2025 07:23;CD-133;3- Cross-Docking com ASM;Rio de Janeiro;RJ;01/10/2025 14:23;CD-167;2- Cross-Docking sem ASM;São Gonçalo;RJ;07:00;3;8.815
1090;26/06/2024 14:51;CD-222;4- Híbrido (Fulfillment);Porto Velho;RO;28/06/2024 22:51;CD-064;2- Cross-Docking sem ASM;Ananindeua;PA;56:00;3;9.117
1091;13/12/2025 15:32;CD-232;3- Cross-Docking com ASM;Macapá;AP;15/12/2025 02:32;CD-071;4- Híbrido (Fulfillment);Parintins;AM;35:00;5;15.457
1092;10/01/2022 16:43;CD-090;1- First Mile Hub;Nossa Senhora do Socorro;SE;12/01/2022 03:43;CD-108;4- Híbrido (Fulfillment);Rorainópolis;RR;35:00;2;5.935
1093;25/01/2023 23:03;CD-015;2- Cross-Docking sem ASM;Rio de Janeiro;RJ;28/01/2023 14:03;CD-255;3- Cross-Docking com ASM;Araguaína;TO;63:00;3;8.975
1094;12/02/2025 01:17;CD-132;3- Cross-Docking com ASM;Porto Velho;RO;14/02/2025 02:17;CD-119;2- Cross-Docking sem ASM;Sena Madureira;AC;49:00;5;15.377
1095;28/09/2024 19:25;CD-229;2- Cross-Docking sem ASM;Arapiraca;AL;01/10/2024 01:25;CD-159;5- Last Mile Hub;Rorainópolis;RR;54:00;3;9.069
1096;24/04/2025 05:49;CD-252;4- Híbrido (Fulfillment);Caracaraí;RR;24/04/2025 17:49;CD-230;2- Cross-Docking sem ASM;Ananindeua;PA;12:00;5;15.996
1097;21/06/2024 08:35;CD-087;1- First Mile Hub;Arapiraca;AL;23/06/2024 01:35;CD-195;3- Cross-Docking com ASM;Ji-Paraná;RO;41:00;3;9.082
1098;10/04/2024 14:37;CD-242;3- Cross-Docking com ASM;Serra;ES;11/04/2024 02:37;CD-140;2- Cross-Docking sem ASM;Picos;PI;12:00;3;9.946
1099;13/12/2024 04:57;CD-177;3- Cross-Docking com ASM;Canoas;RS;15/12/2024 19:57;CD-241;2- Cross-Docking sem ASM;Ariquemes;RO;63:00;2;5.951
1100;10/11/2022 04:50;CD-219;4- Híbrido (Fulfillment);Rio Verde;GO;10/11/2022 12:50;CD-062;5- Last Mile Hub;Rio Verde;GO;08:00;2;6.152
1101;19/10/2022 05:06;CD-111;2- Cross-Docking sem ASM;Araguaína;TO;20/10/2022 21:06;CD-004;4- Híbrido (Fulfillment);São Bernardo do Campo;SP;40:00;1;2.937
1102;15/11/2025 21:21;CD-043;3- Cross-Docking com ASM;Canoas;RS;18/11/2025 00:21;CD-254;5- Last Mile Hub;Santarém;PA;51:00;1;3.267
1103;26/05/2022 09:15;CD-054;4- Híbrido (Fulfillment);Recife;PE;26/05/2022 21:15;CD-019;5- Last Mile Hub;Niterói;RJ;12:00;1;3.206
1104;19/07/2022 06:41;CD-081;3- Cross-Docking com ASM;Campina Grande;PB;21/07/2022 07:41;CD-223;2- Cross-Docking sem ASM;Osasco;SP;49:00;2;6.309
1105;09/07/2024 01:05;CD-142;2- Cross-Docking sem ASM;Nossa Senhora do Socorro;SE;10/07/2024 15:05;CD-066;4- Híbrido (Fulfillment);Marabá;PA;38:00;2;5.976
1106;17/10/2023 14:17;CD-087;1- First Mile Hub;Arapiraca;AL;19/10/2023 05:17;CD-083;3- Cross-Docking com ASM;Teresina;PI;39:00;4;12.125
1107;22/07/2025 18:25;CD-171;2- Cross-Docking sem ASM;Santa Rita;PB;23/07/2025 07:25;CD-039;5- Last Mile Hub;Ponta Grossa;PR;13:00;1;3.037
1108;02/11/2022 00:36;CD-104;4- Híbrido (Fulfillment);Rio Branco;AC;03/11/2022 20:36;CD-184;3- Cross-Docking com ASM;Araguaína;TO;44:00;5;15.652
1109;25/02/2023 14:22;CD-097;4- Híbrido (Fulfillment);Três Lagoas;MS;26/02/2023 04:22;CD-256;5- Last Mile Hub;Rio Branco;AC;14:00;1;2.852
1110;22/07/2024 06:11;CD-081;3- Cross-Docking com ASM;Campina Grande;PB;24/07/2024 03:11;CD-006;2- Cross-Docking sem ASM;Osasco;SP;45:00;1;2.979
1111;26/03/2025 01:06;CD-184;3- Cross-Docking com ASM;Araguaína;TO;27/03/2025 10:06;CD-152;2- Cross-Docking sem ASM;Palmeira dos Índios;AL;33:00;2;6.059
1112;07/07/2022 11:28;CD-180;3- Cross-Docking com ASM;Rio de Janeiro;RJ;08/07/2022 10:28;CD-134;4- Híbrido (Fulfillment);Palmeira dos Índios;AL;23:00;2;5.877
1113;27/08/2025 04:54;CD-179;4- Híbrido (Fulfillment);Belém;PA;29/08/2025 07:54;CD-093;3- Cross-Docking com ASM;Várzea Grande;MT;51:00;4;12.127
1114;23/12/2022 21:57;CD-245;3- Cross-Docking com ASM;Gurupi;TO;26/12/2022 03:57;CD-128;2- Cross-Docking sem ASM;Mauá;SP;54:00;3;9.433
1115;21/07/2024 14:31;CD-042;2- Cross-Docking sem ASM;Caxias do Sul;RS;22/07/2024 05:31;CD-026;4- Híbrido (Fulfillment);Juiz de Fora;MG;15:00;4;12.988
1116;14/07/2023 16:16;CD-200;4- Híbrido (Fulfillment);Osasco;SP;15/07/2023 14:16;CD-098;5- Last Mile Hub;Porto Velho;RO;22:00;3;8.838
1117;23/06/2024 17:59;CD-162;4- Híbrido (Fulfillment);Ariquemes;RO;26/06/2024 08:59;CD-022;3- Cross-Docking com ASM;São João de Meriti;RJ;63:00;5;14.978
1118;12/04/2024 00:52;CD-042;2- Cross-Docking sem ASM;Caxias do Sul;RS;14/04/2024 07:52;CD-056;4- Híbrido (Fulfillment);Olinda;PE;55:00;2;5.943
1119;21/06/2023 07:37;CD-230;2- Cross-Docking sem ASM;Ananindeua;PA;23/06/2023 18:37;CD-252;4- Híbrido (Fulfillment);Caracaraí;RR;59:00;1;3.012
1120;20/05/2024 16:07;CD-204;3- Cross-Docking com ASM;Caucaia;CE;21/05/2024 10:07;CD-077;5- Last Mile Hub;Natal;RN;18:00;1;3.140
1121;27/04/2022 04:22;CD-155;1- First Mile Hub;Guarulhos;SP;29/04/2022 19:22;CD-243;2- Cross-Docking sem ASM;Natal;RN;63:00;5;14.991
1122;01/10/2023 17:17;CD-246;3- Cross-Docking com ASM;Campo Grande;MS;02/10/2023 23:17;CD-216;4- Híbrido (Fulfillment);Itacoatiara;AM;30:00;4;12.291
1123;21/08/2024 03:07;CD-203;1- First Mile Hub;Marabá;PA;22/08/2024 08:07;CD-163;2- Cross-Docking sem ASM;Canoas;RS;29:00;2;6.102
1124;16/01/2025 18:30;CD-202;3- Cross-Docking com ASM;Araguaína;TO;18/01/2025 07:30;CD-054;4- Híbrido (Fulfillment);Recife;PE;37:00;2;6.017
1125;14/02/2024 07:02;CD-248;2- Cross-Docking sem ASM;Gurupi;TO;15/02/2024 06:02;CD-131;3- Cross-Docking com ASM;Aracaju;SE;23:00;1;2.977
1126;19/09/2022 20:47;CD-219;4- Híbrido (Fulfillment);Rio Verde;GO;21/09/2022 00:47;CD-188;5- Last Mile Hub;Guarulhos;SP;28:00;5;15.413
1127;03/10/2022 13:21;CD-056;4- Híbrido (Fulfillment);Olinda;PE;04/10/2022 03:21;CD-062;5- Last Mile Hub;Rio Verde;GO;14:00;2;5.925
1128;11/01/2024 02:16;CD-151;1- First Mile Hub;Porto Velho;RO;11/01/2024 18:16;CD-004;4- Híbrido (Fulfillment);São Bernardo do Campo;SP;16:00;1;3.065
1129;20/12/2024 19:46;CD-143;2- Cross-Docking sem ASM;Maceió;AL;21/12/2024 07:46;CD-089;4- Híbrido (Fulfillment);Aracaju;SE;12:00;5;15.551
1130;17/06/2023 21:20;CD-182;3- Cross-Docking com ASM;Cruzeiro do Sul;AC;20/06/2023 07:20;CD-230;2- Cross-Docking sem ASM;Ananindeua;PA;58:00;4;11.991
1131;09/10/2022 19:24;CD-128;2- Cross-Docking sem ASM;Mauá;SP;09/10/2022 22:24;CD-011;4- Híbrido (Fulfillment);Mauá;SP;03:00;3;9.316
1132;04/11/2024 13:45;CD-143;2- Cross-Docking sem ASM;Maceió;AL;05/11/2024 00:45;CD-068;4- Híbrido (Fulfillment);Imperatriz;MA;11:00;1;3.161
1133;01/10/2022 11:42;CD-151;1- First Mile Hub;Porto Velho;RO;01/10/2022 16:42;CD-195;3- Cross-Docking com ASM;Ji-Paraná;RO;05:00;3;9.156
1134;28/09/2022 20:20;CD-027;2- Cross-Docking sem ASM;Betim;MG;29/09/2022 15:20;CD-222;4- Híbrido (Fulfillment);Porto Velho;RO;19:00;2;5.982
1135;19/11/2022 01:01;CD-056;4- Híbrido (Fulfillment);Olinda;PE;20/11/2022 11:01;CD-231;3- Cross-Docking com ASM;São José dos Campos;SP;34:00;2;6.288
1136;20/05/2022 12:42;CD-068;4- Híbrido (Fulfillment);Imperatriz;MA;22/05/2022 04:42;CD-065;5- Last Mile Hub;Santarém;PA;40:00;3;9.000
1137;25/06/2024 16:52;CD-010;1- First Mile Hub;Santos;SP;27/06/2024 15:52;CD-214;3- Cross-Docking com ASM;Maceió;AL;47:00;4;12.219
1138;25/05/2023 15:37;CD-027;2- Cross-Docking sem ASM;Betim;MG;27/05/2023 17:37;CD-256;5- Last Mile Hub;Rio Branco;AC;50:00;2;5.888
1139;02/08/2024 05:08;CD-012;4- Híbrido (Fulfillment);Mogi das Cruzes;SP;03/08/2024 07:08;CD-114;2- Cross-Docking sem ASM;Laranjal do Jari;AP;26:00;3;9.376
1140;09/02/2022 12:29;CD-097;4- Híbrido (Fulfillment);Três Lagoas;MS;11/02/2022 07:29;CD-254;5- Last Mile Hub;Santarém;PA;43:00;3;8.925
1141;15/11/2024 14:39;CD-073;4- Híbrido (Fulfillment);Vitória;ES;16/11/2024 06:39;CD-159;5- Last Mile Hub;Rorainópolis;RR;16:00;5;15.228
1142;02/04/2025 01:03;CD-260;2- Cross-Docking sem ASM;Timon;MA;02/04/2025 21:03;CD-174;3- Cross-Docking com ASM;Caracaraí;RR;20:00;5;15.541
1143;14/12/2022 14:16;CD-145;3- Cross-Docking com ASM;Belém;PA;15/12/2022 09:16;CD-089;4- Híbrido (Fulfillment);Aracaju;SE;19:00;2;6.495
1144;23/07/2025 05:53;CD-054;4- Híbrido (Fulfillment);Recife;PE;24/07/2025 16:53;CD-069;5- Last Mile Hub;Timon;MA;35:00;4;12.444
1145;28/04/2024 15:48;CD-190;1- First Mile Hub;Campina Grande;PB;29/04/2024 01:48;CD-054;4- Híbrido (Fulfillment);Recife;PE;10:00;4;12.015
1146;05/08/2024 16:24;CD-036;4- Híbrido (Fulfillment);Curitiba;PR;06/08/2024 12:24;CD-254;5- Last Mile Hub;Santarém;PA;20:00;5;15.736
1147;28/01/2022 13:09;CD-179;4- Híbrido (Fulfillment);Belém;PA;31/01/2022 00:09;CD-082;5- Last Mile Hub;Santa Rita;PB;59:00;1;3.230
1148;12/11/2024 02:11;CD-120;2- Cross-Docking sem ASM;Maceió;AL;12/11/2024 13:11;CD-207;4- Híbrido (Fulfillment);Rio Branco;AC;11:00;5;15.384
1149;12/10/2022 10:25;CD-046;1- First Mile Hub;Florianópolis;SC;13/10/2022 22:25;CD-073;4- Híbrido (Fulfillment);Vitória;ES;36:00;3;9.387
1150;07/09/2024 16:38;CD-161;1- First Mile Hub;Duque de Caxias;RJ;09/09/2024 14:38;CD-193;2- Cross-Docking sem ASM;Serra;ES;46:00;1;3.024
1151;24/08/2024 18:16;CD-219;4- Híbrido (Fulfillment);Rio Verde;GO;25/08/2024 05:16;CD-098;5- Last Mile Hub;Porto Velho;RO;11:00;3;9.616
1152;05/06/2022 01:46;CD-255;3- Cross-Docking com ASM;Araguaína;TO;05/06/2022 17:46;CD-069;5- Last Mile Hub;Timon;MA;16:00;5;15.096
1153;06/06/2023 12:31;CD-151;1- First Mile Hub;Porto Velho;RO;07/06/2023 09:31;CD-202;3- Cross-Docking com ASM;Araguaína;TO;21:00;5;15.642
1154;22/07/2022 20:06;CD-229;2- Cross-Docking sem ASM;Arapiraca;AL;23/07/2022 15:06;CD-040;5- Last Mile Hub;Cascavel;PR;19:00;2;6.136
1155;13/02/2024 08:54;CD-247;4- Híbrido (Fulfillment);Aracaju;SE;14/02/2024 16:54;CD-049;3- Cross-Docking com ASM;São José;SC;32:00;4;12.600
1156;04/02/2024 04:51;CD-201;2- Cross-Docking sem ASM;Nossa Senhora do Socorro;SE;05/02/2024 13:51;CD-244;4- Híbrido (Fulfillment);Araguaína;TO;33:00;3;9.461
1157;07/03/2024 05:48;CD-130;4- Híbrido (Fulfillment);Mossoró;RN;08/03/2024 11:48;CD-177;3- Cross-Docking com ASM;Canoas;RS;30:00;5;15.167
1158;09/10/2025 19:50;CD-170;3- Cross-Docking com ASM;João Pessoa;PB;10/10/2025 22:50;CD-197;4- Híbrido (Fulfillment);Santana;AP;27:00;3;9.093
1159;09/01/2022 22:08;CD-064;2- Cross-Docking sem ASM;Ananindeua;PA;10/01/2022 20:08;CD-172;3- Cross-Docking com ASM;Porto Velho;RO;22:00;1;2.922
1160;08/02/2024 13:44;CD-140;2- Cross-Docking sem ASM;Picos;PI;10/02/2024 16:44;CD-222;4- Híbrido (Fulfillment);Porto Velho;RO;51:00;5;16.005
1161;08/09/2022 17:46;CD-020;1- First Mile Hub;Belford Roxo;RJ;10/09/2022 19:46;CD-158;3- Cross-Docking com ASM;Ji-Paraná;RO;50:00;2;6.078
1162;12/04/2025 20:06;CD-252;4- Híbrido (Fulfillment);Caracaraí;RR;14/04/2025 03:06;CD-047;3- Cross-Docking com ASM;Joinville;SC;31:00;3;8.934
1163;12/01/2025 21:50;CD-025;2- Cross-Docking sem ASM;Contagem;MG;15/01/2025 11:50;CD-168;3- Cross-Docking com ASM;Salvador;BA;62:00;5;15.164
1164;20/02/2025 16:46;CD-117;2- Cross-Docking sem ASM;Cascavel;PR;22/02/2025 05:46;CD-001;5- Last Mile Hub;São Paulo;SP;37:00;4;12.251
1165;16/07/2024 19:46;CD-237;4- Híbrido (Fulfillment);Guarulhos;SP;18/07/2024 12:46;CD-242;3- Cross-Docking com ASM;Serra;ES;41:00;1;2.851
1166;07/02/2025 14:44;CD-238;3- Cross-Docking com ASM;Santarém;PA;08/02/2025 14:44;CD-233;2- Cross-Docking sem ASM;Mogi das Cruzes;SP;24:00;5;15.664
1167;10/05/2024 20:05;CD-184;3- Cross-Docking com ASM;Araguaína;TO;11/05/2024 15:05;CD-194;5- Last Mile Hub;Camaçari;BA;19:00;1;2.913
1168;07/03/2025 16:10;CD-155;1- First Mile Hub;Guarulhos;SP;08/03/2025 12:10;CD-138;3- Cross-Docking com ASM;Boa Vista;RR;20:00;5;15.545
1169;26/08/2023 15:04;CD-221;1- First Mile Hub;Campina Grande;PB;28/08/2023 04:04;CD-216;4- Híbrido (Fulfillment);Itacoatiara;AM;37:00;5;15.606
1170;05/11/2022 07:38;CD-138;3- Cross-Docking com ASM;Boa Vista;RR;06/11/2022 23:38;CD-084;5- Last Mile Hub;Parnaíba;PI;40:00;5;15.354
1171;17/06/2025 15:23;CD-074;2- Cross-Docking sem ASM;Vila Velha;ES;20/06/2025 03:23;CD-219;4- Híbrido (Fulfillment);Rio Verde;GO;60:00;1;3.169
1172;21/07/2022 05:50;CD-035;1- First Mile Hub;Itabuna;BA;22/07/2022 03:50;CD-238;3- Cross-Docking com ASM;Santarém;PA;22:00;1;2.892
1173;09/12/2022 16:30;CD-171;2- Cross-Docking sem ASM;Santa Rita;PB;10/12/2022 19:30;CD-099;3- Cross-Docking com ASM;Ji-Paraná;RO;27:00;3;9.205
1174;11/03/2022 11:24;CD-024;2- Cross-Docking sem ASM;Uberlândia;MG;13/03/2022 12:24;CD-145;3- Cross-Docking com ASM;Belém;PA;49:00;3;8.721
1175;23/10/2024 01:10;CD-072;1- First Mile Hub;Itacoatiara;AM;25/10/2024 08:10;CD-025;2- Cross-Docking sem ASM;Contagem;MG;55:00;5;15.205
1176;22/06/2025 13:17;CD-024;2- Cross-Docking sem ASM;Uberlândia;MG;23/06/2025 07:17;CD-170;3- Cross-Docking com ASM;João Pessoa;PB;18:00;2;6.105
1177;22/12/2023 08:41;CD-166;4- Híbrido (Fulfillment);São Luís;MA;23/12/2023 07:41;CD-023;5- Last Mile Hub;Belo Horizonte;MG;23:00;4;12.526
1178;12/12/2024 14:14;CD-123;2- Cross-Docking sem ASM;Goiânia;GO;14/12/2024 19:14;CD-156;4- Híbrido (Fulfillment);Várzea Grande;MT;53:00;1;3.041
1179;28/05/2024 09:21;CD-051;4- Híbrido (Fulfillment);Caucaia;CE;30/05/2024 05:21;CD-043;3- Cross-Docking com ASM;Canoas;RS;44:00;3;9.353
1180;06/07/2023 01:46;CD-255;3- Cross-Docking com ASM;Araguaína;TO;07/07/2023 04:46;CD-206;5- Last Mile Hub;Lagarto;SE;27:00;3;9.239
1181;18/10/2022 22:06;CD-075;1- First Mile Hub;Serra;ES;21/10/2022 05:06;CD-068;4- Híbrido (Fulfillment);Imperatriz;MA;55:00;3;9.535
1182;26/12/2022 06:08;CD-193;2- Cross-Docking sem ASM;Serra;ES;27/12/2022 10:08;CD-176;5- Last Mile Hub;Brasília;DF;28:00;1;3.015
1183;03/03/2024 09:27;CD-126;1- First Mile Hub;Sorocaba;SP;03/03/2024 22:27;CD-104;4- Híbrido (Fulfillment);Rio Branco;AC;13:00;4;12.329
1184;09/04/2025 19:39;CD-203;1- First Mile Hub;Marabá;PA;12/04/2025 08:39;CD-051;4- Híbrido (Fulfillment);Caucaia;CE;61:00;4;12.642
1185;03/10/2024 17:51;CD-147;2- Cross-Docking sem ASM;Blumenau;SC;05/10/2024 07:51;CD-102;5- Last Mile Hub;Santana;AP;38:00;5;15.193
1186;17/11/2025 06:11;CD-166;4- Híbrido (Fulfillment);São Luís;MA;18/11/2025 02:11;CD-144;2- Cross-Docking sem ASM;João Pessoa;PB;20:00;4;12.384
1187;25/08/2025 07:37;CD-051;4- Híbrido (Fulfillment);Caucaia;CE;26/08/2025 21:37;CD-245;3- Cross-Docking com ASM;Gurupi;TO;38:00;1;2.920
1188;06/06/2025 00:45;CD-157;2- Cross-Docking sem ASM;Canoas;RS;07/06/2025 11:45;CD-050;4- Híbrido (Fulfillment);Fortaleza;CE;35:00;1;3.146
1189;14/06/2022 12:48;CD-118;1- First Mile Hub;Brasília;DF;16/06/2022 21:48;CD-217;4- Híbrido (Fulfillment);Niterói;RJ;57:00;2;6.377
1190;27/08/2023 01:05;CD-245;3- Cross-Docking com ASM;Gurupi;TO;28/08/2023 11:05;CD-089;4- Híbrido (Fulfillment);Aracaju;SE;34:00;5;14.668
1191;08/04/2022 17:02;CD-022;3- Cross-Docking com ASM;São João de Meriti;RJ;10/04/2022 04:02;CD-124;2- Cross-Docking sem ASM;Recife;PE;35:00;5;15.396
1192;23/02/2024 19:43;CD-238;3- Cross-Docking com ASM;Santarém;PA;24/02/2024 21:43;CD-039;5- Last Mile Hub;Ponta Grossa;PR;26:00;2;6.340
1193;03/04/2022 23:29;CD-190;1- First Mile Hub;Campina Grande;PB;04/04/2022 12:29;CD-063;4- Híbrido (Fulfillment);Belém;PA;13:00;1;2.987
1194;10/10/2022 08:26;CD-114;2- Cross-Docking sem ASM;Laranjal do Jari;AP;11/10/2022 01:26;CD-022;3- Cross-Docking com ASM;São João de Meriti;RJ;17:00;5;15.596
1195;04/03/2025 18:41;CD-207;4- Híbrido (Fulfillment);Rio Branco;AC;07/03/2025 09:41;CD-059;2- Cross-Docking sem ASM;Goiânia;GO;63:00;1;3.300
1196;19/11/2023 21:53;CD-120;2- Cross-Docking sem ASM;Maceió;AL;21/11/2023 19:53;CD-247;4- Híbrido (Fulfillment);Aracaju;SE;46:00;5;15.353
1197;03/06/2024 04:11;CD-231;3- Cross-Docking com ASM;São José dos Campos;SP;04/06/2024 07:11;CD-114;2- Cross-Docking sem ASM;Laranjal do Jari;AP;27:00;4;12.334
1198;02/12/2023 21:11;CD-207;4- Híbrido (Fulfillment);Rio Branco;AC;03/12/2023 09:11;CD-112;5- Last Mile Hub;Gurupi;TO;12:00;4;11.815
1199;27/12/2023 04:47;CD-205;1- First Mile Hub;Belo Horizonte;MG;27/12/2023 09:47;CD-211;4- Híbrido (Fulfillment);Juiz de Fora;MG;05:00;4;11.879
1200;09/04/2025 21:37;CD-225;1- First Mile Hub;São Paulo;SP;12/04/2025 02:37;CD-183;3- Cross-Docking com ASM;Jaboatão dos Guararapes;PE;53:00;1;3.100
1201;05/12/2023 21:28;CD-017;1- First Mile Hub;Duque de Caxias;RJ;08/12/2023 06:28;CD-009;2- Cross-Docking sem ASM;Sorocaba;SP;57:00;5;14.736
1202;12/12/2024 22:58;CD-081;3- Cross-Docking com ASM;Campina Grande;PB;15/12/2024 07:58;CD-159;5- Last Mile Hub;Rorainópolis;RR;57:00;5;15.490
1203;20/10/2025 03:11;CD-171;2- Cross-Docking sem ASM;Santa Rita;PB;22/10/2025 12:11;CD-061;3- Cross-Docking com ASM;Anápolis;GO;57:00;2;6.181
1204;28/03/2024 19:36;CD-221;1- First Mile Hub;Campina Grande;PB;29/03/2024 09:36;CD-172;3- Cross-Docking com ASM;Porto Velho;RO;14:00;2;6.073
1205;21/05/2025 20:19;CD-154;2- Cross-Docking sem ASM;Maringá;PR;24/05/2025 00:19;CD-217;4- Híbrido (Fulfillment);Niterói;RJ;52:00;3;9.248
1206;27/02/2024 07:03;CD-231;3- Cross-Docking com ASM;São José dos Campos;SP;28/02/2024 12:03;CD-212;2- Cross-Docking sem ASM;Anápolis;GO;29:00;5;15.910
1207;14/03/2025 23:54;CD-193;2- Cross-Docking sem ASM;Serra;ES;16/03/2025 04:54;CD-014;4- Híbrido (Fulfillment);Piracicaba;SP;29:00;2;5.955
1208;02/01/2023 02:16;CD-025;2- Cross-Docking sem ASM;Contagem;MG;03/01/2023 15:16;CD-264;4- Híbrido (Fulfillment);São José dos Campos;SP;37:00;4;12.614
1209;11/11/2025 01:08;CD-132;3- Cross-Docking com ASM;Porto Velho;RO;13/11/2025 16:08;CD-052;5- Last Mile Hub;Juazeiro do Norte;CE;63:00;1;3.043
1210;10/06/2023 18:36;CD-087;1- First Mile Hub;Arapiraca;AL;11/06/2023 11:36;CD-244;4- Híbrido (Fulfillment);Araguaína;TO;17:00;5;15.672
1211;05/12/2023 22:11;CD-003;4- Híbrido (Fulfillment);Campinas;SP;08/12/2023 10:11;CD-069;5- Last Mile Hub;Timon;MA;60:00;3;9.067
1212;08/06/2022 04:50;CD-229;2- Cross-Docking sem ASM;Arapiraca;AL;08/06/2022 19:50;CD-237;4- Híbrido (Fulfillment);Guarulhos;SP;15:00;2;6.226
1213;14/10/2022 22:52;CD-139;1- First Mile Hub;São Luís;MA;17/10/2022 00:52;CD-152;2- Cross-Docking sem ASM;Palmeira dos Índios;AL;50:00;5;15.472
1214;07/05/2023 21:20;CD-067;1- First Mile Hub;São Luís;MA;09/05/2023 12:20;CD-265;2- Cross-Docking sem ASM;Itabuna;BA;39:00;1;2.808
1215;21/10/2024 19:05;CD-099;3- Cross-Docking com ASM;Ji-Paraná;RO;22/10/2024 20:05;CD-016;2- Cross-Docking sem ASM;São Gonçalo;RJ;25:00;4;12.526
1216;07/08/2023 16:04;CD-232;3- Cross-Docking com ASM;Macapá;AP;09/08/2023 08:04;CD-124;2- Cross-Docking sem ASM;Recife;PE;40:00;2;6.154
1217;09/11/2024 20:26;CD-181;1- First Mile Hub;Caucaia;CE;12/11/2024 01:26;CD-237;4- Híbrido (Fulfillment);Guarulhos;SP;53:00;3;9.453
1218;22/02/2024 08:37;CD-006;2- Cross-Docking sem ASM;Osasco;SP;23/02/2024 13:37;CD-068;4- Híbrido (Fulfillment);Imperatriz;MA;29:00;3;9.159
1219;13/07/2024 17:59;CD-192;1- First Mile Hub;Gurupi;TO;14/07/2024 14:59;CD-123;2- Cross-Docking sem ASM;Goiânia;GO;21:00;1;2.965
1220;02/07/2023 15:09;CD-148;1- First Mile Hub;Goiânia;GO;03/07/2023 01:09;CD-222;4- Híbrido (Fulfillment);Porto Velho;RO;10:00;5;15.915
1221;16/01/2025 03:12;CD-262;4- Híbrido (Fulfillment);Betim;MG;17/01/2025 15:12;CD-007;2- Cross-Docking sem ASM;São José dos Campos;SP;36:00;3;9.658
1222;09/04/2025 21:22;CD-208;2- Cross-Docking sem ASM;Blumenau;SC;11/04/2025 22:22;CD-141;5- Last Mile Hub;Gurupi;TO;49:00;5;15.240
1223;23/03/2024 02:43;CD-198;1- First Mile Hub;Arapiraca;AL;23/03/2024 06:43;CD-175;3- Cross-Docking com ASM;Palmeira dos Índios;AL;04:00;1;2.779
1224;11/01/2025 08:13;CD-180;3- Cross-Docking com ASM;Rio de Janeiro;RJ;11/01/2025 10:13;CD-019;5- Last Mile Hub;Niterói;RJ;02:00;3;8.890
1225;28/06/2024 11:51;CD-091;1- First Mile Hub;Lagarto;SE;30/06/2024 02:51;CD-034;4- Híbrido (Fulfillment);Camaçari;BA;39:00;4;12.449
1226;26/06/2023 05:39;CD-228;1- First Mile Hub;Natal;RN;28/06/2023 09:39;CD-162;4- Híbrido (Fulfillment);Ariquemes;RO;52:00;1;3.162
1227;16/12/2023 22:39;CD-099;3- Cross-Docking com ASM;Ji-Paraná;RO;18/12/2023 14:39;CD-055;4- Híbrido (Fulfillment);Jaboatão dos Guararapes;PE;40:00;3;8.710
1228;26/02/2025 17:11;CD-245;3- Cross-Docking com ASM;Gurupi;TO;28/02/2025 07:11;CD-069;5- Last Mile Hub;Timon;MA;38:00;1;3.150
1229;14/12/2022 19:51;CD-015;2- Cross-Docking sem ASM;Rio de Janeiro;RJ;16/12/2022 18:51;CD-141;5- Last Mile Hub;Gurupi;TO;47:00;4;12.684
1230;21/06/2022 15:38;CD-242;3- Cross-Docking com ASM;Serra;ES;22/06/2022 06:38;CD-023;5- Last Mile Hub;Belo Horizonte;MG;15:00;5;15.115
1231;12/06/2023 13:07;CD-156;4- Híbrido (Fulfillment);Várzea Grande;MT;14/06/2023 01:07;CD-102;5- Last Mile Hub;Santana;AP;36:00;5;14.983
1232;25/04/2024 18:00;CD-076;4- Híbrido (Fulfillment);Cariacica;ES;27/04/2024 10:00;CD-092;5- Last Mile Hub;Cuiabá;MT;40:00;1;2.760
1233;02/12/2023 09:20;CD-184;3- Cross-Docking com ASM;Araguaína;TO;03/12/2023 00:20;CD-243;2- Cross-Docking sem ASM;Natal;RN;15:00;5;15.178
1234;12/12/2024 04:44;CD-111;2- Cross-Docking sem ASM;Araguaína;TO;13/12/2024 23:44;CD-032;4- Híbrido (Fulfillment);Feira de Santana;BA;43:00;4;12.119
1235;12/06/2022 10:12;CD-075;1- First Mile Hub;Serra;ES;14/06/2022 14:12;CD-204;3- Cross-Docking com ASM;Caucaia;CE;52:00;1;3.084
1236;20/05/2023 10:24;CD-174;3- Cross-Docking com ASM;Caracaraí;RR;22/05/2023 22:24;CD-092;5- Last Mile Hub;Cuiabá;MT;60:00;2;6.401
1237;04/07/2023 11:19;CD-042;2- Cross-Docking sem ASM;Caxias do Sul;RS;06/07/2023 03:19;CD-063;4- Híbrido (Fulfillment);Belém;PA;40:00;2;6.064
1238;01/08/2022 16:09;CD-212;2- Cross-Docking sem ASM;Anápolis;GO;02/08/2022 04:09;CD-182;3- Cross-Docking com ASM;Cruzeiro do Sul;AC;12:00;3;9.308
1239;04/09/2024 13:37;CD-059;2- Cross-Docking sem ASM;Goiânia;GO;06/09/2024 12:37;CD-185;4- Híbrido (Fulfillment);Marabá;PA;47:00;3;9.192
1240;24/06/2024 04:53;CD-190;1- First Mile Hub;Campina Grande;PB;25/06/2024 05:53;CD-056;4- Híbrido (Fulfillment);Olinda;PE;25:00;2;6.081
1241;27/04/2023 08:26;CD-175;3- Cross-Docking com ASM;Palmeira dos Índios;AL;27/04/2023 21:26;CD-025;2- Cross-Docking sem ASM;Contagem;MG;13:00;4;12.096
1242;26/11/2025 08:42;CD-021;2- Cross-Docking sem ASM;Campos dos Goytacazes;RJ;28/11/2025 10:42;CD-178;4- Híbrido (Fulfillment);Timon;MA;50:00;3;9.056
1243;16/06/2023 12:11;CD-016;2- Cross-Docking sem ASM;São Gonçalo;RJ;18/06/2023 18:11;CD-218;4- Híbrido (Fulfillment);Uberlândia;MG;54:00;3;8.612
1244;13/12/2025 17:24;CD-132;3- Cross-Docking com ASM;Porto Velho;RO;14/12/2025 08:24;CD-015;2- Cross-Docking sem ASM;Rio de Janeiro;RJ;15:00;2;6.092
1245;19/07/2023 06:35;CD-174;3- Cross-Docking com ASM;Caracaraí;RR;21/07/2023 12:35;CD-165;4- Híbrido (Fulfillment);Palmeira dos Índios;AL;54:00;4;12.198
1246;03/06/2022 03:56;CD-225;1- First Mile Hub;São Paulo;SP;05/06/2022 03:56;CD-247;4- Híbrido (Fulfillment);Aracaju;SE;48:00;5;15.240
1247;25/08/2023 23:30;CD-036;4- Híbrido (Fulfillment);Curitiba;PR;26/08/2023 12:30;CD-058;2- Cross-Docking sem ASM;Petrolina;PE;13:00;4;11.854
1248;09/01/2023 21:03;CD-128;2- Cross-Docking sem ASM;Mauá;SP;11/01/2023 10:03;CD-104;4- Híbrido (Fulfillment);Rio Branco;AC;37:00;2;6.362
1249;25/10/2024 16:56;CD-075;1- First Mile Hub;Serra;ES;27/10/2024 02:56;CD-199;2- Cross-Docking sem ASM;Várzea Grande;MT;34:00;4;12.169
1250;17/10/2023 12:53;CD-224;3- Cross-Docking com ASM;Caucaia;CE;18/10/2023 04:53;CD-009;2- Cross-Docking sem ASM;Sorocaba;SP;16:00;1;2.857
1251;21/08/2024 07:13;CD-233;2- Cross-Docking sem ASM;Mogi das Cruzes;SP;22/08/2024 00:13;CD-174;3- Cross-Docking com ASM;Caracaraí;RR;17:00;1;3.256
1252;14/08/2022 12:55;CD-211;4- Híbrido (Fulfillment);Juiz de Fora;MG;15/08/2022 23:55;CD-039;5- Last Mile Hub;Ponta Grossa;PR;35:00;2;6.082
1253;21/12/2024 02:24;CD-249;4- Híbrido (Fulfillment);Guarulhos;SP;23/12/2024 15:24;CD-140;2- Cross-Docking sem ASM;Picos;PI;61:00;5;15.600
1254;24/01/2025 08:57;CD-253;2- Cross-Docking sem ASM;Petrolina;PE;25/01/2025 20:57;CD-040;5- Last Mile Hub;Cascavel;PR;36:00;1;2.803
1255;24/09/2025 18:37;CD-160;3- Cross-Docking com ASM;Vitória da Conquista;BA;26/09/2025 21:37;CD-218;4- Híbrido (Fulfillment);Uberlândia;MG;51:00;1;3.012
1256;26/05/2025 15:54;CD-093;3- Cross-Docking com ASM;Várzea Grande;MT;28/05/2025 05:54;CD-259;5- Last Mile Hub;São Luís;MA;38:00;5;15.508
1257;07/10/2022 18:02;CD-231;3- Cross-Docking com ASM;São José dos Campos;SP;08/10/2022 16:02;CD-144;2- Cross-Docking sem ASM;João Pessoa;PB;22:00;3;8.558
1258;22/11/2022 14:22;CD-048;3- Cross-Docking com ASM;Blumenau;SC;24/11/2022 15:22;CD-012;4- Híbrido (Fulfillment);Mogi das Cruzes;SP;49:00;3;8.798
1259;28/11/2022 13:41;CD-043;3- Cross-Docking com ASM;Canoas;RS;30/11/2022 16:41;CD-055;4- Híbrido (Fulfillment);Jaboatão dos Guararapes;PE;51:00;4;12.422
1260;03/04/2025 16:15;CD-135;2- Cross-Docking sem ASM;Arapiraca;AL;06/04/2025 01:15;CD-068;4- Híbrido (Fulfillment);Imperatriz;MA;57:00;3;8.980
1261;22/11/2023 11:02;CD-033;3- Cross-Docking com ASM;Vitória da Conquista;BA;23/11/2023 20:02;CD-054;4- Híbrido (Fulfillment);Recife;PE;33:00;3;8.632
1262;07/07/2023 11:08;CD-172;3- Cross-Docking com ASM;Porto Velho;RO;08/07/2023 13:08;CD-074;2- Cross-Docking sem ASM;Vila Velha;ES;26:00;1;2.927
1263;22/03/2025 11:09;CD-242;3- Cross-Docking com ASM;Serra;ES;24/03/2025 16:09;CD-197;4- Híbrido (Fulfillment);Santana;AP;53:00;1;3.110
1264;19/11/2024 01:00;CD-248;2- Cross-Docking sem ASM;Gurupi;TO;21/11/2024 03:00;CD-044;4- Híbrido (Fulfillment);Pelotas;RS;50:00;5;15.809
1265;10/02/2022 03:27;CD-086;1- First Mile Hub;Maceió;AL;11/02/2022 14:27;CD-182;3- Cross-Docking com ASM;Cruzeiro do Sul;AC;35:00;1;3.075
1266;14/07/2024 03:05;CD-165;4- Híbrido (Fulfillment);Palmeira dos Índios;AL;15/07/2024 14:05;CD-168;3- Cross-Docking com ASM;Salvador;BA;35:00;4;12.292
1267;06/01/2022 23:24;CD-186;1- First Mile Hub;Parnamirim;RN;07/01/2022 10:24;CD-027;2- Cross-Docking sem ASM;Betim;MG;11:00;5;15.169
1268;09/06/2022 12:55;CD-087;1- First Mile Hub;Arapiraca;AL;11/06/2022 23:55;CD-012;4- Híbrido (Fulfillment);Mogi das Cruzes;SP;59:00;5;14.903
1269;04/06/2022 23:17;CD-142;2- Cross-Docking sem ASM;Nossa Senhora do Socorro;SE;05/06/2022 21:17;CD-003;4- Híbrido (Fulfillment);Campinas;SP;22:00;5;15.119
1270;08/12/2024 00:43;CD-079;1- First Mile Hub;Parnamirim;RN;08/12/2024 19:43;CD-117;2- Cross-Docking sem ASM;Cascavel;PR;19:00;4;12.278
1271;06/08/2024 08:43;CD-110;1- First Mile Hub;Palmas;TO;08/08/2024 13:43;CD-002;2- Cross-Docking sem ASM;Guarulhos;SP;53:00;5;15.319
1272;11/03/2025 23:29;CD-007;2- Cross-Docking sem ASM;São José dos Campos;SP;13/03/2025 12:29;CD-054;4- Híbrido (Fulfillment);Recife;PE;37:00;2;6.123
1273;20/11/2023 09:12;CD-248;2- Cross-Docking sem ASM;Gurupi;TO;21/11/2023 22:12;CD-252;4- Híbrido (Fulfillment);Caracaraí;RR;37:00;3;9.655
1274;25/02/2022 16:24;CD-221;1- First Mile Hub;Campina Grande;PB;27/02/2022 19:24;CD-250;4- Híbrido (Fulfillment);Piracicaba;SP;51:00;2;5.748
1275;09/06/2025 06:32;CD-075;1- First Mile Hub;Serra;ES;10/06/2025 15:32;CD-231;3- Cross-Docking com ASM;São José dos Campos;SP;33:00;1;3.122
1276;08/02/2025 18:26;CD-180;3- Cross-Docking com ASM;Rio de Janeiro;RJ;08/02/2025 21:26;CD-016;2- Cross-Docking sem ASM;São Gonçalo;RJ;03:00;3;8.972
1277;25/04/2023 11:07;CD-171;2- Cross-Docking sem ASM;Santa Rita;PB;26/04/2023 16:07;CD-112;5- Last Mile Hub;Gurupi;TO;29:00;4;11.942
1278;27/11/2022 14:52;CD-007;2- Cross-Docking sem ASM;São José dos Campos;SP;29/11/2022 21:52;CD-113;4- Híbrido (Fulfillment);Brasília;DF;55:00;2;5.729
1279;28/09/2022 00:14;CD-033;3- Cross-Docking com ASM;Vitória da Conquista;BA;29/09/2022 17:14;CD-208;2- Cross-Docking sem ASM;Blumenau;SC;41:00;4;12.008
1280;22/10/2025 12:19;CD-203;1- First Mile Hub;Marabá;PA;23/10/2025 15:19;CD-243;2- Cross-Docking sem ASM;Natal;RN;27:00;4;12.097
1281;03/09/2022 19:13;CD-168;3- Cross-Docking com ASM;Salvador;BA;04/09/2022 06:13;CD-040;5- Last Mile Hub;Cascavel;PR;11:00;3;8.849
1282;28/07/2022 18:08;CD-186;1- First Mile Hub;Parnamirim;RN;29/07/2022 16:08;CD-002;2- Cross-Docking sem ASM;Guarulhos;SP;22:00;1;2.830
1283;11/01/2024 07:54;CD-211;4- Híbrido (Fulfillment);Juiz de Fora;MG;12/01/2024 00:54;CD-135;2- Cross-Docking sem ASM;Arapiraca;AL;17:00;4;12.408
1284;26/07/2025 21:50;CD-182;3- Cross-Docking com ASM;Cruzeiro do Sul;AC;28/07/2025 20:50;CD-097;4- Híbrido (Fulfillment);Três Lagoas;MS;47:00;4;12.132
1285;21/03/2024 19:26;CD-105;1- First Mile Hub;Cruzeiro do Sul;AC;23/03/2024 12:26;CD-021;2- Cross-Docking sem ASM;Campos dos Goytacazes;RJ;41:00;5;15.355
1286;18/06/2023 07:24;CD-244;4- Híbrido (Fulfillment);Araguaína;TO;19/06/2023 19:24;CD-083;3- Cross-Docking com ASM;Teresina;PI;36:00;2;6.052
1287;02/11/2023 19:56;CD-093;3- Cross-Docking com ASM;Várzea Grande;MT;04/11/2023 02:56;CD-016;2- Cross-Docking sem ASM;São Gonçalo;RJ;31:00;5;15.349
1288;17/10/2022 15:22;CD-008;1- First Mile Hub;Ribeirão Preto;SP;19/10/2022 05:22;CD-129;2- Cross-Docking sem ASM;Uberlândia;MG;38:00;3;8.801
1289;21/02/2023 04:57;CD-088;2- Cross-Docking sem ASM;Palmeira dos Índios;AL;21/02/2023 11:57;CD-175;3- Cross-Docking com ASM;Palmeira dos Índios;AL;07:00;3;9.347
1290;02/06/2022 18:11;CD-105;1- First Mile Hub;Cruzeiro do Sul;AC;04/06/2022 10:11;CD-157;2- Cross-Docking sem ASM;Canoas;RS;40:00;5;15.070
1291;10/10/2023 05:19;CD-068;4- Híbrido (Fulfillment);Imperatriz;MA;12/10/2023 06:19;CD-084;5- Last Mile Hub;Parnaíba;PI;49:00;3;8.842
1292;26/01/2023 22:07;CD-152;2- Cross-Docking sem ASM;Palmeira dos Índios;AL;28/01/2023 02:07;CD-130;4- Híbrido (Fulfillment);Mossoró;RN;28:00;1;3.212
1293;09/07/2024 05:58;CD-202;3- Cross-Docking com ASM;Araguaína;TO;10/07/2024 20:58;CD-064;2- Cross-Docking sem ASM;Ananindeua;PA;39:00;2;6.315
1294;12/02/2023 17:09;CD-234;3- Cross-Docking com ASM;Santo André;SP;12/02/2023 22:09;CD-200;4- Híbrido (Fulfillment);Osasco;SP;05:00;3;9.430
1295;10/04/2025 00:51;CD-220;1- First Mile Hub;Curitiba;PR;11/04/2025 08:51;CD-200;4- Híbrido (Fulfillment);Osasco;SP;32:00;5;15.526
1296;03/04/2022 19:54;CD-006;2- Cross-Docking sem ASM;Osasco;SP;05/04/2022 12:54;CD-041;5- Last Mile Hub;Porto Alegre;RS;41:00;3;9.306
1297;19/01/2024 02:45;CD-240;2- Cross-Docking sem ASM;Betim;MG;20/01/2024 22:45;CD-054;4- Híbrido (Fulfillment);Recife;PE;44:00;4;12.573
1298;09/06/2025 10:18;CD-195;3- Cross-Docking com ASM;Ji-Paraná;RO;10/06/2025 12:18;CD-130;4- Híbrido (Fulfillment);Mossoró;RN;26:00;1;3.026
1299;22/10/2025 06:45;CD-148;1- First Mile Hub;Goiânia;GO;23/10/2025 17:45;CD-042;2- Cross-Docking sem ASM;Caxias do Sul;RS;35:00;1;3.215
1300;18/05/2023 01:51;CD-203;1- First Mile Hub;Marabá;PA;18/05/2023 18:51;CD-158;3- Cross-Docking com ASM;Ji-Paraná;RO;17:00;3;9.011
1301;07/05/2022 06:38;CD-027;2- Cross-Docking sem ASM;Betim;MG;09/05/2022 05:38;CD-183;3- Cross-Docking com ASM;Jaboatão dos Guararapes;PE;47:00;5;15.125
1302;03/06/2024 04:15;CD-168;3- Cross-Docking com ASM;Salvador;BA;04/06/2024 13:15;CD-112;5- Last Mile Hub;Gurupi;TO;33:00;2;6.239
1303;12/05/2025 09:31;CD-201;2- Cross-Docking sem ASM;Nossa Senhora do Socorro;SE;14/05/2025 06:31;CD-036;4- Híbrido (Fulfillment);Curitiba;PR;45:00;4;12.638
1304;09/04/2023 06:04;CD-013;3- Cross-Docking com ASM;Jundiaí;SP;09/04/2023 11:04;CD-237;4- Híbrido (Fulfillment);Guarulhos;SP;05:00;1;3.056
1305;05/08/2022 13:32;CD-248;2- Cross-Docking sem ASM;Gurupi;TO;07/08/2022 18:32;CD-256;5- Last Mile Hub;Rio Branco;AC;53:00;3;9.409
1306;11/07/2022 20:42;CD-231;3- Cross-Docking com ASM;São José dos Campos;SP;13/07/2022 11:42;CD-129;2- Cross-Docking sem ASM;Uberlândia;MG;39:00;1;3.093
1307;28/10/2024 02:10;CD-253;2- Cross-Docking sem ASM;Petrolina;PE;29/10/2024 06:10;CD-052;5- Last Mile Hub;Juazeiro do Norte;CE;28:00;3;9.039
1308;14/09/2023 22:16;CD-234;3- Cross-Docking com ASM;Santo André;SP;15/09/2023 16:16;CD-248;2- Cross-Docking sem ASM;Gurupi;TO;18:00;5;15.135
1309;11/11/2024 11:34;CD-051;4- Híbrido (Fulfillment);Caucaia;CE;13/11/2024 10:34;CD-132;3- Cross-Docking com ASM;Porto Velho;RO;47:00;5;14.760
1310;12/09/2025 10:18;CD-170;3- Cross-Docking com ASM;João Pessoa;PB;13/09/2025 05:18;CD-240;2- Cross-Docking sem ASM;Betim;MG;19:00;4;12.815
1311;09/12/2023 17:54;CD-218;4- Híbrido (Fulfillment);Uberlândia;MG;11/12/2023 14:54;CD-039;5- Last Mile Hub;Ponta Grossa;PR;45:00;3;9.638
1312;19/10/2024 15:10;CD-218;4- Híbrido (Fulfillment);Uberlândia;MG;22/10/2024 04:10;CD-255;3- Cross-Docking com ASM;Araguaína;TO;61:00;2;6.339
1313;13/07/2022 07:36;CD-051;4- Híbrido (Fulfillment);Caucaia;CE;15/07/2022 13:36;CD-065;5- Last Mile Hub;Santarém;PA;54:00;1;3.154
1314;23/12/2025 19:14;CD-064;2- Cross-Docking sem ASM;Ananindeua;PA;25/12/2025 23:14;CD-133;3- Cross-Docking com ASM;Rio de Janeiro;RJ;52:00;5;15.085
1315;13/12/2024 15:05;CD-253;2- Cross-Docking sem ASM;Petrolina;PE;14/12/2024 18:05;CD-244;4- Híbrido (Fulfillment);Araguaína;TO;27:00;5;15.495
1316;05/11/2023 09:05;CD-129;2- Cross-Docking sem ASM;Uberlândia;MG;05/11/2023 19:05;CD-216;4- Híbrido (Fulfillment);Itacoatiara;AM;10:00;4;12.393
1317;18/10/2025 20:22;CD-257;1- First Mile Hub;São José;SC;20/10/2025 19:22;CD-015;2- Cross-Docking sem ASM;Rio de Janeiro;RJ;47:00;4;11.662
1318;16/10/2023 04:31;CD-059;2- Cross-Docking sem ASM;Goiânia;GO;18/10/2023 16:31;CD-036;4- Híbrido (Fulfillment);Curitiba;PR;60:00;4;11.987
1319;03/09/2023 06:17;CD-250;4- Híbrido (Fulfillment);Piracicaba;SP;05/09/2023 02:17;CD-025;2- Cross-Docking sem ASM;Contagem;MG;44:00;2;6.438
1320;15/12/2022 01:00;CD-262;4- Híbrido (Fulfillment);Betim;MG;15/12/2022 04:00;CD-129;2- Cross-Docking sem ASM;Uberlândia;MG;03:00;1;3.009
1321;18/08/2023 18:03;CD-073;4- Híbrido (Fulfillment);Vitória;ES;20/08/2023 03:03;CD-100;5- Last Mile Hub;Ariquemes;RO;33:00;2;6.162
1322;06/11/2022 01:51;CD-093;3- Cross-Docking com ASM;Várzea Grande;MT;07/11/2022 17:51;CD-163;2- Cross-Docking sem ASM;Canoas;RS;40:00;4;12.501
1323;05/07/2022 03:17;CD-025;2- Cross-Docking sem ASM;Contagem;MG;06/07/2022 08:17;CD-019;5- Last Mile Hub;Niterói;RJ;29:00;5;15.550
1324;20/06/2023 04:07;CD-221;1- First Mile Hub;Campina Grande;PB;21/06/2023 02:07;CD-202;3- Cross-Docking com ASM;Araguaína;TO;22:00;4;12.451
1325;06/04/2023 19:16;CD-227;2- Cross-Docking sem ASM;Aparecida de Goiânia;GO;07/04/2023 19:16;CD-156;4- Híbrido (Fulfillment);Várzea Grande;MT;24:00;5;15.278
1326;21/11/2025 19:18;CD-044;4- Híbrido (Fulfillment);Pelotas;RS;24/11/2025 09:18;CD-189;5- Last Mile Hub;Santos;SP;62:00;1;2.795
1327;10/04/2023 15:59;CD-042;2- Cross-Docking sem ASM;Caxias do Sul;RS;12/04/2023 02:59;CD-040;5- Last Mile Hub;Cascavel;PR;35:00;5;15.269
1328;14/10/2022 15:50;CD-262;4- Híbrido (Fulfillment);Betim;MG;15/10/2022 10:50;CD-133;3- Cross-Docking com ASM;Rio de Janeiro;RJ;19:00;4;12.171
1329;16/05/2025 21:53;CD-238;3- Cross-Docking com ASM;Santarém;PA;19/05/2025 06:53;CD-044;4- Híbrido (Fulfillment);Pelotas;RS;57:00;3;8.550
1330;18/10/2025 17:22;CD-211;4- Híbrido (Fulfillment);Juiz de Fora;MG;20/10/2025 03:22;CD-128;2- Cross-Docking sem ASM;Mauá;SP;34:00;2;6.253
1331;13/02/2023 23:13;CD-212;2- Cross-Docking sem ASM;Anápolis;GO;14/02/2023 16:13;CD-003;4- Híbrido (Fulfillment);Campinas;SP;17:00;4;11.750
1332;28/02/2025 06:42;CD-115;1- First Mile Hub;Ananindeua;PA;01/03/2025 23:42;CD-058;2- Cross-Docking sem ASM;Petrolina;PE;41:00;3;9.093
1333;22/04/2022 04:42;CD-241;2- Cross-Docking sem ASM;Ariquemes;RO;24/04/2022 06:42;CD-235;3- Cross-Docking com ASM;Florianópolis;SC;50:00;1;3.324
1334;23/10/2023 15:43;CD-163;2- Cross-Docking sem ASM;Canoas;RS;25/10/2023 03:43;CD-078;3- Cross-Docking com ASM;Mossoró;RN;36:00;5;15.008
1335;21/12/2025 21:43;CD-017;1- First Mile Hub;Duque de Caxias;RJ;22/12/2025 20:43;CD-003;4- Híbrido (Fulfillment);Campinas;SP;23:00;5;15.805
1336;07/01/2022 08:01;CD-150;1- First Mile Hub;Mauá;SP;09/01/2022 07:01;CD-152;2- Cross-Docking sem ASM;Palmeira dos Índios;AL;47:00;4;12.670
1337;06/04/2025 00:14;CD-046;1- First Mile Hub;Florianópolis;SC;06/04/2025 14:14;CD-197;4- Híbrido (Fulfillment);Santana;AP;14:00;4;12.576
1338;18/12/2022 17:40;CD-044;4- Híbrido (Fulfillment);Pelotas;RS;20/12/2022 15:40;CD-031;5- Last Mile Hub;Salvador;BA;46:00;1;3.160
1339;11/05/2023 23:29;CD-046;1- First Mile Hub;Florianópolis;SC;12/05/2023 20:29;CD-250;4- Híbrido (Fulfillment);Piracicaba;SP;21:00;5;15.387
1340;10/08/2022 09:57;CD-056;4- Híbrido (Fulfillment);Olinda;PE;12/08/2022 02:57;CD-232;3- Cross-Docking com ASM;Macapá;AP;41:00;2;6.287
1341;08/09/2022 04:32;CD-236;3- Cross-Docking com ASM;Arapiraca;AL;09/09/2022 08:32;CD-209;5- Last Mile Hub;Florianópolis;SC;28:00;5;15.010
1342;16/04/2024 16:32;CD-083;3- Cross-Docking com ASM;Teresina;PI;18/04/2024 03:32;CD-001;5- Last Mile Hub;São Paulo;SP;35:00;1;3.004
1343;10/05/2025 09:34;CD-090;1- First Mile Hub;Nossa Senhora do Socorro;SE;11/05/2025 13:34;CD-262;4- Híbrido (Fulfillment);Betim;MG;28:00;4;12.727
1344;08/06/2024 11:26;CD-150;1- First Mile Hub;Mauá;SP;10/06/2024 01:26;CD-218;4- Híbrido (Fulfillment);Uberlândia;MG;38:00;2;6.343
1345;22/02/2025 09:09;CD-002;2- Cross-Docking sem ASM;Guarulhos;SP;23/02/2025 02:09;CD-138;3- Cross-Docking com ASM;Boa Vista;RR;17:00;1;2.852
1346;19/07/2025 14:44;CD-161;1- First Mile Hub;Duque de Caxias;RJ;21/07/2025 02:44;CD-078;3- Cross-Docking com ASM;Mossoró;RN;36:00;4;11.834
1347;10/02/2024 23:53;CD-172;3- Cross-Docking com ASM;Porto Velho;RO;11/02/2024 23:53;CD-005;5- Last Mile Hub;Santo André;SP;24:00;5;15.255
1348;14/09/2024 23:27;CD-178;4- Híbrido (Fulfillment);Timon;MA;15/09/2024 13:27;CD-081;3- Cross-Docking com ASM;Campina Grande;PB;14:00;2;6.259
1349;12/12/2024 06:59;CD-249;4- Híbrido (Fulfillment);Guarulhos;SP;13/12/2024 02:59;CD-138;3- Cross-Docking com ASM;Boa Vista;RR;20:00;5;15.323
1350;09/02/2024 02:13;CD-074;2- Cross-Docking sem ASM;Vila Velha;ES;10/02/2024 06:13;CD-018;4- Híbrido (Fulfillment);Nova Iguaçu;RJ;28:00;5;15.334
1351;25/11/2022 02:54;CD-169;1- First Mile Hub;Piracicaba;SP;25/11/2022 08:54;CD-012;4- Híbrido (Fulfillment);Mogi das Cruzes;SP;06:00;3;8.900
1352;27/10/2024 08:22;CD-222;4- Híbrido (Fulfillment);Porto Velho;RO;28/10/2024 11:22;CD-114;2- Cross-Docking sem ASM;Laranjal do Jari;AP;27:00;4;11.885
1353;23/08/2022 10:02;CD-003;4- Híbrido (Fulfillment);Campinas;SP;25/08/2022 23:02;CD-023;5- Last Mile Hub;Belo Horizonte;MG;61:00;3;9.221
1354;13/09/2023 12:21;CD-152;2- Cross-Docking sem ASM;Palmeira dos Índios;AL;14/09/2023 05:21;CD-159;5- Last Mile Hub;Rorainópolis;RR;17:00;3;9.475
1355;15/07/2022 07:36;CD-162;4- Híbrido (Fulfillment);Ariquemes;RO;15/07/2022 19:36;CD-188;5- Last Mile Hub;Guarulhos;SP;12:00;1;3.025
1356;11/08/2022 14:01;CD-147;2- Cross-Docking sem ASM;Blumenau;SC;12/08/2022 18:01;CD-202;3- Cross-Docking com ASM;Araguaína;TO;28:00;5;14.825
1357;15/03/2024 04:24;CD-224;3- Cross-Docking com ASM;Caucaia;CE;15/03/2024 20:24;CD-249;4- Híbrido (Fulfillment);Guarulhos;SP;16:00;2;6.414
1358;11/02/2025 17:52;CD-128;2- Cross-Docking sem ASM;Mauá;SP;11/02/2025 22:52;CD-011;4- Híbrido (Fulfillment);Mauá;SP;05:00;3;8.709
1359;15/01/2024 10:41;CD-171;2- Cross-Docking sem ASM;Santa Rita;PB;16/01/2024 18:41;CD-200;4- Híbrido (Fulfillment);Osasco;SP;32:00;3;9.021
1360;18/11/2024 07:26;CD-064;2- Cross-Docking sem ASM;Ananindeua;PA;20/11/2024 06:26;CD-081;3- Cross-Docking com ASM;Campina Grande;PB;47:00;2;6.245
1361;13/05/2022 06:11;CD-260;2- Cross-Docking sem ASM;Timon;MA;15/05/2022 07:11;CD-033;3- Cross-Docking com ASM;Vitória da Conquista;BA;49:00;5;15.378
1362;10/12/2025 10:53;CD-155;1- First Mile Hub;Guarulhos;SP;11/12/2025 02:53;CD-015;2- Cross-Docking sem ASM;Rio de Janeiro;RJ;16:00;3;9.527
1363;16/06/2023 04:12;CD-058;2- Cross-Docking sem ASM;Petrolina;PE;17/06/2023 11:12;CD-116;5- Last Mile Hub;Fortaleza;CE;31:00;1;3.158
1364;25/06/2024 13:23;CD-099;3- Cross-Docking com ASM;Ji-Paraná;RO;27/06/2024 17:23;CD-189;5- Last Mile Hub;Santos;SP;52:00;5;15.386
1365;10/01/2023 12:08;CD-147;2- Cross-Docking sem ASM;Blumenau;SC;11/01/2023 08:08;CD-084;5- Last Mile Hub;Parnaíba;PI;20:00;1;3.072
1366;27/01/2023 07:46;CD-174;3- Cross-Docking com ASM;Caracaraí;RR;29/01/2023 10:46;CD-197;4- Híbrido (Fulfillment);Santana;AP;51:00;5;15.636
1367;11/06/2024 00:31;CD-030;4- Híbrido (Fulfillment);Uberaba;MG;13/06/2024 00:31;CD-016;2- Cross-Docking sem ASM;São Gonçalo;RJ;48:00;2;6.034
1368;01/02/2025 19:51;CD-169;1- First Mile Hub;Piracicaba;SP;03/02/2025 19:51;CD-051;4- Híbrido (Fulfillment);Caucaia;CE;48:00;3;8.869
1369;09/12/2023 00:09;CD-135;2- Cross-Docking sem ASM;Arapiraca;AL;10/12/2023 22:09;CD-172;3- Cross-Docking com ASM;Porto Velho;RO;46:00;3;9.252
1370;01/11/2023 07:09;CD-046;1- First Mile Hub;Florianópolis;SC;02/11/2023 16:09;CD-135;2- Cross-Docking sem ASM;Arapiraca;AL;33:00;2;6.379
1371;05/07/2024 11:44;CD-093;3- Cross-Docking com ASM;Várzea Grande;MT;06/07/2024 20:44;CD-127;5- Last Mile Hub;Feira de Santana;BA;33:00;2;5.989
1372;14/01/2022 09:20;CD-048;3- Cross-Docking com ASM;Blumenau;SC;16/01/2022 19:20;CD-041;5- Last Mile Hub;Porto Alegre;RS;58:00;3;8.987
1373;03/08/2024 19:05;CD-134;4- Híbrido (Fulfillment);Palmeira dos Índios;AL;06/08/2024 06:05;CD-230;2- Cross-Docking sem ASM;Ananindeua;PA;59:00;5;14.764
1374;22/12/2022 17:32;CD-128;2- Cross-Docking sem ASM;Mauá;SP;25/12/2022 07:32;CD-146;5- Last Mile Hub;Maracanaú;CE;62:00;3;9.421
1375;14/04/2025 16:58;CD-225;1- First Mile Hub;São Paulo;SP;15/04/2025 07:58;CD-248;2- Cross-Docking sem ASM;Gurupi;TO;15:00;3;8.809
1376;07/04/2024 15:34;CD-235;3- Cross-Docking com ASM;Florianópolis;SC;10/04/2024 00:34;CD-111;2- Cross-Docking sem ASM;Araguaína;TO;57:00;3;8.891
1377;20/09/2024 02:55;CD-157;2- Cross-Docking sem ASM;Canoas;RS;22/09/2024 03:55;CD-162;4- Híbrido (Fulfillment);Ariquemes;RO;49:00;2;6.178
1378;11/08/2025 13:16;CD-265;2- Cross-Docking sem ASM;Itabuna;BA;14/08/2025 03:16;CD-218;4- Híbrido (Fulfillment);Uberlândia;MG;62:00;2;6.413
1379;26/03/2024 12:10;CD-060;1- First Mile Hub;Aparecida de Goiânia;GO;28/03/2024 15:10;CD-250;4- Híbrido (Fulfillment);Piracicaba;SP;51:00;3;9.512
1380;04/04/2025 09:13;CD-044;4- Híbrido (Fulfillment);Pelotas;RS;06/04/2025 06:13;CD-215;5- Last Mile Hub;Santo André;SP;45:00;3;9.540
1381;17/07/2024 13:04;CD-211;4- Híbrido (Fulfillment);Juiz de Fora;MG;18/07/2024 05:04;CD-077;5- Last Mile Hub;Natal;RN;16:00;1;3.092
1382;15/05/2023 03:31;CD-166;4- Híbrido (Fulfillment);São Luís;MA;16/05/2023 03:31;CD-168;3- Cross-Docking com ASM;Salvador;BA;24:00;2;6.272
1383;28/02/2025 10:48;CD-179;4- Híbrido (Fulfillment);Belém;PA;01/03/2025 19:48;CD-189;5- Last Mile Hub;Santos;SP;33:00;4;12.516
1384;15/07/2022 11:43;CD-167;2- Cross-Docking sem ASM;São Gonçalo;RJ;17/07/2022 21:43;CD-102;5- Last Mile Hub;Santana;AP;58:00;1;3.120
1385;01/08/2024 01:34;CD-117;2- Cross-Docking sem ASM;Cascavel;PR;01/08/2024 18:34;CD-069;5- Last Mile Hub;Timon;MA;17:00;2;5.826
1386;15/02/2025 13:32;CD-204;3- Cross-Docking com ASM;Caucaia;CE;18/02/2025 04:32;CD-026;4- Híbrido (Fulfillment);Juiz de Fora;MG;63:00;3;9.031
1387;15/12/2025 09:01;CD-067;1- First Mile Hub;São Luís;MA;17/12/2025 13:01;CD-083;3- Cross-Docking com ASM;Teresina;PI;52:00;2;6.275
1388;25/08/2023 04:16;CD-021;2- Cross-Docking sem ASM;Campos dos Goytacazes;RJ;26/08/2023 17:16;CD-001;5- Last Mile Hub;São Paulo;SP;37:00;3;9.234
1389;13/02/2025 18:17;CD-147;2- Cross-Docking sem ASM;Blumenau;SC;14/02/2025 15:17;CD-178;4- Híbrido (Fulfillment);Timon;MA;21:00;2;6.076
1390;15/04/2023 11:31;CD-201;2- Cross-Docking sem ASM;Nossa Senhora do Socorro;SE;17/04/2023 04:31;CD-172;3- Cross-Docking com ASM;Porto Velho;RO;41:00;1;3.009
1391;26/12/2023 08:57;CD-107;1- First Mile Hub;Boa Vista;RR;28/12/2023 04:57;CD-049;3- Cross-Docking com ASM;São José;SC;44:00;4;12.118
1392;20/08/2022 17:50;CD-068;4- Híbrido (Fulfillment);Imperatriz;MA;21/08/2022 19:50;CD-043;3- Cross-Docking com ASM;Canoas;RS;26:00;2;5.891
1393;10/02/2025 22:54;CD-113;4- Híbrido (Fulfillment);Brasília;DF;13/02/2025 03:54;CD-258;5- Last Mile Hub;Picos;PI;53:00;2;6.187
1394;21/03/2023 10:20;CD-222;4- Híbrido (Fulfillment);Porto Velho;RO;23/03/2023 20:20;CD-114;2- Cross-Docking sem ASM;Laranjal do Jari;AP;58:00;2;6.233
1395;22/12/2023 07:49;CD-152;2- Cross-Docking sem ASM;Palmeira dos Índios;AL;23/12/2023 12:49;CD-084;5- Last Mile Hub;Parnaíba;PI;29:00;1;2.906
1396;01/10/2024 03:12;CD-073;4- Híbrido (Fulfillment);Vitória;ES;03/10/2024 18:12;CD-047;3- Cross-Docking com ASM;Joinville;SC;63:00;2;6.111
1397;01/10/2025 04:14;CD-211;4- Híbrido (Fulfillment);Juiz de Fora;MG;02/10/2025 18:14;CD-234;3- Cross-Docking com ASM;Santo André;SP;38:00;4;12.874
1398;12/10/2023 17:49;CD-204;3- Cross-Docking com ASM;Caucaia;CE;13/10/2023 18:49;CD-185;4- Híbrido (Fulfillment);Marabá;PA;25:00;4;12.257
1399;11/03/2025 16:51;CD-183;3- Cross-Docking com ASM;Jaboatão dos Guararapes;PE;14/03/2025 05:51;CD-014;4- Híbrido (Fulfillment);Piracicaba;SP;61:00;2;6.172
1400;05/04/2023 01:54;CD-140;2- Cross-Docking sem ASM;Picos;PI;06/04/2023 11:54;CD-197;4- Híbrido (Fulfillment);Santana;AP;34:00;3;9.386
1401;22/01/2025 14:55;CD-253;2- Cross-Docking sem ASM;Petrolina;PE;24/01/2025 03:55;CD-216;4- Híbrido (Fulfillment);Itacoatiara;AM;37:00;1;3.288
1402;04/11/2025 09:04;CD-130;4- Híbrido (Fulfillment);Mossoró;RN;05/11/2025 02:04;CD-132;3- Cross-Docking com ASM;Porto Velho;RO;17:00;4;12.132
1403;12/06/2025 04:14;CD-012;4- Híbrido (Fulfillment);Mogi das Cruzes;SP;12/06/2025 15:14;CD-258;5- Last Mile Hub;Picos;PI;11:00;1;3.137
1404;22/01/2024 16:14;CD-063;4- Híbrido (Fulfillment);Belém;PA;23/01/2024 19:14;CD-236;3- Cross-Docking com ASM;Arapiraca;AL;27:00;5;15.405
1405;22/05/2025 05:57;CD-195;3- Cross-Docking com ASM;Ji-Paraná;RO;23/05/2025 10:57;CD-244;4- Híbrido (Fulfillment);Araguaína;TO;29:00;3;8.975
1406;23/02/2023 23:24;CD-231;3- Cross-Docking com ASM;São José dos Campos;SP;26/02/2023 04:24;CD-178;4- Híbrido (Fulfillment);Timon;MA;53:00;4;12.634
1407;18/04/2022 22:52;CD-073;4- Híbrido (Fulfillment);Vitória;ES;20/04/2022 03:52;CD-154;2- Cross-Docking sem ASM;Maringá;PR;29:00;2;6.367
1408;06/07/2022 19:26;CD-091;1- First Mile Hub;Lagarto;SE;07/07/2022 18:26;CD-113;4- Híbrido (Fulfillment);Brasília;DF;23:00;1;3.037
1409;12/09/2022 07:13;CD-070;1- First Mile Hub;Manaus;AM;14/09/2022 04:13;CD-179;4- Híbrido (Fulfillment);Belém;PA;45:00;5;15.123
1410;20/07/2025 12:54;CD-063;4- Híbrido (Fulfillment);Belém;PA;22/07/2025 10:54;CD-005;5- Last Mile Hub;Santo André;SP;46:00;4;11.989
1411;05/07/2024 10:58;CD-093;3- Cross-Docking com ASM;Várzea Grande;MT;07/07/2024 01:58;CD-088;2- Cross-Docking sem ASM;Palmeira dos Índios;AL;39:00;3;9.072
1412;22/12/2024 04:10;CD-071;4- Híbrido (Fulfillment);Parintins;AM;23/12/2024 04:10;CD-123;2- Cross-Docking sem ASM;Goiânia;GO;24:00;5;15.934
1413;09/05/2022 21:31;CD-207;4- Híbrido (Fulfillment);Rio Branco;AC;12/05/2022 06:31;CD-140;2- Cross-Docking sem ASM;Picos;PI;57:00;1;3.222
1414;11/03/2024 04:21;CD-051;4- Híbrido (Fulfillment);Caucaia;CE;12/03/2024 17:21;CD-194;5- Last Mile Hub;Camaçari;BA;37:00;4;11.916
1415;17/05/2023 00:58;CD-013;3- Cross-Docking com ASM;Jundiaí;SP;17/05/2023 15:58;CD-230;2- Cross-Docking sem ASM;Ananindeua;PA;15:00;4;12.175
1416;15/08/2025 10:42;CD-135;2- Cross-Docking sem ASM;Arapiraca;AL;17/08/2025 07:42;CD-061;3- Cross-Docking com ASM;Anápolis;GO;45:00;5;15.425
1417;23/12/2022 17:55;CD-072;1- First Mile Hub;Itacoatiara;AM;24/12/2022 09:55;CD-033;3- Cross-Docking com ASM;Vitória da Conquista;BA;16:00;1;3.335
1418;18/11/2023 08:31;CD-170;3- Cross-Docking com ASM;João Pessoa;PB;19/11/2023 22:31;CD-216;4- Híbrido (Fulfillment);Itacoatiara;AM;38:00;1;3.142
1419;16/11/2025 15:20;CD-255;3- Cross-Docking com ASM;Araguaína;TO;19/11/2025 02:20;CD-015;2- Cross-Docking sem ASM;Rio de Janeiro;RJ;59:00;1;3.068
1420;02/04/2023 18:39;CD-151;1- First Mile Hub;Porto Velho;RO;04/04/2023 13:39;CD-135;2- Cross-Docking sem ASM;Arapiraca;AL;43:00;5;15.502
1421;07/12/2024 14:56;CD-246;3- Cross-Docking com ASM;Campo Grande;MS;10/12/2024 02:56;CD-200;4- Híbrido (Fulfillment);Osasco;SP;60:00;4;12.347
1422;07/03/2024 01:38;CD-154;2- Cross-Docking sem ASM;Maringá;PR;08/03/2024 02:38;CD-180;3- Cross-Docking com ASM;Rio de Janeiro;RJ;25:00;2;6.381
1423;26/04/2025 11:28;CD-232;3- Cross-Docking com ASM;Macapá;AP;27/04/2025 11:28;CD-065;5- Last Mile Hub;Santarém;PA;24:00;4;12.551
1424;28/02/2022 14:20;CD-006;2- Cross-Docking sem ASM;Osasco;SP;28/02/2022 20:20;CD-005;5- Last Mile Hub;Santo André;SP;06:00;3;8.938
1425;28/05/2025 00:17;CD-178;4- Híbrido (Fulfillment);Timon;MA;29/05/2025 20:17;CD-099;3- Cross-Docking com ASM;Ji-Paraná;RO;44:00;3;9.074
1426;27/03/2024 04:43;CD-108;4- Híbrido (Fulfillment);Rorainópolis;RR;28/03/2024 21:43;CD-128;2- Cross-Docking sem ASM;Mauá;SP;41:00;1;3.044
1427;03/01/2025 21:06;CD-119;2- Cross-Docking sem ASM;Sena Madureira;AC;04/01/2025 09:06;CD-051;4- Híbrido (Fulfillment);Caucaia;CE;12:00;2;5.864
1428;20/04/2022 04:44;CD-061;3- Cross-Docking com ASM;Anápolis;GO;20/04/2022 18:44;CD-163;2- Cross-Docking sem ASM;Canoas;RS;14:00;3;9.354
1429;15/10/2025 00:28;CD-132;3- Cross-Docking com ASM;Porto Velho;RO;15/10/2025 03:28;CD-162;4- Híbrido (Fulfillment);Ariquemes;RO;03:00;1;2.930
1430;21/06/2022 18:51;CD-139;1- First Mile Hub;São Luís;MA;23/06/2022 16:51;CD-177;3- Cross-Docking com ASM;Canoas;RS;46:00;2;6.695
1431;23/01/2024 16:58;CD-009;2- Cross-Docking sem ASM;Sorocaba;SP;24/01/2024 06:58;CD-023;5- Last Mile Hub;Belo Horizonte;MG;14:00;5;15.167
1432;28/07/2022 06:53;CD-145;3- Cross-Docking com ASM;Belém;PA;29/07/2022 18:53;CD-103;5- Last Mile Hub;Laranjal do Jari;AP;36:00;4;11.945
1433;16/04/2024 06:43;CD-136;1- First Mile Hub;Curitiba;PR;18/04/2024 13:43;CD-044;4- Híbrido (Fulfillment);Pelotas;RS;55:00;3;9.298
1434;09/09/2025 10:09;CD-241;2- Cross-Docking sem ASM;Ariquemes;RO;10/09/2025 21:09;CD-226;3- Cross-Docking com ASM;Niterói;RJ;35:00;2;6.000
1435;09/04/2023 07:05;CD-154;2- Cross-Docking sem ASM;Maringá;PR;10/04/2023 01:05;CD-262;4- Híbrido (Fulfillment);Betim;MG;18:00;1;3.198
1436;16/10/2023 01:30;CD-243;2- Cross-Docking sem ASM;Natal;RN;18/10/2023 14:30;CD-261;5- Last Mile Hub;Manaus;AM;61:00;1;2.794
1437;12/01/2022 22:01;CD-165;4- Híbrido (Fulfillment);Palmeira dos Índios;AL;14/01/2022 14:01;CD-232;3- Cross-Docking com ASM;Macapá;AP;40:00;5;16.052
1438;08/05/2022 10:00;CD-056;4- Híbrido (Fulfillment);Olinda;PE;10/05/2022 09:00;CD-112;5- Last Mile Hub;Gurupi;TO;47:00;2;5.700
1439;04/06/2025 21:36;CD-034;4- Híbrido (Fulfillment);Camaçari;BA;06/06/2025 06:36;CD-135;2- Cross-Docking sem ASM;Arapiraca;AL;33:00;2;6.313
1440;15/06/2025 02:54;CD-044;4- Híbrido (Fulfillment);Pelotas;RS;17/06/2025 11:54;CD-235;3- Cross-Docking com ASM;Florianópolis;SC;57:00;1;3.162
1441;07/02/2025 01:50;CD-015;2- Cross-Docking sem ASM;Rio de Janeiro;RJ;08/02/2025 19:50;CD-032;4- Híbrido (Fulfillment);Feira de Santana;BA;42:00;1;2.998
1442;01/10/2022 06:32;CD-158;3- Cross-Docking com ASM;Ji-Paraná;RO;02/10/2022 11:32;CD-201;2- Cross-Docking sem ASM;Nossa Senhora do Socorro;SE;29:00;5;15.024
1443;13/04/2025 15:22;CD-063;4- Híbrido (Fulfillment);Belém;PA;15/04/2025 01:22;CD-129;2- Cross-Docking sem ASM;Uberlândia;MG;34:00;4;12.402
1444;28/08/2023 11:41;CD-020;1- First Mile Hub;Belford Roxo;RJ;29/08/2023 21:41;CD-177;3- Cross-Docking com ASM;Canoas;RS;34:00;3;8.910
1445;03/02/2024 21:00;CD-105;1- First Mile Hub;Cruzeiro do Sul;AC;05/02/2024 05:00;CD-081;3- Cross-Docking com ASM;Campina Grande;PB;32:00;2;6.067
1446;18/01/2022 06:57;CD-093;3- Cross-Docking com ASM;Várzea Grande;MT;19/01/2022 08:57;CD-032;4- Híbrido (Fulfillment);Feira de Santana;BA;26:00;5;15.606
1447;02/02/2025 12:46;CD-034;4- Híbrido (Fulfillment);Camaçari;BA;03/02/2025 07:46;CD-175;3- Cross-Docking com ASM;Palmeira dos Índios;AL;19:00;4;11.926
1448;22/11/2025 16:33;CD-016;2- Cross-Docking sem ASM;São Gonçalo;RJ;24/11/2025 22:33;CD-078;3- Cross-Docking com ASM;Mossoró;RN;54:00;4;12.643
1449;21/09/2023 14:42;CD-087;1- First Mile Hub;Arapiraca;AL;23/09/2023 19:42;CD-234;3- Cross-Docking com ASM;Santo André;SP;53:00;5;15.170
1450;14/08/2023 21:56;CD-197;4- Híbrido (Fulfillment);Santana;AP;16/08/2023 08:56;CD-143;2- Cross-Docking sem ASM;Maceió;AL;35:00;5;15.287
1451;28/06/2025 10:03;CD-224;3- Cross-Docking com ASM;Caucaia;CE;29/06/2025 03:03;CD-082;5- Last Mile Hub;Santa Rita;PB;17:00;2;6.266
1452;18/01/2025 19:15;CD-230;2- Cross-Docking sem ASM;Ananindeua;PA;20/01/2025 17:15;CD-078;3- Cross-Docking com ASM;Mossoró;RN;46:00;3;9.160
1453;14/12/2025 20:33;CD-236;3- Cross-Docking com ASM;Arapiraca;AL;16/12/2025 03:33;CD-252;4- Híbrido (Fulfillment);Caracaraí;RR;31:00;3;9.309
1454;01/12/2023 02:56;CD-107;1- First Mile Hub;Boa Vista;RR;03/12/2023 09:56;CD-061;3- Cross-Docking com ASM;Anápolis;GO;55:00;4;12.364
1455;09/04/2024 06:49;CD-137;2- Cross-Docking sem ASM;Dourados;MS;11/04/2024 07:49;CD-252;4- Híbrido (Fulfillment);Caracaraí;RR;49:00;3;9.428
1456;16/01/2023 06:55;CD-168;3- Cross-Docking com ASM;Salvador;BA;17/01/2023 02:55;CD-185;4- Híbrido (Fulfillment);Marabá;PA;20:00;4;12.189
1457;03/10/2025 15:40;CD-078;3- Cross-Docking com ASM;Mossoró;RN;04/10/2025 17:40;CD-071;4- Híbrido (Fulfillment);Parintins;AM;26:00;3;9.275
1458;27/08/2023 10:31;CD-013;3- Cross-Docking com ASM;Jundiaí;SP;28/08/2023 17:31;CD-113;4- Híbrido (Fulfillment);Brasília;DF;31:00;3;9.567
1459;16/03/2025 02:44;CD-140;2- Cross-Docking sem ASM;Picos;PI;16/03/2025 16:44;CD-066;4- Híbrido (Fulfillment);Marabá;PA;14:00;5;15.371
1460;09/10/2022 19:09;CD-193;2- Cross-Docking sem ASM;Serra;ES;11/10/2022 12:09;CD-168;3- Cross-Docking com ASM;Salvador;BA;41:00;5;15.614
1461;04/06/2025 04:04;CD-064;2- Cross-Docking sem ASM;Ananindeua;PA;06/06/2025 16:04;CD-089;4- Híbrido (Fulfillment);Aracaju;SE;60:00;4;12.280
1462;28/01/2022 07:29;CD-164;1- First Mile Hub;Belém;PA;30/01/2022 20:29;CD-007;2- Cross-Docking sem ASM;São José dos Campos;SP;61:00;1;3.128
1463;10/11/2024 01:10;CD-142;2- Cross-Docking sem ASM;Nossa Senhora do Socorro;SE;10/11/2024 22:10;CD-040;5- Last Mile Hub;Cascavel;PR;21:00;3;9.319
1464;21/01/2023 09:43;CD-162;4- Híbrido (Fulfillment);Ariquemes;RO;23/01/2023 15:43;CD-120;2- Cross-Docking sem ASM;Maceió;AL;54:00;4;12.163
1465;23/02/2023 13:38;CD-074;2- Cross-Docking sem ASM;Vila Velha;ES;24/02/2023 10:38;CD-078;3- Cross-Docking com ASM;Mossoró;RN;21:00;1;2.625
1466;24/12/2023 03:40;CD-239;1- First Mile Hub;Fortaleza;CE;25/12/2023 12:40;CD-145;3- Cross-Docking com ASM;Belém;PA;33:00;5;15.848
1467;07/08/2025 01:47;CD-224;3- Cross-Docking com ASM;Caucaia;CE;09/08/2025 08:47;CD-076;4- Híbrido (Fulfillment);Cariacica;ES;55:00;5;15.154
1468;16/11/2022 20:50;CD-158;3- Cross-Docking com ASM;Ji-Paraná;RO;18/11/2022 20:50;CD-018;4- Híbrido (Fulfillment);Nova Iguaçu;RJ;48:00;3;9.115
1469;18/06/2023 15:16;CD-144;2- Cross-Docking sem ASM;João Pessoa;PB;20/06/2023 16:16;CD-185;4- Híbrido (Fulfillment);Marabá;PA;49:00;5;15.364
1470;12/08/2023 11:11;CD-119;2- Cross-Docking sem ASM;Sena Madureira;AC;13/08/2023 11:11;CD-093;3- Cross-Docking com ASM;Várzea Grande;MT;24:00;5;14.456
1471;05/11/2025 20:21;CD-160;3- Cross-Docking com ASM;Vitória da Conquista;BA;08/11/2025 09:21;CD-237;4- Híbrido (Fulfillment);Guarulhos;SP;61:00;2;6.252
1472;18/04/2023 02:34;CD-071;4- Híbrido (Fulfillment);Parintins;AM;19/04/2023 17:34;CD-069;5- Last Mile Hub;Timon;MA;39:00;5;15.001
1473;13/02/2025 22:29;CD-079;1- First Mile Hub;Parnamirim;RN;15/02/2025 18:29;CD-049;3- Cross-Docking com ASM;São José;SC;44:00;5;15.640
1474;03/11/2022 13:24;CD-071;4- Híbrido (Fulfillment);Parintins;AM;05/11/2022 18:24;CD-033;3- Cross-Docking com ASM;Vitória da Conquista;BA;53:00;4;11.374
1475;20/04/2023 21:48;CD-015;2- Cross-Docking sem ASM;Rio de Janeiro;RJ;22/04/2023 15:48;CD-176;5- Last Mile Hub;Brasília;DF;42:00;5;15.055
1476;06/11/2023 17:11;CD-070;1- First Mile Hub;Manaus;AM;08/11/2023 10:11;CD-158;3- Cross-Docking com ASM;Ji-Paraná;RO;41:00;3;9.111
1477;04/05/2023 23:38;CD-066;4- Híbrido (Fulfillment);Marabá;PA;07/05/2023 00:38;CD-042;2- Cross-Docking sem ASM;Caxias do Sul;RS;49:00;2;6.029
1478;17/08/2025 03:22;CD-191;3- Cross-Docking com ASM;Rio de Janeiro;RJ;18/08/2025 05:22;CD-216;4- Híbrido (Fulfillment);Itacoatiara;AM;26:00;2;6.180
1479;28/03/2024 14:39;CD-171;2- Cross-Docking sem ASM;Santa Rita;PB;29/03/2024 00:39;CD-196;5- Last Mile Hub;Joinville;SC;10:00;5;15.847
1480;17/07/2025 05:55;CD-122;2- Cross-Docking sem ASM;Ji-Paraná;RO;18/07/2025 05:55;CD-200;4- Híbrido (Fulfillment);Osasco;SP;24:00;5;15.242
1481;22/12/2022 17:56;CD-087;1- First Mile Hub;Arapiraca;AL;24/12/2022 19:56;CD-226;3- Cross-Docking com ASM;Niterói;RJ;50:00;5;15.257
1482;24/11/2025 21:16;CD-193;2- Cross-Docking sem ASM;Serra;ES;27/11/2025 05:16;CD-066;4- Híbrido (Fulfillment);Marabá;PA;56:00;4;12.153
1483;02/09/2025 17:09;CD-190;1- First Mile Hub;Campina Grande;PB;04/09/2025 17:09;CD-163;2- Cross-Docking sem ASM;Canoas;RS;48:00;1;3.030
1484;09/04/2023 02:19;CD-169;1- First Mile Hub;Piracicaba;SP;11/04/2023 02:19;CD-053;4- Híbrido (Fulfillment);Maracanaú;CE;48:00;3;9.331
1485;15/12/2025 14:26;CD-177;3- Cross-Docking com ASM;Canoas;RS;16/12/2025 16:26;CD-256;5- Last Mile Hub;Rio Branco;AC;26:00;4;12.345
1486;03/03/2023 06:19;CD-091;1- First Mile Hub;Lagarto;SE;04/03/2023 16:19;CD-044;4- Híbrido (Fulfillment);Pelotas;RS;34:00;1;3.307
1487;07/10/2024 00:56;CD-093;3- Cross-Docking com ASM;Várzea Grande;MT;07/10/2024 08:56;CD-092;5- Last Mile Hub;Cuiabá;MT;08:00;5;15.361
1488;11/05/2022 18:52;CD-182;3- Cross-Docking com ASM;Cruzeiro do Sul;AC;12/05/2022 10:52;CD-188;5- Last Mile Hub;Guarulhos;SP;16:00;3;9.262
1489;12/12/2023 09:03;CD-163;2- Cross-Docking sem ASM;Canoas;RS;13/12/2023 01:03;CD-213;5- Last Mile Hub;Anápolis;GO;16:00;5;15.623
1490;28/12/2024 18:33;CD-014;4- Híbrido (Fulfillment);Piracicaba;SP;31/12/2024 04:33;CD-214;3- Cross-Docking com ASM;Maceió;AL;58:00;2;6.670
1491;24/01/2024 09:12;CD-235;3- Cross-Docking com ASM;Florianópolis;SC;26/01/2024 08:12;CD-100;5- Last Mile Hub;Ariquemes;RO;47:00;1;2.985
1492;06/10/2024 15:36;CD-148;1- First Mile Hub;Goiânia;GO;08/10/2024 08:36;CD-111;2- Cross-Docking sem ASM;Araguaína;TO;41:00;1;3.187
1493;24/10/2022 05:53;CD-136;1- First Mile Hub;Curitiba;PR;25/10/2022 00:53;CD-006;2- Cross-Docking sem ASM;Osasco;SP;19:00;3;9.171
1494;25/12/2024 00:18;CD-135;2- Cross-Docking sem ASM;Arapiraca;AL;25/12/2024 17:18;CD-218;4- Híbrido (Fulfillment);Uberlândia;MG;17:00;2;6.566
1495;05/10/2022 02:04;CD-161;1- First Mile Hub;Duque de Caxias;RJ;06/10/2022 21:04;CD-049;3- Cross-Docking com ASM;São José;SC;43:00;4;12.096
1496;20/07/2023 22:13;CD-165;4- Híbrido (Fulfillment);Palmeira dos Índios;AL;22/07/2023 06:13;CD-082;5- Last Mile Hub;Santa Rita;PB;32:00;1;2.852
1497;25/01/2025 09:43;CD-026;4- Híbrido (Fulfillment);Juiz de Fora;MG;26/01/2025 22:43;CD-084;5- Last Mile Hub;Parnaíba;PI;37:00;2;6.313
1498;11/08/2022 12:43;CD-107;1- First Mile Hub;Boa Vista;RR;13/08/2022 15:43;CD-131;3- Cross-Docking com ASM;Aracaju;SE;51:00;3;8.666
1499;16/09/2024 11:41;CD-123;2- Cross-Docking sem ASM;Goiânia;GO;17/09/2024 18:41;CD-022;3- Cross-Docking com ASM;São João de Meriti;RJ;31:00;1;3.039
1500;26/11/2025 21:48;CD-243;2- Cross-Docking sem ASM;Natal;RN;28/11/2025 16:48;CD-256;5- Last Mile Hub;Rio Branco;AC;43:00;5;15.933
1501;08/07/2022 17:41;CD-246;3- Cross-Docking com ASM;Campo Grande;MS;10/07/2022 18:41;CD-032;4- Híbrido (Fulfillment);Feira de Santana;BA;49:00;2;6.149
1502;07/10/2025 03:24;CD-180;3- Cross-Docking com ASM;Rio de Janeiro;RJ;09/10/2025 02:24;CD-054;4- Híbrido (Fulfillment);Recife;PE;47:00;4;12.124
1503;23/07/2025 02:40;CD-195;3- Cross-Docking com ASM;Ji-Paraná;RO;24/07/2025 23:40;CD-076;4- Híbrido (Fulfillment);Cariacica;ES;45:00;1;3.135
1504;15/08/2023 18:06;CD-036;4- Híbrido (Fulfillment);Curitiba;PR;17/08/2023 20:06;CD-204;3- Cross-Docking com ASM;Caucaia;CE;50:00;1;3.061
1505;19/08/2025 21:00;CD-192;1- First Mile Hub;Gurupi;TO;20/08/2025 20:00;CD-217;4- Híbrido (Fulfillment);Niterói;RJ;23:00;1;3.279
1506;27/09/2023 21:37;CD-148;1- First Mile Hub;Goiânia;GO;28/09/2023 23:37;CD-222;4- Híbrido (Fulfillment);Porto Velho;RO;26:00;4;12.241
1507;04/03/2024 21:09;CD-056;4- Híbrido (Fulfillment);Olinda;PE;06/03/2024 22:09;CD-204;3- Cross-Docking com ASM;Caucaia;CE;49:00;2;6.591
1508;13/10/2024 02:39;CD-175;3- Cross-Docking com ASM;Palmeira dos Índios;AL;13/10/2024 15:39;CD-201;2- Cross-Docking sem ASM;Nossa Senhora do Socorro;SE;13:00;2;6.131
1509;16/09/2022 15:56;CD-173;1- First Mile Hub;Boa Vista;RR;19/09/2022 01:56;CD-152;2- Cross-Docking sem ASM;Palmeira dos Índios;AL;58:00;2;6.434
1510;16/06/2022 04:56;CD-055;4- Híbrido (Fulfillment);Jaboatão dos Guararapes;PE;18/06/2022 07:56;CD-258;5- Last Mile Hub;Picos;PI;51:00;1;3.124
1511;06/03/2025 16:49;CD-114;2- Cross-Docking sem ASM;Laranjal do Jari;AP;07/03/2025 04:49;CD-215;5- Last Mile Hub;Santo André;SP;12:00;2;6.385
1512;05/02/2025 04:25;CD-217;4- Híbrido (Fulfillment);Niterói;RJ;06/02/2025 23:25;CD-024;2- Cross-Docking sem ASM;Uberlândia;MG;43:00;1;2.882
1513;06/04/2024 08:15;CD-257;1- First Mile Hub;São José;SC;06/04/2024 16:15;CD-208;2- Cross-Docking sem ASM;Blumenau;SC;08:00;4;11.556
1514;19/04/2025 00:28;CD-160;3- Cross-Docking com ASM;Vitória da Conquista;BA;21/04/2025 01:28;CD-097;4- Híbrido (Fulfillment);Três Lagoas;MS;49:00;4;12.152
1515;26/07/2022 19:25;CD-024;2- Cross-Docking sem ASM;Uberlândia;MG;27/07/2022 20:25;CD-092;5- Last Mile Hub;Cuiabá;MT;25:00;3;8.744
1516;08/09/2022 15:44;CD-043;3- Cross-Docking com ASM;Canoas;RS;09/09/2022 04:44;CD-263;5- Last Mile Hub;Piracicaba;SP;13:00;5;15.113
1517;24/11/2024 11:35;CD-044;4- Híbrido (Fulfillment);Pelotas;RS;25/11/2024 08:35;CD-160;3- Cross-Docking com ASM;Vitória da Conquista;BA;21:00;5;15.683
1518;28/07/2024 17:02;CD-158;3- Cross-Docking com ASM;Ji-Paraná;RO;30/07/2024 07:02;CD-044;4- Híbrido (Fulfillment);Pelotas;RS;38:00;4;12.574
1519;24/03/2025 15:52;CD-202;3- Cross-Docking com ASM;Araguaína;TO;25/03/2025 18:52;CD-094;4- Híbrido (Fulfillment);Rondonópolis;MT;27:00;1;3.238
1520;22/07/2023 07:22;CD-187;1- First Mile Hub;Timon;MA;23/07/2023 20:22;CD-182;3- Cross-Docking com ASM;Cruzeiro do Sul;AC;37:00;5;15.761
1521;08/05/2023 04:49;CD-200;4- Híbrido (Fulfillment);Osasco;SP;10/05/2023 16:49;CD-082;5- Last Mile Hub;Santa Rita;PB;60:00;5;15.939
1522;10/06/2024 02:24;CD-202;3- Cross-Docking com ASM;Araguaína;TO;11/06/2024 09:24;CD-018;4- Híbrido (Fulfillment);Nova Iguaçu;RJ;31:00;3;8.858
1523;28/05/2025 05:45;CD-083;3- Cross-Docking com ASM;Teresina;PI;29/05/2025 02:45;CD-050;4- Híbrido (Fulfillment);Fortaleza;CE;21:00;3;9.069
1524;03/05/2023 04:33;CD-072;1- First Mile Hub;Itacoatiara;AM;03/05/2023 16:33;CD-200;4- Híbrido (Fulfillment);Osasco;SP;12:00;3;9.476
1525;25/03/2024 05:15;CD-225;1- First Mile Hub;São Paulo;SP;25/03/2024 17:15;CD-219;4- Híbrido (Fulfillment);Rio Verde;GO;12:00;2;6.269
1526;20/08/2023 04:22;CD-030;4- Híbrido (Fulfillment);Uberaba;MG;21/08/2023 18:22;CD-145;3- Cross-Docking com ASM;Belém;PA;38:00;5;15.493
1527;02/12/2024 10:45;CD-025;2- Cross-Docking sem ASM;Contagem;MG;04/12/2024 08:45;CD-185;4- Híbrido (Fulfillment);Marabá;PA;46:00;1;3.263
1528;06/01/2023 23:52;CD-105;1- First Mile Hub;Cruzeiro do Sul;AC;09/01/2023 03:52;CD-237;4- Híbrido (Fulfillment);Guarulhos;SP;52:00;1;2.800
1529;26/09/2023 00:49;CD-238;3- Cross-Docking com ASM;Santarém;PA;27/09/2023 02:49;CD-018;4- Híbrido (Fulfillment);Nova Iguaçu;RJ;26:00;3;9.017
1530;26/03/2022 06:22;CD-232;3- Cross-Docking com ASM;Macapá;AP;28/03/2022 00:22;CD-130;4- Híbrido (Fulfillment);Mossoró;RN;42:00;3;9.264
1531;14/12/2024 10:16;CD-037;3- Cross-Docking com ASM;Londrina;PR;16/12/2024 07:16;CD-140;2- Cross-Docking sem ASM;Picos;PI;45:00;2;6.094
1532;02/02/2025 13:47;CD-180;3- Cross-Docking com ASM;Rio de Janeiro;RJ;04/02/2025 01:47;CD-241;2- Cross-Docking sem ASM;Ariquemes;RO;36:00;1;2.785
1533;21/06/2023 23:40;CD-164;1- First Mile Hub;Belém;PA;23/06/2023 08:40;CD-134;4- Híbrido (Fulfillment);Palmeira dos Índios;AL;33:00;1;3.083
1534;20/06/2023 01:40;CD-007;2- Cross-Docking sem ASM;São José dos Campos;SP;22/06/2023 02:40;CD-023;5- Last Mile Hub;Belo Horizonte;MG;49:00;5;15.366
1535;09/07/2024 18:25;CD-167;2- Cross-Docking sem ASM;São Gonçalo;RJ;12/07/2024 08:25;CD-185;4- Híbrido (Fulfillment);Marabá;PA;62:00;4;12.334
1536;28/12/2024 06:56;CD-020;1- First Mile Hub;Belford Roxo;RJ;29/12/2024 23:56;CD-214;3- Cross-Docking com ASM;Maceió;AL;41:00;1;3.237
1537;28/07/2023 10:50;CD-171;2- Cross-Docking sem ASM;Santa Rita;PB;30/07/2023 15:50;CD-040;5- Last Mile Hub;Cascavel;PR;53:00;1;3.057
1538;09/10/2025 03:58;CD-058;2- Cross-Docking sem ASM;Petrolina;PE;09/10/2025 22:58;CD-033;3- Cross-Docking com ASM;Vitória da Conquista;BA;19:00;4;12.490
1539;23/05/2023 18:38;CD-094;4- Híbrido (Fulfillment);Rondonópolis;MT;25/05/2023 09:38;CD-037;3- Cross-Docking com ASM;Londrina;PR;39:00;3;9.174
1540;13/07/2025 06:57;CD-232;3- Cross-Docking com ASM;Macapá;AP;14/07/2025 13:57;CD-217;4- Híbrido (Fulfillment);Niterói;RJ;31:00;5;15.743
1541;28/12/2022 09:00;CD-006;2- Cross-Docking sem ASM;Osasco;SP;29/12/2022 05:00;CD-211;4- Híbrido (Fulfillment);Juiz de Fora;MG;20:00;4;12.226
1542;25/03/2025 06:24;CD-217;4- Híbrido (Fulfillment);Niterói;RJ;25/03/2025 18:24;CD-117;2- Cross-Docking sem ASM;Cascavel;PR;12:00;2;6.323
1543;26/12/2025 11:42;CD-170;3- Cross-Docking com ASM;João Pessoa;PB;27/12/2025 11:42;CD-211;4- Híbrido (Fulfillment);Juiz de Fora;MG;24:00;2;6.043
1544;16/03/2023 07:00;CD-026;4- Híbrido (Fulfillment);Juiz de Fora;MG;17/03/2023 12:00;CD-230;2- Cross-Docking sem ASM;Ananindeua;PA;29:00;3;9.317
1545;06/08/2024 00:50;CD-025;2- Cross-Docking sem ASM;Contagem;MG;08/08/2024 14:50;CD-178;4- Híbrido (Fulfillment);Timon;MA;62:00;3;9.563
1546;19/07/2025 16:05;CD-236;3- Cross-Docking com ASM;Arapiraca;AL;19/07/2025 18:05;CD-088;2- Cross-Docking sem ASM;Palmeira dos Índios;AL;02:00;2;6.392
1547;17/07/2024 06:40;CD-147;2- Cross-Docking sem ASM;Blumenau;SC;17/07/2024 20:40;CD-069;5- Last Mile Hub;Timon;MA;14:00;5;15.134
1548;14/05/2025 15:25;CD-121;1- First Mile Hub;Uberlândia;MG;15/05/2025 17:25;CD-114;2- Cross-Docking sem ASM;Laranjal do Jari;AP;26:00;2;6.360
1549;03/02/2025 01:27;CD-045;1- First Mile Hub;Santa Maria;RS;04/02/2025 18:27;CD-178;4- Híbrido (Fulfillment);Timon;MA;41:00;3;8.926
1550;03/04/2025 01:24;CD-217;4- Híbrido (Fulfillment);Niterói;RJ;04/04/2025 15:24;CD-144;2- Cross-Docking sem ASM;João Pessoa;PB;38:00;5;15.404
1551;13/03/2024 20:36;CD-232;3- Cross-Docking com ASM;Macapá;AP;15/03/2024 05:36;CD-059;2- Cross-Docking sem ASM;Goiânia;GO;33:00;1;3.043
1552;27/05/2022 07:17;CD-265;2- Cross-Docking sem ASM;Itabuna;BA;29/05/2022 06:17;CD-022;3- Cross-Docking com ASM;São João de Meriti;RJ;47:00;2;6.299
1553;28/10/2025 21:45;CD-137;2- Cross-Docking sem ASM;Dourados;MS;29/10/2025 14:45;CD-103;5- Last Mile Hub;Laranjal do Jari;AP;17:00;1;3.027
1554;10/11/2025 21:27;CD-174;3- Cross-Docking com ASM;Caracaraí;RR;12/11/2025 16:27;CD-084;5- Last Mile Hub;Parnaíba;PI;43:00;4;12.435
1555;02/11/2025 17:40;CD-160;3- Cross-Docking com ASM;Vitória da Conquista;BA;04/11/2025 21:40;CD-223;2- Cross-Docking sem ASM;Osasco;SP;52:00;5;14.675
1556;18/03/2023 05:51;CD-114;2- Cross-Docking sem ASM;Laranjal do Jari;AP;19/03/2023 11:51;CD-250;4- Híbrido (Fulfillment);Piracicaba;SP;30:00;4;12.251
1557;12/06/2024 04:54;CD-265;2- Cross-Docking sem ASM;Itabuna;BA;14/06/2024 03:54;CD-258;5- Last Mile Hub;Picos;PI;47:00;3;9.338
1558;02/01/2024 20:07;CD-013;3- Cross-Docking com ASM;Jundiaí;SP;03/01/2024 03:07;CD-249;4- Híbrido (Fulfillment);Guarulhos;SP;07:00;2;6.166
1559;27/02/2022 21:55;CD-070;1- First Mile Hub;Manaus;AM;01/03/2022 13:55;CD-223;2- Cross-Docking sem ASM;Osasco;SP;40:00;2;6.103
1560;09/08/2023 00:16;CD-079;1- First Mile Hub;Parnamirim;RN;11/08/2023 12:16;CD-207;4- Híbrido (Fulfillment);Rio Branco;AC;60:00;4;12.000
1561;18/12/2024 14:27;CD-185;4- Híbrido (Fulfillment);Marabá;PA;20/12/2024 07:27;CD-201;2- Cross-Docking sem ASM;Nossa Senhora do Socorro;SE;41:00;4;12.655
1562;09/09/2024 19:24;CD-143;2- Cross-Docking sem ASM;Maceió;AL;10/09/2024 00:24;CD-236;3- Cross-Docking com ASM;Arapiraca;AL;05:00;5;15.000
1563;23/12/2023 23:10;CD-173;1- First Mile Hub;Boa Vista;RR;24/12/2023 22:10;CD-255;3- Cross-Docking com ASM;Araguaína;TO;23:00;2;6.000
1564;15/05/2025 00:51;CD-158;3- Cross-Docking com ASM;Ji-Paraná;RO;17/05/2025 11:51;CD-179;4- Híbrido (Fulfillment);Belém;PA;59:00;1;3.035
1565;15/04/2024 15:18;CD-047;3- Cross-Docking com ASM;Joinville;SC;17/04/2024 12:18;CD-193;2- Cross-Docking sem ASM;Serra;ES;45:00;2;5.842
1566;10/04/2024 17:11;CD-221;1- First Mile Hub;Campina Grande;PB;11/04/2024 19:11;CD-240;2- Cross-Docking sem ASM;Betim;MG;26:00;5;14.894
1567;20/11/2024 09:25;CD-016;2- Cross-Docking sem ASM;São Gonçalo;RJ;22/11/2024 14:25;CD-162;4- Híbrido (Fulfillment);Ariquemes;RO;53:00;3;9.141
1568;12/02/2024 17:34;CD-158;3- Cross-Docking com ASM;Ji-Paraná;RO;13/02/2024 12:34;CD-196;5- Last Mile Hub;Joinville;SC;19:00;1;3.227
1569;24/07/2025 12:58;CD-054;4- Híbrido (Fulfillment);Recife;PE;26/07/2025 12:58;CD-260;2- Cross-Docking sem ASM;Timon;MA;48:00;1;3.261
1570;01/04/2025 20:18;CD-123;2- Cross-Docking sem ASM;Goiânia;GO;02/04/2025 20:18;CD-100;5- Last Mile Hub;Ariquemes;RO;24:00;4;11.885
1571;13/10/2025 17:01;CD-221;1- First Mile Hub;Campina Grande;PB;14/10/2025 13:01;CD-219;4- Híbrido (Fulfillment);Rio Verde;GO;20:00;2;5.857
1572;25/08/2023 08:24;CD-149;1- First Mile Hub;Maracanaú;CE;27/08/2023 20:24;CD-208;2- Cross-Docking sem ASM;Blumenau;SC;60:00;4;11.739
1573;27/08/2022 13:52;CD-224;3- Cross-Docking com ASM;Caucaia;CE;28/08/2022 17:52;CD-038;4- Híbrido (Fulfillment);Maringá;PR;28:00;5;14.419
1574;06/07/2025 19:02;CD-132;3- Cross-Docking com ASM;Porto Velho;RO;08/07/2025 20:02;CD-135;2- Cross-Docking sem ASM;Arapiraca;AL;49:00;2;5.842
1575;02/11/2025 04:54;CD-050;4- Híbrido (Fulfillment);Fortaleza;CE;04/11/2025 09:54;CD-119;2- Cross-Docking sem ASM;Sena Madureira;AC;53:00;3;9.074
1576;21/10/2025 21:52;CD-221;1- First Mile Hub;Campina Grande;PB;22/10/2025 11:52;CD-049;3- Cross-Docking com ASM;São José;SC;14:00;5;15.183
1577;22/08/2024 19:08;CD-083;3- Cross-Docking com ASM;Teresina;PI;25/08/2024 01:08;CD-188;5- Last Mile Hub;Guarulhos;SP;54:00;2;5.929
1578;22/05/2023 23:50;CD-133;3- Cross-Docking com ASM;Rio de Janeiro;RJ;24/05/2023 00:50;CD-062;5- Last Mile Hub;Rio Verde;GO;25:00;5;15.262
1579;19/02/2023 22:00;CD-042;2- Cross-Docking sem ASM;Caxias do Sul;RS;21/02/2023 11:00;CD-235;3- Cross-Docking com ASM;Florianópolis;SC;37:00;3;9.466
1580;20/03/2023 11:26;CD-172;3- Cross-Docking com ASM;Porto Velho;RO;23/03/2023 00:26;CD-007;2- Cross-Docking sem ASM;São José dos Campos;SP;61:00;1;3.063
1581;14/07/2025 06:20;CD-181;1- First Mile Hub;Caucaia;CE;16/07/2025 19:20;CD-043;3- Cross-Docking com ASM;Canoas;RS;61:00;5;14.061
1582;24/11/2025 19:19;CD-199;2- Cross-Docking sem ASM;Várzea Grande;MT;27/11/2025 08:19;CD-130;4- Híbrido (Fulfillment);Mossoró;RN;61:00;2;5.994
1583;26/08/2024 02:30;CD-178;4- Híbrido (Fulfillment);Timon;MA;26/08/2024 14:30;CD-236;3- Cross-Docking com ASM;Arapiraca;AL;12:00;1;3.143
1584;18/03/2022 04:08;CD-217;4- Híbrido (Fulfillment);Niterói;RJ;20/03/2022 10:08;CD-184;3- Cross-Docking com ASM;Araguaína;TO;54:00;5;15.203
1585;25/06/2023 18:35;CD-265;2- Cross-Docking sem ASM;Itabuna;BA;27/06/2023 20:35;CD-018;4- Híbrido (Fulfillment);Nova Iguaçu;RJ;50:00;5;15.482
1586;08/09/2024 07:23;CD-239;1- First Mile Hub;Fortaleza;CE;09/09/2024 06:23;CD-033;3- Cross-Docking com ASM;Vitória da Conquista;BA;23:00;3;9.432
1587;09/04/2023 02:04;CD-022;3- Cross-Docking com ASM;São João de Meriti;RJ;10/04/2023 17:04;CD-129;2- Cross-Docking sem ASM;Uberlândia;MG;39:00;4;12.762
1588;12/06/2023 03:17;CD-151;1- First Mile Hub;Porto Velho;RO;13/06/2023 15:17;CD-049;3- Cross-Docking com ASM;São José;SC;36:00;4;11.941
1589;02/09/2023 19:09;CD-061;3- Cross-Docking com ASM;Anápolis;GO;04/09/2023 04:09;CD-044;4- Híbrido (Fulfillment);Pelotas;RS;33:00;2;5.802
1590;06/02/2022 00:49;CD-111;2- Cross-Docking sem ASM;Araguaína;TO;08/02/2022 09:49;CD-247;4- Híbrido (Fulfillment);Aracaju;SE;57:00;1;3.225
1591;04/12/2023 08:16;CD-018;4- Híbrido (Fulfillment);Nova Iguaçu;RJ;06/12/2023 16:16;CD-140;2- Cross-Docking sem ASM;Picos;PI;56:00;3;9.472
1592;07/02/2024 11:42;CD-149;1- First Mile Hub;Maracanaú;CE;10/02/2024 02:42;CD-160;3- Cross-Docking com ASM;Vitória da Conquista;BA;63:00;2;6.244
1593;15/08/2024 21:11;CD-121;1- First Mile Hub;Uberlândia;MG;16/08/2024 09:11;CD-183;3- Cross-Docking com ASM;Jaboatão dos Guararapes;PE;12:00;4;12.243
1594;04/11/2023 13:27;CD-139;1- First Mile Hub;São Luís;MA;05/11/2023 12:27;CD-202;3- Cross-Docking com ASM;Araguaína;TO;23:00;3;9.360
1595;03/05/2023 06:19;CD-238;3- Cross-Docking com ASM;Santarém;PA;05/05/2023 02:19;CD-102;5- Last Mile Hub;Santana;AP;44:00;4;11.762
1596;25/03/2024 03:25;CD-142;2- Cross-Docking sem ASM;Nossa Senhora do Socorro;SE;26/03/2024 22:25;CD-023;5- Last Mile Hub;Belo Horizonte;MG;43:00;4;11.941
1597;13/08/2025 14:54;CD-264;4- Híbrido (Fulfillment);São José dos Campos;SP;14/08/2025 22:54;CD-019;5- Last Mile Hub;Niterói;RJ;32:00;3;9.376
1598;09/11/2023 04:14;CD-091;1- First Mile Hub;Lagarto;SE;10/11/2023 08:14;CD-064;2- Cross-Docking sem ASM;Ananindeua;PA;28:00;5;15.454
1599;26/09/2024 11:06;CD-172;3- Cross-Docking com ASM;Porto Velho;RO;28/09/2024 07:06;CD-200;4- Híbrido (Fulfillment);Osasco;SP;44:00;1;3.075
1600;06/09/2024 04:09;CD-035;1- First Mile Hub;Itabuna;BA;07/09/2024 18:09;CD-217;4- Híbrido (Fulfillment);Niterói;RJ;38:00;5;15.816
1601;13/10/2022 17:09;CD-158;3- Cross-Docking com ASM;Ji-Paraná;RO;14/10/2022 07:09;CD-208;2- Cross-Docking sem ASM;Blumenau;SC;14:00;4;12.702
1602;02/11/2023 14:41;CD-148;1- First Mile Hub;Goiânia;GO;04/11/2023 11:41;CD-104;4- Híbrido (Fulfillment);Rio Branco;AC;45:00;5;15.342
1603;25/09/2024 23:09;CD-110;1- First Mile Hub;Palmas;TO;27/09/2024 18:09;CD-063;4- Híbrido (Fulfillment);Belém;PA;43:00;1;3.286
1604;27/06/2024 07:18;CD-192;1- First Mile Hub;Gurupi;TO;28/06/2024 05:18;CD-152;2- Cross-Docking sem ASM;Palmeira dos Índios;AL;22:00;1;3.200
1605;24/08/2024 11:02;CD-114;2- Cross-Docking sem ASM;Laranjal do Jari;AP;26/08/2024 14:02;CD-038;4- Híbrido (Fulfillment);Maringá;PR;51:00;3;8.529
1606;11/06/2024 11:13;CD-222;4- Híbrido (Fulfillment);Porto Velho;RO;11/06/2024 22:13;CD-227;2- Cross-Docking sem ASM;Aparecida de Goiânia;GO;11:00;5;15.250
1607;16/03/2024 13:08;CD-185;4- Híbrido (Fulfillment);Marabá;PA;18/03/2024 19:08;CD-243;2- Cross-Docking sem ASM;Natal;RN;54:00;1;3.280
1608;25/11/2022 00:40;CD-153;1- First Mile Hub;Guarulhos;SP;25/11/2022 04:40;CD-002;2- Cross-Docking sem ASM;Guarulhos;SP;04:00;4;11.927
1609;05/04/2022 06:23;CD-064;2- Cross-Docking sem ASM;Ananindeua;PA;07/04/2022 09:23;CD-178;4- Híbrido (Fulfillment);Timon;MA;51:00;5;15.659
1610;21/02/2023 20:04;CD-149;1- First Mile Hub;Maracanaú;CE;22/02/2023 11:04;CD-144;2- Cross-Docking sem ASM;João Pessoa;PB;15:00;4;12.162
1611;18/07/2025 05:26;CD-163;2- Cross-Docking sem ASM;Canoas;RS;19/07/2025 16:26;CD-256;5- Last Mile Hub;Rio Branco;AC;35:00;1;2.840
1612;10/09/2024 15:47;CD-168;3- Cross-Docking com ASM;Salvador;BA;11/09/2024 07:47;CD-100;5- Last Mile Hub;Ariquemes;RO;16:00;5;15.415
1613;15/02/2025 19:50;CD-044;4- Híbrido (Fulfillment);Pelotas;RS;18/02/2025 01:50;CD-117;2- Cross-Docking sem ASM;Cascavel;PR;54:00;3;9.583
1614;10/01/2023 05:31;CD-020;1- First Mile Hub;Belford Roxo;RJ;10/01/2023 17:31;CD-156;4- Híbrido (Fulfillment);Várzea Grande;MT;12:00;5;14.926
1615;27/11/2022 17:49;CD-241;2- Cross-Docking sem ASM;Ariquemes;RO;30/11/2022 05:49;CD-047;3- Cross-Docking com ASM;Joinville;SC;60:00;2;6.447
1616;28/06/2022 04:59;CD-088;2- Cross-Docking sem ASM;Palmeira dos Índios;AL;29/06/2022 15:59;CD-113;4- Híbrido (Fulfillment);Brasília;DF;35:00;3;9.393
1617;15/01/2025 17:59;CD-226;3- Cross-Docking com ASM;Niterói;RJ;17/01/2025 00:59;CD-185;4- Híbrido (Fulfillment);Marabá;PA;31:00;5;15.349
1618;27/10/2023 02:29;CD-027;2- Cross-Docking sem ASM;Betim;MG;28/10/2023 06:29;CD-132;3- Cross-Docking com ASM;Porto Velho;RO;28:00;5;15.127
1619;21/04/2022 07:59;CD-090;1- First Mile Hub;Nossa Senhora do Socorro;SE;22/04/2022 01:59;CD-144;2- Cross-Docking sem ASM;João Pessoa;PB;18:00;4;12.793
1620;22/08/2023 16:16;CD-061;3- Cross-Docking com ASM;Anápolis;GO;23/08/2023 12:16;CD-069;5- Last Mile Hub;Timon;MA;20:00;2;6.131
1621;03/11/2023 14:15;CD-144;2- Cross-Docking sem ASM;João Pessoa;PB;05/11/2023 14:15;CD-188;5- Last Mile Hub;Guarulhos;SP;48:00;2;6.036
1622;01/11/2024 21:06;CD-170;3- Cross-Docking com ASM;João Pessoa;PB;04/11/2024 11:06;CD-208;2- Cross-Docking sem ASM;Blumenau;SC;62:00;1;3.136
1623;27/04/2022 08:42;CD-218;4- Híbrido (Fulfillment);Uberlândia;MG;29/04/2022 21:42;CD-069;5- Last Mile Hub;Timon;MA;61:00;2;5.574
1624;06/06/2025 05:54;CD-195;3- Cross-Docking com ASM;Ji-Paraná;RO;06/06/2025 16:54;CD-068;4- Híbrido (Fulfillment);Imperatriz;MA;11:00;5;15.410
1625;14/02/2023 06:23;CD-198;1- First Mile Hub;Arapiraca;AL;15/02/2023 23:23;CD-171;2- Cross-Docking sem ASM;Santa Rita;PB;41:00;4;11.963
1626;18/08/2025 10:54;CD-081;3- Cross-Docking com ASM;Campina Grande;PB;19/08/2025 07:54;CD-240;2- Cross-Docking sem ASM;Betim;MG;21:00;5;15.509
1627;11/02/2023 08:31;CD-187;1- First Mile Hub;Timon;MA;12/02/2023 10:31;CD-132;3- Cross-Docking com ASM;Porto Velho;RO;26:00;2;5.987
1628;02/01/2025 21:45;CD-107;1- First Mile Hub;Boa Vista;RR;04/01/2025 01:45;CD-171;2- Cross-Docking sem ASM;Santa Rita;PB;28:00;2;5.956
1629;10/01/2022 02:57;CD-183;3- Cross-Docking com ASM;Jaboatão dos Guararapes;PE;11/01/2022 13:57;CD-044;4- Híbrido (Fulfillment);Pelotas;RS;35:00;2;6.014
1630;11/07/2024 08:08;CD-182;3- Cross-Docking com ASM;Cruzeiro do Sul;AC;13/07/2024 10:08;CD-076;4- Híbrido (Fulfillment);Cariacica;ES;50:00;3;9.261
1631;16/03/2022 16:21;CD-142;2- Cross-Docking sem ASM;Nossa Senhora do Socorro;SE;18/03/2022 20:21;CD-014;4- Híbrido (Fulfillment);Piracicaba;SP;52:00;2;5.867
1632;10/05/2023 03:03;CD-246;3- Cross-Docking com ASM;Campo Grande;MS;12/05/2023 15:03;CD-141;5- Last Mile Hub;Gurupi;TO;60:00;1;3.028
1633;23/01/2025 12:26;CD-192;1- First Mile Hub;Gurupi;TO;25/01/2025 18:26;CD-144;2- Cross-Docking sem ASM;João Pessoa;PB;54:00;1;3.030
1634;03/08/2022 00:47;CD-151;1- First Mile Hub;Porto Velho;RO;03/08/2022 19:47;CD-055;4- Híbrido (Fulfillment);Jaboatão dos Guararapes;PE;19:00;3;9.118
1635;13/05/2023 04:14;CD-081;3- Cross-Docking com ASM;Campina Grande;PB;14/05/2023 23:14;CD-128;2- Cross-Docking sem ASM;Mauá;SP;43:00;2;6.197
1636;04/05/2022 20:03;CD-214;3- Cross-Docking com ASM;Maceió;AL;05/05/2022 11:03;CD-028;5- Last Mile Hub;Montes Claros;MG;15:00;2;6.701
1637;10/09/2024 14:04;CD-182;3- Cross-Docking com ASM;Cruzeiro do Sul;AC;11/09/2024 04:04;CD-040;5- Last Mile Hub;Cascavel;PR;14:00;2;6.002
1638;04/02/2024 14:57;CD-166;4- Híbrido (Fulfillment);São Luís;MA;05/02/2024 01:57;CD-062;5- Last Mile Hub;Rio Verde;GO;11:00;1;3.044
1639;22/05/2024 03:29;CD-130;4- Híbrido (Fulfillment);Mossoró;RN;23/05/2024 04:29;CD-233;2- Cross-Docking sem ASM;Mogi das Cruzes;SP;25:00;5;14.920
1640;27/05/2022 08:04;CD-020;1- First Mile Hub;Belford Roxo;RJ;29/05/2022 17:04;CD-030;4- Híbrido (Fulfillment);Uberaba;MG;57:00;5;14.924
1641;07/11/2025 23:12;CD-132;3- Cross-Docking com ASM;Porto Velho;RO;09/11/2025 05:12;CD-197;4- Híbrido (Fulfillment);Santana;AP;30:00;1;3.276
1642;14/05/2023 14:33;CD-032;4- Híbrido (Fulfillment);Feira de Santana;BA;17/05/2023 02:33;CD-039;5- Last Mile Hub;Ponta Grossa;PR;60:00;4;12.039
1643;04/03/2025 10:26;CD-076;4- Híbrido (Fulfillment);Cariacica;ES;06/03/2025 02:26;CD-194;5- Last Mile Hub;Camaçari;BA;40:00;5;15.334
1644;16/09/2023 16:23;CD-252;4- Híbrido (Fulfillment);Caracaraí;RR;18/09/2023 21:23;CD-013;3- Cross-Docking com ASM;Jundiaí;SP;53:00;5;15.514
1645;12/10/2023 23:06;CD-245;3- Cross-Docking com ASM;Gurupi;TO;15/10/2023 09:06;CD-080;5- Last Mile Hub;João Pessoa;PB;58:00;1;2.774
1646;07/02/2022 03:17;CD-124;2- Cross-Docking sem ASM;Recife;PE;08/02/2022 06:17;CD-168;3- Cross-Docking com ASM;Salvador;BA;27:00;5;15.295
1647;05/11/2025 16:09;CD-224;3- Cross-Docking com ASM;Caucaia;CE;07/11/2025 05:09;CD-092;5- Last Mile Hub;Cuiabá;MT;37:00;1;3.001
1648;06/06/2024 17:12;CD-260;2- Cross-Docking sem ASM;Timon;MA;09/06/2024 06:12;CD-029;5- Last Mile Hub;Ribeirão das Neves;MG;61:00;5;15.270
1649;17/04/2022 03:09;CD-244;4- Híbrido (Fulfillment);Araguaína;TO;18/04/2022 09:09;CD-084;5- Last Mile Hub;Parnaíba;PI;30:00;2;6.473
1650;04/05/2023 16:23;CD-178;4- Híbrido (Fulfillment);Timon;MA;05/05/2023 05:23;CD-123;2- Cross-Docking sem ASM;Goiânia;GO;13:00;5;15.308
1651;08/03/2022 08:12;CD-011;4- Híbrido (Fulfillment);Mauá;SP;08/03/2022 11:12;CD-263;5- Last Mile Hub;Piracicaba;SP;03:00;1;3.005
1652;20/07/2025 14:26;CD-225;1- First Mile Hub;São Paulo;SP;21/07/2025 15:26;CD-032;4- Híbrido (Fulfillment);Feira de Santana;BA;25:00;5;15.653
1653;02/02/2025 04:25;CD-053;4- Híbrido (Fulfillment);Maracanaú;CE;03/02/2025 14:25;CD-009;2- Cross-Docking sem ASM;Sorocaba;SP;34:00;2;5.827
1654;16/04/2022 15:52;CD-151;1- First Mile Hub;Porto Velho;RO;17/04/2022 11:52;CD-138;3- Cross-Docking com ASM;Boa Vista;RR;20:00;4;12.780
1655;11/04/2024 20:34;CD-014;4- Híbrido (Fulfillment);Piracicaba;SP;13/04/2024 16:34;CD-117;2- Cross-Docking sem ASM;Cascavel;PR;44:00;4;11.798
1656;26/11/2023 02:07;CD-030;4- Híbrido (Fulfillment);Uberaba;MG;27/11/2023 19:07;CD-233;2- Cross-Docking sem ASM;Mogi das Cruzes;SP;41:00;2;6.308
1657;28/02/2022 21:51;CD-035;1- First Mile Hub;Itabuna;BA;02/03/2022 19:51;CD-113;4- Híbrido (Fulfillment);Brasília;DF;46:00;5;15.108
1658;10/04/2022 05:24;CD-139;1- First Mile Hub;São Luís;MA;12/04/2022 06:24;CD-214;3- Cross-Docking com ASM;Maceió;AL;49:00;5;16.269
1659;12/12/2022 14:03;CD-025;2- Cross-Docking sem ASM;Contagem;MG;13/12/2022 23:03;CD-235;3- Cross-Docking com ASM;Florianópolis;SC;33:00;1;3.480
1660;27/01/2023 04:42;CD-054;4- Híbrido (Fulfillment);Recife;PE;27/01/2023 21:42;CD-175;3- Cross-Docking com ASM;Palmeira dos Índios;AL;17:00;4;12.501
1661;10/06/2025 06:30;CD-183;3- Cross-Docking com ASM;Jaboatão dos Guararapes;PE;11/06/2025 18:30;CD-247;4- Híbrido (Fulfillment);Aracaju;SE;36:00;3;8.850
1662;15/10/2022 13:03;CD-223;2- Cross-Docking sem ASM;Osasco;SP;17/10/2022 03:03;CD-197;4- Híbrido (Fulfillment);Santana;AP;38:00;2;5.942
1663;22/05/2023 18:02;CD-097;4- Híbrido (Fulfillment);Três Lagoas;MS;23/05/2023 22:02;CD-209;5- Last Mile Hub;Florianópolis;SC;28:00;3;9.231
1664;08/08/2024 18:17;CD-135;2- Cross-Docking sem ASM;Arapiraca;AL;10/08/2024 04:17;CD-264;4- Híbrido (Fulfillment);São José dos Campos;SP;34:00;3;8.860
1665;14/05/2023 12:37;CD-157;2- Cross-Docking sem ASM;Canoas;RS;15/05/2023 01:37;CD-005;5- Last Mile Hub;Santo André;SP;13:00;2;6.265
1666;28/11/2023 08:03;CD-208;2- Cross-Docking sem ASM;Blumenau;SC;30/11/2023 02:03;CD-096;5- Last Mile Hub;Dourados;MS;42:00;3;9.161
1667;14/06/2025 18:03;CD-081;3- Cross-Docking com ASM;Campina Grande;PB;17/06/2025 08:03;CD-141;5- Last Mile Hub;Gurupi;TO;62:00;2;5.949
1668;27/11/2024 08:04;CD-169;1- First Mile Hub;Piracicaba;SP;27/11/2024 14:04;CD-012;4- Híbrido (Fulfillment);Mogi das Cruzes;SP;06:00;4;12.300
1669;09/09/2025 02:38;CD-007;2- Cross-Docking sem ASM;São José dos Campos;SP;10/09/2025 10:38;CD-204;3- Cross-Docking com ASM;Caucaia;CE;32:00;2;6.347
1670;18/09/2024 09:55;CD-083;3- Cross-Docking com ASM;Teresina;PI;19/09/2024 13:55;CD-068;4- Híbrido (Fulfillment);Imperatriz;MA;28:00;5;15.276
1671;15/05/2024 20:31;CD-242;3- Cross-Docking com ASM;Serra;ES;16/05/2024 08:31;CD-014;4- Híbrido (Fulfillment);Piracicaba;SP;12:00;3;9.127
1672;19/08/2023 15:09;CD-208;2- Cross-Docking sem ASM;Blumenau;SC;21/08/2023 20:09;CD-231;3- Cross-Docking com ASM;São José dos Campos;SP;53:00;1;2.828
1673;17/03/2022 01:14;CD-201;2- Cross-Docking sem ASM;Nossa Senhora do Socorro;SE;18/03/2022 10:14;CD-083;3- Cross-Docking com ASM;Teresina;PI;33:00;3;9.265
1674;18/11/2022 15:39;CD-036;4- Híbrido (Fulfillment);Curitiba;PR;20/11/2022 07:39;CD-235;3- Cross-Docking com ASM;Florianópolis;SC;40:00;2;5.978
1675;09/05/2022 04:51;CD-203;1- First Mile Hub;Marabá;PA;10/05/2022 13:51;CD-157;2- Cross-Docking sem ASM;Canoas;RS;33:00;3;9.313
1676;26/09/2025 18:00;CD-204;3- Cross-Docking com ASM;Caucaia;CE;28/09/2025 02:00;CD-216;4- Híbrido (Fulfillment);Itacoatiara;AM;32:00;2;5.836
1677;20/02/2022 19:32;CD-051;4- Híbrido (Fulfillment);Caucaia;CE;21/02/2022 22:32;CD-117;2- Cross-Docking sem ASM;Cascavel;PR;27:00;3;9.405
1678;19/07/2022 05:20;CD-152;2- Cross-Docking sem ASM;Palmeira dos Índios;AL;20/07/2022 16:20;CD-013;3- Cross-Docking com ASM;Jundiaí;SP;35:00;1;2.976
1679;07/07/2024 11:31;CD-136;1- First Mile Hub;Curitiba;PR;08/07/2024 22:31;CD-093;3- Cross-Docking com ASM;Várzea Grande;MT;35:00;1;3.041
1680;18/02/2023 17:32;CD-016;2- Cross-Docking sem ASM;São Gonçalo;RJ;21/02/2023 03:32;CD-195;3- Cross-Docking com ASM;Ji-Paraná;RO;58:00;4;11.686
1681;16/09/2024 13:13;CD-094;4- Híbrido (Fulfillment);Rondonópolis;MT;18/09/2024 15:13;CD-021;2- Cross-Docking sem ASM;Campos dos Goytacazes;RJ;50:00;1;3.066
1682;15/12/2025 14:02;CD-067;1- First Mile Hub;São Luís;MA;17/12/2025 13:02;CD-078;3- Cross-Docking com ASM;Mossoró;RN;47:00;2;5.743
1683;20/08/2023 19:52;CD-243;2- Cross-Docking sem ASM;Natal;RN;21/08/2023 08:52;CD-101;5- Last Mile Hub;Macapá;AP;13:00;5;15.830
1684;23/06/2025 14:30;CD-030;4- Híbrido (Fulfillment);Uberaba;MG;24/06/2025 14:30;CD-061;3- Cross-Docking com ASM;Anápolis;GO;24:00;5;15.114
1685;24/12/2025 08:55;CD-120;2- Cross-Docking sem ASM;Maceió;AL;25/12/2025 20:55;CD-065;5- Last Mile Hub;Santarém;PA;36:00;5;15.076
1686;03/09/2022 03:46;CD-010;1- First Mile Hub;Santos;SP;04/09/2022 18:46;CD-119;2- Cross-Docking sem ASM;Sena Madureira;AC;39:00;2;6.335
1687;28/03/2022 07:34;CD-022;3- Cross-Docking com ASM;São João de Meriti;RJ;28/03/2022 23:34;CD-053;4- Híbrido (Fulfillment);Maracanaú;CE;16:00;5;15.063
1688;03/04/2023 14:33;CD-164;1- First Mile Hub;Belém;PA;05/04/2023 21:33;CD-131;3- Cross-Docking com ASM;Aracaju;SE;55:00;4;12.377
1689;02/06/2023 10:04;CD-015;2- Cross-Docking sem ASM;Rio de Janeiro;RJ;04/06/2023 05:04;CD-099;3- Cross-Docking com ASM;Ji-Paraná;RO;43:00;3;9.428
1690;25/08/2025 05:47;CD-076;4- Híbrido (Fulfillment);Cariacica;ES;26/08/2025 12:47;CD-116;5- Last Mile Hub;Fortaleza;CE;31:00;2;6.296
1691;13/06/2022 17:48;CD-187;1- First Mile Hub;Timon;MA;14/06/2022 09:48;CD-246;3- Cross-Docking com ASM;Campo Grande;MS;16:00;5;15.308
1692;12/11/2022 05:23;CD-126;1- First Mile Hub;Sorocaba;SP;14/11/2022 17:23;CD-214;3- Cross-Docking com ASM;Maceió;AL;60:00;3;9.365
1693;08/10/2023 04:29;CD-163;2- Cross-Docking sem ASM;Canoas;RS;08/10/2023 07:29;CD-177;3- Cross-Docking com ASM;Canoas;RS;03:00;5;15.793
1694;22/11/2025 18:38;CD-166;4- Híbrido (Fulfillment);São Luís;MA;23/11/2025 18:38;CD-023;5- Last Mile Hub;Belo Horizonte;MG;24:00;5;15.265
1695;10/12/2024 02:56;CD-202;3- Cross-Docking com ASM;Araguaína;TO;11/12/2024 01:56;CD-124;2- Cross-Docking sem ASM;Recife;PE;23:00;1;3.062
1696;07/07/2024 01:00;CD-090;1- First Mile Hub;Nossa Senhora do Socorro;SE;07/07/2024 04:00;CD-201;2- Cross-Docking sem ASM;Nossa Senhora do Socorro;SE;03:00;2;6.593
1697;24/05/2024 15:37;CD-047;3- Cross-Docking com ASM;Joinville;SC;26/05/2024 18:37;CD-123;2- Cross-Docking sem ASM;Goiânia;GO;51:00;3;9.107
1698;17/04/2024 17:44;CD-007;2- Cross-Docking sem ASM;São José dos Campos;SP;18/04/2024 17:44;CD-051;4- Híbrido (Fulfillment);Caucaia;CE;24:00;1;3.080
1699;07/02/2025 16:23;CD-257;1- First Mile Hub;São José;SC;09/02/2025 17:23;CD-252;4- Híbrido (Fulfillment);Caracaraí;RR;49:00;2;6.095
1700;22/01/2023 11:15;CD-255;3- Cross-Docking com ASM;Araguaína;TO;23/01/2023 08:15;CD-207;4- Híbrido (Fulfillment);Rio Branco;AC;21:00;3;9.146
1701;18/05/2022 17:21;CD-199;2- Cross-Docking sem ASM;Várzea Grande;MT;21/05/2022 06:21;CD-051;4- Híbrido (Fulfillment);Caucaia;CE;61:00;3;9.029
1702;15/02/2023 05:02;CD-071;4- Híbrido (Fulfillment);Parintins;AM;17/02/2023 20:02;CD-140;2- Cross-Docking sem ASM;Picos;PI;63:00;3;9.237
1703;20/04/2025 22:12;CD-015;2- Cross-Docking sem ASM;Rio de Janeiro;RJ;22/04/2025 02:12;CD-034;4- Híbrido (Fulfillment);Camaçari;BA;28:00;3;9.241
1704;16/11/2022 21:12;CD-244;4- Híbrido (Fulfillment);Araguaína;TO;17/11/2022 08:12;CD-041;5- Last Mile Hub;Porto Alegre;RS;11:00;1;3.328
1705;01/08/2023 05:14;CD-178;4- Híbrido (Fulfillment);Timon;MA;03/08/2023 05:14;CD-138;3- Cross-Docking com ASM;Boa Vista;RR;48:00;3;8.571
1706;15/11/2022 19:14;CD-149;1- First Mile Hub;Maracanaú;CE;16/11/2022 10:14;CD-056;4- Híbrido (Fulfillment);Olinda;PE;15:00;3;9.024
1707;07/07/2025 12:35;CD-155;1- First Mile Hub;Guarulhos;SP;07/07/2025 19:35;CD-011;4- Híbrido (Fulfillment);Mauá;SP;07:00;4;12.592
1708;14/08/2022 04:25;CD-124;2- Cross-Docking sem ASM;Recife;PE;14/08/2022 21:25;CD-013;3- Cross-Docking com ASM;Jundiaí;SP;17:00;3;9.345
1709;24/09/2025 08:12;CD-044;4- Híbrido (Fulfillment);Pelotas;RS;26/09/2025 06:12;CD-009;2- Cross-Docking sem ASM;Sorocaba;SP;46:00;3;9.645
1710;10/04/2022 11:54;CD-061;3- Cross-Docking com ASM;Anápolis;GO;11/04/2022 11:54;CD-247;4- Híbrido (Fulfillment);Aracaju;SE;24:00;4;12.375
1711;24/07/2025 08:51;CD-216;4- Híbrido (Fulfillment);Itacoatiara;AM;26/07/2025 22:51;CD-226;3- Cross-Docking com ASM;Niterói;RJ;62:00;1;3.269
1712;26/03/2024 14:49;CD-021;2- Cross-Docking sem ASM;Campos dos Goytacazes;RJ;26/03/2024 22:49;CD-217;4- Híbrido (Fulfillment);Niterói;RJ;08:00;5;15.543
1713;26/08/2023 17:20;CD-179;4- Híbrido (Fulfillment);Belém;PA;28/08/2023 22:20;CD-182;3- Cross-Docking com ASM;Cruzeiro do Sul;AC;53:00;3;9.530
1714;19/08/2023 12:05;CD-024;2- Cross-Docking sem ASM;Uberlândia;MG;19/08/2023 17:05;CD-218;4- Híbrido (Fulfillment);Uberlândia;MG;05:00;4;12.065
1715;02/06/2022 18:14;CD-183;3- Cross-Docking com ASM;Jaboatão dos Guararapes;PE;03/06/2022 09:14;CD-128;2- Cross-Docking sem ASM;Mauá;SP;15:00;2;6.400
1716;14/02/2023 02:19;CD-123;2- Cross-Docking sem ASM;Goiânia;GO;16/02/2023 11:19;CD-112;5- Last Mile Hub;Gurupi;TO;57:00;2;6.110
1717;16/07/2022 15:41;CD-246;3- Cross-Docking com ASM;Campo Grande;MS;18/07/2022 00:41;CD-034;4- Híbrido (Fulfillment);Camaçari;BA;33:00;2;6.530
1718;05/02/2024 07:45;CD-149;1- First Mile Hub;Maracanaú;CE;06/02/2024 19:45;CD-047;3- Cross-Docking com ASM;Joinville;SC;36:00;2;6.097
1719;03/07/2025 02:41;CD-139;1- First Mile Hub;São Luís;MA;04/07/2025 11:41;CD-265;2- Cross-Docking sem ASM;Itabuna;BA;33:00;2;6.155
1720;04/07/2025 05:41;CD-007;2- Cross-Docking sem ASM;São José dos Campos;SP;06/07/2025 00:41;CD-036;4- Híbrido (Fulfillment);Curitiba;PR;43:00;4;12.244
1721;06/11/2024 15:42;CD-144;2- Cross-Docking sem ASM;João Pessoa;PB;09/11/2024 03:42;CD-112;5- Last Mile Hub;Gurupi;TO;60:00;5;15.963
1722;22/01/2023 04:07;CD-208;2- Cross-Docking sem ASM;Blumenau;SC;23/01/2023 03:07;CD-242;3- Cross-Docking com ASM;Serra;ES;23:00;3;9.142
1723;17/02/2024 01:04;CD-260;2- Cross-Docking sem ASM;Timon;MA;19/02/2024 12:04;CD-104;4- Híbrido (Fulfillment);Rio Branco;AC;59:00;2;6.342
1724;03/10/2025 23:18;CD-081;3- Cross-Docking com ASM;Campina Grande;PB;05/10/2025 20:18;CD-227;2- Cross-Docking sem ASM;Aparecida de Goiânia;GO;45:00;2;5.965
1725;28/01/2022 03:30;CD-134;4- Híbrido (Fulfillment);Palmeira dos Índios;AL;29/01/2022 13:30;CD-140;2- Cross-Docking sem ASM;Picos;PI;34:00;2;6.300
1726;09/12/2025 05:36;CD-192;1- First Mile Hub;Gurupi;TO;11/12/2025 14:36;CD-170;3- Cross-Docking com ASM;João Pessoa;PB;57:00;5;15.430
1727;12/12/2023 16:16;CD-007;2- Cross-Docking sem ASM;São José dos Campos;SP;13/12/2023 02:16;CD-049;3- Cross-Docking com ASM;São José;SC;10:00;1;3.001
1728;10/11/2024 11:23;CD-086;1- First Mile Hub;Maceió;AL;12/11/2024 10:23;CD-204;3- Cross-Docking com ASM;Caucaia;CE;47:00;5;15.291
1729;02/06/2022 20:20;CD-048;3- Cross-Docking com ASM;Blumenau;SC;05/06/2022 10:20;CD-051;4- Híbrido (Fulfillment);Caucaia;CE;62:00;4;12.371
1730;03/06/2022 18:13;CD-060;1- First Mile Hub;Aparecida de Goiânia;GO;05/06/2022 08:13;CD-014;4- Híbrido (Fulfillment);Piracicaba;SP;38:00;1;2.964
1731;20/03/2022 07:07;CD-178;4- Híbrido (Fulfillment);Timon;MA;22/03/2022 06:07;CD-093;3- Cross-Docking com ASM;Várzea Grande;MT;47:00;2;6.175
1732;21/10/2024 08:25;CD-055;4- Híbrido (Fulfillment);Jaboatão dos Guararapes;PE;23/10/2024 20:25;CD-168;3- Cross-Docking com ASM;Salvador;BA;60:00;1;3.109
1733;21/10/2025 17:22;CD-150;1- First Mile Hub;Mauá;SP;23/10/2025 06:22;CD-133;3- Cross-Docking com ASM;Rio de Janeiro;RJ;37:00;5;15.137
1734;24/09/2022 13:03;CD-122;2- Cross-Docking sem ASM;Ji-Paraná;RO;25/09/2022 06:03;CD-200;4- Híbrido (Fulfillment);Osasco;SP;17:00;2;6.640
1735;26/03/2025 04:17;CD-235;3- Cross-Docking com ASM;Florianópolis;SC;26/03/2025 14:17;CD-019;5- Last Mile Hub;Niterói;RJ;10:00;5;15.403
1736;20/06/2023 11:52;CD-044;4- Híbrido (Fulfillment);Pelotas;RS;21/06/2023 09:52;CD-128;2- Cross-Docking sem ASM;Mauá;SP;22:00;3;9.469
1737;18/10/2025 06:15;CD-149;1- First Mile Hub;Maracanaú;CE;18/10/2025 21:15;CD-197;4- Híbrido (Fulfillment);Santana;AP;15:00;4;12.208
1738;02/09/2024 02:02;CD-164;1- First Mile Hub;Belém;PA;02/09/2024 15:02;CD-204;3- Cross-Docking com ASM;Caucaia;CE;13:00;5;14.983
1739;27/03/2023 16:33;CD-033;3- Cross-Docking com ASM;Vitória da Conquista;BA;29/03/2023 19:33;CD-237;4- Híbrido (Fulfillment);Guarulhos;SP;51:00;2;5.975
1740;15/06/2025 14:32;CD-038;4- Híbrido (Fulfillment);Maringá;PR;16/06/2025 10:32;CD-235;3- Cross-Docking com ASM;Florianópolis;SC;20:00;2;6.364
1741;13/11/2024 17:25;CD-265;2- Cross-Docking sem ASM;Itabuna;BA;14/11/2024 03:25;CD-211;4- Híbrido (Fulfillment);Juiz de Fora;MG;10:00;5;14.953
1742;13/08/2025 15:41;CD-239;1- First Mile Hub;Fortaleza;CE;15/08/2025 18:41;CD-158;3- Cross-Docking com ASM;Ji-Paraná;RO;51:00;3;8.692
1743;08/09/2024 14:49;CD-181;1- First Mile Hub;Caucaia;CE;09/09/2024 07:49;CD-036;4- Híbrido (Fulfillment);Curitiba;PR;17:00;5;15.278
1744;02/08/2022 00:25;CD-246;3- Cross-Docking com ASM;Campo Grande;MS;02/08/2022 05:25;CD-097;4- Híbrido (Fulfillment);Três Lagoas;MS;05:00;1;3.173
1745;09/07/2024 21:06;CD-264;4- Híbrido (Fulfillment);São José dos Campos;SP;11/07/2024 05:06;CD-236;3- Cross-Docking com ASM;Arapiraca;AL;32:00;5;15.651
1746;03/07/2025 00:54;CD-169;1- First Mile Hub;Piracicaba;SP;03/07/2025 08:54;CD-004;4- Híbrido (Fulfillment);São Bernardo do Campo;SP;08:00;2;5.857
1747;12/06/2024 02:47;CD-178;4- Híbrido (Fulfillment);Timon;MA;13/06/2024 07:47;CD-102;5- Last Mile Hub;Santana;AP;29:00;1;3.118
1748;19/10/2022 23:55;CD-166;4- Híbrido (Fulfillment);São Luís;MA;21/10/2022 16:55;CD-082;5- Last Mile Hub;Santa Rita;PB;41:00;4;12.243
1749;02/02/2022 07:51;CD-171;2- Cross-Docking sem ASM;Santa Rita;PB;04/02/2022 00:51;CD-093;3- Cross-Docking com ASM;Várzea Grande;MT;41:00;5;15.029
1750;22/02/2025 11:11;CD-020;1- First Mile Hub;Belford Roxo;RJ;23/02/2025 03:11;CD-219;4- Híbrido (Fulfillment);Rio Verde;GO;16:00;5;15.329
1751;20/11/2022 23:52;CD-074;2- Cross-Docking sem ASM;Vila Velha;ES;22/11/2022 09:52;CD-184;3- Cross-Docking com ASM;Araguaína;TO;34:00;3;9.379
1752;19/02/2023 18:06;CD-217;4- Híbrido (Fulfillment);Niterói;RJ;20/02/2023 18:06;CD-031;5- Last Mile Hub;Salvador;BA;24:00;4;12.120
1753;06/06/2023 07:24;CD-181;1- First Mile Hub;Caucaia;CE;07/06/2023 05:24;CD-004;4- Híbrido (Fulfillment);São Bernardo do Campo;SP;22:00;5;15.740
1754;22/10/2024 16:12;CD-111;2- Cross-Docking sem ASM;Araguaína;TO;25/10/2024 05:12;CD-204;3- Cross-Docking com ASM;Caucaia;CE;61:00;2;6.000
1755;22/08/2022 12:04;CD-203;1- First Mile Hub;Marabá;PA;24/08/2022 01:04;CD-170;3- Cross-Docking com ASM;João Pessoa;PB;37:00;4;12.085
1756;04/02/2025 12:58;CD-016;2- Cross-Docking sem ASM;São Gonçalo;RJ;06/02/2025 05:58;CD-159;5- Last Mile Hub;Rorainópolis;RR;41:00;1;3.278
1757;08/04/2025 06:13;CD-224;3- Cross-Docking com ASM;Caucaia;CE;09/04/2025 10:13;CD-112;5- Last Mile Hub;Gurupi;TO;28:00;5;16.175
1758;27/02/2023 05:45;CD-024;2- Cross-Docking sem ASM;Uberlândia;MG;01/03/2023 16:45;CD-184;3- Cross-Docking com ASM;Araguaína;TO;59:00;2;6.280
1759;12/06/2022 11:13;CD-030;4- Híbrido (Fulfillment);Uberaba;MG;14/06/2022 18:13;CD-242;3- Cross-Docking com ASM;Serra;ES;55:00;2;6.088
1760;09/04/2024 14:02;CD-075;1- First Mile Hub;Serra;ES;11/04/2024 22:02;CD-253;2- Cross-Docking sem ASM;Petrolina;PE;56:00;2;5.411
1761;26/11/2023 13:49;CD-049;3- Cross-Docking com ASM;São José;SC;27/11/2023 14:49;CD-265;2- Cross-Docking sem ASM;Itabuna;BA;25:00;2;6.302
1762;24/12/2025 16:15;CD-218;4- Híbrido (Fulfillment);Uberlândia;MG;26/12/2025 04:15;CD-236;3- Cross-Docking com ASM;Arapiraca;AL;36:00;2;6.100
1763;26/08/2023 03:29;CD-212;2- Cross-Docking sem ASM;Anápolis;GO;28/08/2023 17:29;CD-084;5- Last Mile Hub;Parnaíba;PI;62:00;5;15.515
1764;11/04/2024 03:08;CD-063;4- Híbrido (Fulfillment);Belém;PA;11/04/2024 20:08;CD-246;3- Cross-Docking com ASM;Campo Grande;MS;17:00;3;8.834
1765;03/10/2025 00:33;CD-083;3- Cross-Docking com ASM;Teresina;PI;05/10/2025 15:33;CD-248;2- Cross-Docking sem ASM;Gurupi;TO;63:00;4;11.587
1766;26/08/2025 14:46;CD-017;1- First Mile Hub;Duque de Caxias;RJ;26/08/2025 20:46;CD-180;3- Cross-Docking com ASM;Rio de Janeiro;RJ;06:00;1;3.140
1767;08/05/2024 05:38;CD-081;3- Cross-Docking com ASM;Campina Grande;PB;08/05/2024 17:38;CD-006;2- Cross-Docking sem ASM;Osasco;SP;12:00;4;12.451
1768;04/03/2022 02:14;CD-114;2- Cross-Docking sem ASM;Laranjal do Jari;AP;06/03/2022 13:14;CD-028;5- Last Mile Hub;Montes Claros;MG;59:00;2;6.142
1769;14/06/2023 21:19;CD-243;2- Cross-Docking sem ASM;Natal;RN;17/06/2023 10:19;CD-053;4- Híbrido (Fulfillment);Maracanaú;CE;61:00;1;3.017
1770;04/09/2025 10:48;CD-145;3- Cross-Docking com ASM;Belém;PA;06/09/2025 13:48;CD-243;2- Cross-Docking sem ASM;Natal;RN;51:00;4;12.406
1771;15/03/2025 09:31;CD-179;4- Híbrido (Fulfillment);Belém;PA;15/03/2025 20:31;CD-193;2- Cross-Docking sem ASM;Serra;ES;11:00;1;3.011
1772;24/10/2022 01:23;CD-153;1- First Mile Hub;Guarulhos;SP;26/10/2022 14:23;CD-255;3- Cross-Docking com ASM;Araguaína;TO;61:00;2;6.347
1773;16/09/2024 04:29;CD-220;1- First Mile Hub;Curitiba;PR;17/09/2024 16:29;CD-235;3- Cross-Docking com ASM;Florianópolis;SC;36:00;5;15.575
1774;02/06/2025 09:54;CD-033;3- Cross-Docking com ASM;Vitória da Conquista;BA;02/06/2025 23:54;CD-200;4- Híbrido (Fulfillment);Osasco;SP;14:00;2;5.979
1775;12/04/2022 01:44;CD-131;3- Cross-Docking com ASM;Aracaju;SE;12/04/2022 23:44;CD-130;4- Híbrido (Fulfillment);Mossoró;RN;22:00;4;11.777
1776;25/06/2023 14:58;CD-243;2- Cross-Docking sem ASM;Natal;RN;27/06/2023 20:58;CD-194;5- Last Mile Hub;Camaçari;BA;54:00;2;6.412
1777;19/08/2022 12:37;CD-021;2- Cross-Docking sem ASM;Campos dos Goytacazes;RJ;20/08/2022 14:37;CD-073;4- Híbrido (Fulfillment);Vitória;ES;26:00;5;15.071
1778;03/02/2022 20:25;CD-115;1- First Mile Hub;Ananindeua;PA;04/02/2022 14:25;CD-132;3- Cross-Docking com ASM;Porto Velho;RO;18:00;1;3.216
1779;28/12/2023 02:43;CD-113;4- Híbrido (Fulfillment);Brasília;DF;30/12/2023 15:43;CD-080;5- Last Mile Hub;João Pessoa;PB;61:00;1;3.092
1780;09/10/2023 04:45;CD-122;2- Cross-Docking sem ASM;Ji-Paraná;RO;09/10/2023 15:45;CD-166;4- Híbrido (Fulfillment);São Luís;MA;11:00;2;6.259
1781;25/06/2022 00:09;CD-158;3- Cross-Docking com ASM;Ji-Paraná;RO;25/06/2022 08:09;CD-100;5- Last Mile Hub;Ariquemes;RO;08:00;3;9.337
1782;16/07/2023 15:30;CD-174;3- Cross-Docking com ASM;Caracaraí;RR;17/07/2023 08:30;CD-039;5- Last Mile Hub;Ponta Grossa;PR;17:00;4;12.596
1783;22/02/2025 13:39;CD-015;2- Cross-Docking sem ASM;Rio de Janeiro;RJ;24/02/2025 19:39;CD-197;4- Híbrido (Fulfillment);Santana;AP;54:00;2;5.970
1784;26/03/2022 21:28;CD-014;4- Híbrido (Fulfillment);Piracicaba;SP;28/03/2022 11:28;CD-230;2- Cross-Docking sem ASM;Ananindeua;PA;38:00;5;15.528
1785;22/11/2024 18:28;CD-192;1- First Mile Hub;Gurupi;TO;23/11/2024 11:28;CD-249;4- Híbrido (Fulfillment);Guarulhos;SP;17:00;4;12.763
1786;05/06/2024 14:27;CD-129;2- Cross-Docking sem ASM;Uberlândia;MG;06/06/2024 19:27;CD-116;5- Last Mile Hub;Fortaleza;CE;29:00;4;11.967
1787;26/09/2022 16:19;CD-160;3- Cross-Docking com ASM;Vitória da Conquista;BA;28/09/2022 13:19;CD-041;5- Last Mile Hub;Porto Alegre;RS;45:00;3;9.179
1788;05/08/2022 04:13;CD-231;3- Cross-Docking com ASM;São José dos Campos;SP;05/08/2022 09:13;CD-200;4- Híbrido (Fulfillment);Osasco;SP;05:00;5;15.201
1789;02/08/2024 19:07;CD-155;1- First Mile Hub;Guarulhos;SP;05/08/2024 08:07;CD-097;4- Híbrido (Fulfillment);Três Lagoas;MS;61:00;1;2.874
1790;16/07/2024 02:38;CD-211;4- Híbrido (Fulfillment);Juiz de Fora;MG;17/07/2024 19:38;CD-052;5- Last Mile Hub;Juazeiro do Norte;CE;41:00;3;9.459
1791;08/08/2022 13:34;CD-158;3- Cross-Docking com ASM;Ji-Paraná;RO;09/08/2022 09:34;CD-259;5- Last Mile Hub;São Luís;MA;20:00;5;14.844
1792;06/04/2024 01:21;CD-156;4- Híbrido (Fulfillment);Várzea Grande;MT;08/04/2024 06:21;CD-160;3- Cross-Docking com ASM;Vitória da Conquista;BA;53:00;5;15.115
1793;03/05/2022 09:27;CD-018;4- Híbrido (Fulfillment);Nova Iguaçu;RJ;03/05/2022 21:27;CD-039;5- Last Mile Hub;Ponta Grossa;PR;12:00;1;3.139
1794;17/08/2025 17:27;CD-245;3- Cross-Docking com ASM;Gurupi;TO;19/08/2025 00:27;CD-116;5- Last Mile Hub;Fortaleza;CE;31:00;4;11.927
1795;04/01/2024 05:53;CD-008;1- First Mile Hub;Ribeirão Preto;SP;06/01/2024 10:53;CD-113;4- Híbrido (Fulfillment);Brasília;DF;53:00;2;5.974
1796;22/04/2024 09:50;CD-147;2- Cross-Docking sem ASM;Blumenau;SC;23/04/2024 12:50;CD-012;4- Híbrido (Fulfillment);Mogi das Cruzes;SP;27:00;3;9.428
1797;26/09/2024 01:30;CD-205;1- First Mile Hub;Belo Horizonte;MG;28/09/2024 01:30;CD-230;2- Cross-Docking sem ASM;Ananindeua;PA;48:00;4;11.511
1798;10/02/2025 08:57;CD-093;3- Cross-Docking com ASM;Várzea Grande;MT;10/02/2025 22:57;CD-004;4- Híbrido (Fulfillment);São Bernardo do Campo;SP;14:00;2;6.415
1799;26/11/2022 11:55;CD-169;1- First Mile Hub;Piracicaba;SP;27/11/2022 10:55;CD-078;3- Cross-Docking com ASM;Mossoró;RN;23:00;4;12.437
1800;23/01/2025 21:31;CD-090;1- First Mile Hub;Nossa Senhora do Socorro;SE;25/01/2025 10:31;CD-175;3- Cross-Docking com ASM;Palmeira dos Índios;AL;37:00;3;8.991
1801;02/02/2023 17:12;CD-130;4- Híbrido (Fulfillment);Mossoró;RN;04/02/2023 05:12;CD-001;5- Last Mile Hub;São Paulo;SP;36:00;4;11.705
1802;10/12/2024 08:44;CD-107;1- First Mile Hub;Boa Vista;RR;12/12/2024 11:44;CD-208;2- Cross-Docking sem ASM;Blumenau;SC;51:00;5;14.701
1803;02/05/2023 21:28;CD-002;2- Cross-Docking sem ASM;Guarulhos;SP;04/05/2023 21:28;CD-078;3- Cross-Docking com ASM;Mossoró;RN;48:00;3;9.079
1804;28/01/2022 19:47;CD-175;3- Cross-Docking com ASM;Palmeira dos Índios;AL;30/01/2022 09:47;CD-058;2- Cross-Docking sem ASM;Petrolina;PE;38:00;2;6.317
1805;12/09/2023 03:37;CD-244;4- Híbrido (Fulfillment);Araguaína;TO;13/09/2023 10:37;CD-057;5- Last Mile Hub;Caruaru;PE;31:00;4;12.356
1806;23/11/2025 13:43;CD-150;1- First Mile Hub;Mauá;SP;25/11/2025 05:43;CD-183;3- Cross-Docking com ASM;Jaboatão dos Guararapes;PE;40:00;4;12.229
1807;16/01/2023 01:14;CD-260;2- Cross-Docking sem ASM;Timon;MA;18/01/2023 04:14;CD-101;5- Last Mile Hub;Macapá;AP;51:00;3;9.341
1808;12/03/2025 18:47;CD-014;4- Híbrido (Fulfillment);Piracicaba;SP;14/03/2025 01:47;CD-111;2- Cross-Docking sem ASM;Araguaína;TO;31:00;4;11.977
1809;10/09/2023 02:51;CD-097;4- Híbrido (Fulfillment);Três Lagoas;MS;12/09/2023 15:51;CD-116;5- Last Mile Hub;Fortaleza;CE;61:00;4;12.111
1810;10/08/2022 01:54;CD-035;1- First Mile Hub;Itabuna;BA;10/08/2022 16:54;CD-165;4- Híbrido (Fulfillment);Palmeira dos Índios;AL;15:00;4;11.674
1811;09/05/2022 02:47;CD-230;2- Cross-Docking sem ASM;Ananindeua;PA;10/05/2022 15:47;CD-218;4- Híbrido (Fulfillment);Uberlândia;MG;37:00;3;9.573
1812;17/07/2024 18:18;CD-185;4- Híbrido (Fulfillment);Marabá;PA;20/07/2024 05:18;CD-101;5- Last Mile Hub;Macapá;AP;59:00;2;6.297
1813;02/08/2024 13:21;CD-115;1- First Mile Hub;Ananindeua;PA;03/08/2024 07:21;CD-243;2- Cross-Docking sem ASM;Natal;RN;18:00;4;12.266
1814;12/06/2023 21:24;CD-136;1- First Mile Hub;Curitiba;PR;14/06/2023 05:24;CD-013;3- Cross-Docking com ASM;Jundiaí;SP;32:00;3;8.599
1815;15/12/2024 01:30;CD-044;4- Híbrido (Fulfillment);Pelotas;RS;15/12/2024 17:30;CD-049;3- Cross-Docking com ASM;São José;SC;16:00;4;11.931
1816;10/02/2023 03:36;CD-149;1- First Mile Hub;Maracanaú;CE;10/02/2023 23:36;CD-043;3- Cross-Docking com ASM;Canoas;RS;20:00;1;2.834
1817;19/11/2025 20:34;CD-236;3- Cross-Docking com ASM;Arapiraca;AL;22/11/2025 03:34;CD-240;2- Cross-Docking sem ASM;Betim;MG;55:00;3;9.355
1818;22/12/2022 14:23;CD-133;3- Cross-Docking com ASM;Rio de Janeiro;RJ;23/12/2022 16:23;CD-127;5- Last Mile Hub;Feira de Santana;BA;26:00;1;3.110
1819;28/04/2024 07:57;CD-118;1- First Mile Hub;Brasília;DF;29/04/2024 00:57;CD-038;4- Híbrido (Fulfillment);Maringá;PR;17:00;3;8.808
1820;14/03/2022 02:08;CD-017;1- First Mile Hub;Duque de Caxias;RJ;16/03/2022 09:08;CD-229;2- Cross-Docking sem ASM;Arapiraca;AL;55:00;3;9.284
1821;12/12/2024 14:03;CD-049;3- Cross-Docking com ASM;São José;SC;13/12/2024 05:03;CD-143;2- Cross-Docking sem ASM;Maceió;AL;15:00;3;8.892
1822;25/08/2025 09:43;CD-200;4- Híbrido (Fulfillment);Osasco;SP;27/08/2025 18:43;CD-096;5- Last Mile Hub;Dourados;MS;57:00;2;5.958
1823;04/02/2023 20:53;CD-111;2- Cross-Docking sem ASM;Araguaína;TO;07/02/2023 07:53;CD-073;4- Híbrido (Fulfillment);Vitória;ES;59:00;4;12.688
1824;22/01/2022 00:09;CD-125;1- First Mile Hub;Cascavel;PR;22/01/2022 19:09;CD-099;3- Cross-Docking com ASM;Ji-Paraná;RO;19:00;1;2.929
1825;21/12/2025 19:11;CD-006;2- Cross-Docking sem ASM;Osasco;SP;21/12/2025 21:11;CD-014;4- Híbrido (Fulfillment);Piracicaba;SP;02:00;5;14.937
1826;16/06/2023 09:54;CD-099;3- Cross-Docking com ASM;Ji-Paraná;RO;16/06/2023 22:54;CD-011;4- Híbrido (Fulfillment);Mauá;SP;13:00;2;6.466
1827;23/08/2024 00:17;CD-125;1- First Mile Hub;Cascavel;PR;23/08/2024 13:17;CD-160;3- Cross-Docking com ASM;Vitória da Conquista;BA;13:00;2;6.021
1828;02/04/2022 12:00;CD-107;1- First Mile Hub;Boa Vista;RR;03/04/2022 22:00;CD-119;2- Cross-Docking sem ASM;Sena Madureira;AC;34:00;5;15.275
1829;08/10/2022 16:11;CD-133;3- Cross-Docking com ASM;Rio de Janeiro;RJ;10/10/2022 06:11;CD-165;4- Híbrido (Fulfillment);Palmeira dos Índios;AL;38:00;3;9.222
1830;02/01/2025 09:47;CD-060;1- First Mile Hub;Aparecida de Goiânia;GO;03/01/2025 18:47;CD-250;4- Híbrido (Fulfillment);Piracicaba;SP;33:00;1;3.110
1831;05/05/2024 02:40;CD-126;1- First Mile Hub;Sorocaba;SP;06/05/2024 13:40;CD-207;4- Híbrido (Fulfillment);Rio Branco;AC;35:00;3;9.517
1832;14/02/2023 10:18;CD-243;2- Cross-Docking sem ASM;Natal;RN;14/02/2023 20:18;CD-069;5- Last Mile Hub;Timon;MA;10:00;4;12.693
1833;14/05/2023 23:31;CD-004;4- Híbrido (Fulfillment);São Bernardo do Campo;SP;16/05/2023 14:31;CD-224;3- Cross-Docking com ASM;Caucaia;CE;39:00;3;9.400
1834;15/01/2022 20:30;CD-245;3- Cross-Docking com ASM;Gurupi;TO;16/01/2022 06:30;CD-123;2- Cross-Docking sem ASM;Goiânia;GO;10:00;5;15.791
1835;02/08/2024 10:43;CD-067;1- First Mile Hub;São Luís;MA;04/08/2024 20:43;CD-214;3- Cross-Docking com ASM;Maceió;AL;58:00;1;3.015
1836;21/11/2023 08:20;CD-252;4- Híbrido (Fulfillment);Caracaraí;RR;22/11/2023 12:20;CD-256;5- Last Mile Hub;Rio Branco;AC;28:00;3;9.490
1837;01/05/2025 04:19;CD-016;2- Cross-Docking sem ASM;São Gonçalo;RJ;02/05/2025 03:19;CD-262;4- Híbrido (Fulfillment);Betim;MG;23:00;2;6.077
1838;21/07/2024 07:24;CD-232;3- Cross-Docking com ASM;Macapá;AP;22/07/2024 04:24;CD-222;4- Híbrido (Fulfillment);Porto Velho;RO;21:00;3;9.045
1839;12/01/2025 05:16;CD-068;4- Híbrido (Fulfillment);Imperatriz;MA;14/01/2025 19:16;CD-172;3- Cross-Docking com ASM;Porto Velho;RO;62:00;1;3.046
1840;27/04/2024 19:51;CD-161;1- First Mile Hub;Duque de Caxias;RJ;28/04/2024 18:51;CD-047;3- Cross-Docking com ASM;Joinville;SC;23:00;2;6.366
1841;05/02/2024 16:55;CD-119;2- Cross-Docking sem ASM;Sena Madureira;AC;07/02/2024 13:55;CD-254;5- Last Mile Hub;Santarém;PA;45:00;1;3.251
1842;13/03/2022 03:54;CD-042;2- Cross-Docking sem ASM;Caxias do Sul;RS;14/03/2022 18:54;CD-005;5- Last Mile Hub;Santo André;SP;39:00;3;9.173
1843;03/11/2024 14:26;CD-158;3- Cross-Docking com ASM;Ji-Paraná;RO;04/11/2024 20:26;CD-250;4- Híbrido (Fulfillment);Piracicaba;SP;30:00;4;11.855
1844;18/08/2023 13:04;CD-068;4- Híbrido (Fulfillment);Imperatriz;MA;19/08/2023 21:04;CD-002;2- Cross-Docking sem ASM;Guarulhos;SP;32:00;4;12.513
1845;18/11/2025 16:03;CD-160;3- Cross-Docking com ASM;Vitória da Conquista;BA;19/11/2025 15:03;CD-137;2- Cross-Docking sem ASM;Dourados;MS;23:00;5;15.240
1846;12/10/2025 17:54;CD-169;1- First Mile Hub;Piracicaba;SP;12/10/2025 19:54;CD-012;4- Híbrido (Fulfillment);Mogi das Cruzes;SP;02:00;2;6.542
1847;23/01/2022 14:51;CD-257;1- First Mile Hub;São José;SC;24/01/2022 06:51;CD-165;4- Híbrido (Fulfillment);Palmeira dos Índios;AL;16:00;5;15.392
1848;08/05/2022 06:12;CD-147;2- Cross-Docking sem ASM;Blumenau;SC;09/05/2022 15:12;CD-210;5- Last Mile Hub;São Luís;MA;33:00;4;12.546
1849;09/05/2024 22:28;CD-049;3- Cross-Docking com ASM;São José;SC;12/05/2024 09:28;CD-156;4- Híbrido (Fulfillment);Várzea Grande;MT;59:00;4;12.487
1850;27/11/2025 15:59;CD-192;1- First Mile Hub;Gurupi;TO;28/11/2025 18:59;CD-047;3- Cross-Docking com ASM;Joinville;SC;27:00;2;6.158
1851;22/08/2025 12:10;CD-135;2- Cross-Docking sem ASM;Arapiraca;AL;23/08/2025 17:10;CD-237;4- Híbrido (Fulfillment);Guarulhos;SP;29:00;3;9.066
1852;22/05/2022 06:24;CD-192;1- First Mile Hub;Gurupi;TO;22/05/2022 22:24;CD-007;2- Cross-Docking sem ASM;São José dos Campos;SP;16:00;1;3.408
1853;27/11/2025 07:16;CD-155;1- First Mile Hub;Guarulhos;SP;28/11/2025 19:16;CD-063;4- Híbrido (Fulfillment);Belém;PA;36:00;5;15.340
1854;25/10/2025 13:39;CD-148;1- First Mile Hub;Goiânia;GO;26/10/2025 18:39;CD-175;3- Cross-Docking com ASM;Palmeira dos Índios;AL;29:00;1;3.187
1855;11/11/2023 21:52;CD-260;2- Cross-Docking sem ASM;Timon;MA;13/11/2023 21:52;CD-011;4- Híbrido (Fulfillment);Mauá;SP;48:00;1;2.904
1856;09/07/2023 16:36;CD-192;1- First Mile Hub;Gurupi;TO;10/07/2023 07:36;CD-157;2- Cross-Docking sem ASM;Canoas;RS;15:00;4;12.726
1857;20/06/2022 13:44;CD-097;4- Híbrido (Fulfillment);Três Lagoas;MS;21/06/2022 17:44;CD-025;2- Cross-Docking sem ASM;Contagem;MG;28:00;1;3.267
1858;10/06/2023 23:29;CD-155;1- First Mile Hub;Guarulhos;SP;11/06/2023 18:29;CD-172;3- Cross-Docking com ASM;Porto Velho;RO;19:00;2;6.235
1859;16/04/2023 23:58;CD-064;2- Cross-Docking sem ASM;Ananindeua;PA;17/04/2023 21:58;CD-259;5- Last Mile Hub;São Luís;MA;22:00;1;3.126
1860;25/11/2023 12:18;CD-190;1- First Mile Hub;Campina Grande;PB;27/11/2023 15:18;CD-016;2- Cross-Docking sem ASM;São Gonçalo;RJ;51:00;1;3.233
1861;13/10/2022 14:10;CD-067;1- First Mile Hub;São Luís;MA;16/10/2022 01:10;CD-093;3- Cross-Docking com ASM;Várzea Grande;MT;59:00;2;6.235
1862;17/11/2024 02:16;CD-228;1- First Mile Hub;Natal;RN;18/11/2024 19:16;CD-252;4- Híbrido (Fulfillment);Caracaraí;RR;41:00;2;5.919
1863;22/06/2024 04:07;CD-059;2- Cross-Docking sem ASM;Goiânia;GO;24/06/2024 08:07;CD-097;4- Híbrido (Fulfillment);Três Lagoas;MS;52:00;4;12.450
1864;22/08/2024 11:30;CD-105;1- First Mile Hub;Cruzeiro do Sul;AC;23/08/2024 12:30;CD-034;4- Híbrido (Fulfillment);Camaçari;BA;25:00;5;15.343
1865;10/08/2024 19:07;CD-230;2- Cross-Docking sem ASM;Ananindeua;PA;11/08/2024 17:07;CD-200;4- Híbrido (Fulfillment);Osasco;SP;22:00;2;5.912
1866;17/11/2025 02:38;CD-147;2- Cross-Docking sem ASM;Blumenau;SC;18/11/2025 05:38;CD-156;4- Híbrido (Fulfillment);Várzea Grande;MT;27:00;3;9.051
1867;27/03/2025 12:25;CD-072;1- First Mile Hub;Itacoatiara;AM;28/03/2025 07:25;CD-252;4- Híbrido (Fulfillment);Caracaraí;RR;19:00;3;9.095
1868;28/03/2025 01:11;CD-157;2- Cross-Docking sem ASM;Canoas;RS;29/03/2025 06:11;CD-003;4- Híbrido (Fulfillment);Campinas;SP;29:00;2;5.803
1869;17/05/2025 06:08;CD-144;2- Cross-Docking sem ASM;João Pessoa;PB;19/05/2025 02:08;CD-138;3- Cross-Docking com ASM;Boa Vista;RR;44:00;5;15.591
1870;14/05/2024 01:59;CD-138;3- Cross-Docking com ASM;Boa Vista;RR;16/05/2024 14:59;CD-003;4- Híbrido (Fulfillment);Campinas;SP;61:00;3;9.163
1871;10/07/2025 14:43;CD-208;2- Cross-Docking sem ASM;Blumenau;SC;11/07/2025 02:43;CD-191;3- Cross-Docking com ASM;Rio de Janeiro;RJ;12:00;4;12.236
1872;26/06/2025 02:36;CD-010;1- First Mile Hub;Santos;SP;26/06/2025 10:36;CD-003;4- Híbrido (Fulfillment);Campinas;SP;08:00;2;6.263
1873;26/05/2025 09:57;CD-123;2- Cross-Docking sem ASM;Goiânia;GO;28/05/2025 04:57;CD-195;3- Cross-Docking com ASM;Ji-Paraná;RO;43:00;3;8.758
1874;21/11/2024 06:50;CD-046;1- First Mile Hub;Florianópolis;SC;22/11/2024 10:50;CD-119;2- Cross-Docking sem ASM;Sena Madureira;AC;28:00;1;3.057
1875;05/11/2025 06:50;CD-242;3- Cross-Docking com ASM;Serra;ES;05/11/2025 20:50;CD-019;5- Last Mile Hub;Niterói;RJ;14:00;3;8.798
1876;12/12/2022 15:48;CD-143;2- Cross-Docking sem ASM;Maceió;AL;14/12/2022 09:48;CD-013;3- Cross-Docking com ASM;Jundiaí;SP;42:00;4;12.650
1877;17/08/2025 09:15;CD-038;4- Híbrido (Fulfillment);Maringá;PR;19/08/2025 03:15;CD-074;2- Cross-Docking sem ASM;Vila Velha;ES;42:00;4;12.372
1878;20/01/2023 17:59;CD-133;3- Cross-Docking com ASM;Rio de Janeiro;RJ;21/01/2023 14:59;CD-163;2- Cross-Docking sem ASM;Canoas;RS;21:00;4;11.941
1879;10/03/2024 04:02;CD-180;3- Cross-Docking com ASM;Rio de Janeiro;RJ;10/03/2024 15:02;CD-012;4- Híbrido (Fulfillment);Mogi das Cruzes;SP;11:00;3;9.249
1880;15/01/2022 01:47;CD-214;3- Cross-Docking com ASM;Maceió;AL;15/01/2022 14:47;CD-189;5- Last Mile Hub;Santos;SP;13:00;3;9.564
1881;15/08/2025 23:53;CD-121;1- First Mile Hub;Uberlândia;MG;16/08/2025 09:53;CD-224;3- Cross-Docking com ASM;Caucaia;CE;10:00;5;14.972
1882;09/03/2023 07:34;CD-107;1- First Mile Hub;Boa Vista;RR;10/03/2023 03:34;CD-034;4- Híbrido (Fulfillment);Camaçari;BA;20:00;1;3.243
1883;12/07/2025 23:34;CD-120;2- Cross-Docking sem ASM;Maceió;AL;15/07/2025 05:34;CD-256;5- Last Mile Hub;Rio Branco;AC;54:00;1;3.095
1884;05/05/2022 11:38;CD-013;3- Cross-Docking com ASM;Jundiaí;SP;05/05/2022 16:38;CD-011;4- Híbrido (Fulfillment);Mauá;SP;05:00;4;12.602
1885;15/03/2024 20:52;CD-224;3- Cross-Docking com ASM;Caucaia;CE;17/03/2024 20:52;CD-012;4- Híbrido (Fulfillment);Mogi das Cruzes;SP;48:00;4;12.227
1886;02/10/2025 07:01;CD-129;2- Cross-Docking sem ASM;Uberlândia;MG;04/10/2025 20:01;CD-209;5- Last Mile Hub;Florianópolis;SC;61:00;1;2.807
1887;21/10/2022 15:27;CD-240;2- Cross-Docking sem ASM;Betim;MG;22/10/2022 17:27;CD-056;4- Híbrido (Fulfillment);Olinda;PE;26:00;5;15.360
1888;20/09/2025 00:38;CD-043;3- Cross-Docking com ASM;Canoas;RS;21/09/2025 07:38;CD-119;2- Cross-Docking sem ASM;Sena Madureira;AC;31:00;1;2.959
1889;21/09/2025 09:28;CD-161;1- First Mile Hub;Duque de Caxias;RJ;23/09/2025 14:28;CD-088;2- Cross-Docking sem ASM;Palmeira dos Índios;AL;53:00;1;3.143
1890;27/01/2023 19:54;CD-126;1- First Mile Hub;Sorocaba;SP;30/01/2023 04:54;CD-053;4- Híbrido (Fulfillment);Maracanaú;CE;57:00;4;12.583
1891;09/11/2024 11:34;CD-155;1- First Mile Hub;Guarulhos;SP;11/11/2024 20:34;CD-183;3- Cross-Docking com ASM;Jaboatão dos Guararapes;PE;57:00;1;3.359
1892;14/06/2024 01:07;CD-122;2- Cross-Docking sem ASM;Ji-Paraná;RO;16/06/2024 03:07;CD-177;3- Cross-Docking com ASM;Canoas;RS;50:00;5;14.697
1893;28/02/2022 20:15;CD-049;3- Cross-Docking com ASM;São José;SC;03/03/2022 01:15;CD-102;5- Last Mile Hub;Santana;AP;53:00;2;6.303
1894;16/01/2025 12:48;CD-148;1- First Mile Hub;Goiânia;GO;18/01/2025 16:48;CD-170;3- Cross-Docking com ASM;João Pessoa;PB;52:00;4;12.658
1895;21/07/2025 17:30;CD-137;2- Cross-Docking sem ASM;Dourados;MS;23/07/2025 07:30;CD-252;4- Híbrido (Fulfillment);Caracaraí;RR;38:00;2;6.373
1896;18/08/2025 16:59;CD-086;1- First Mile Hub;Maceió;AL;19/08/2025 11:59;CD-071;4- Híbrido (Fulfillment);Parintins;AM;19:00;2;6.162
1897;02/10/2024 10:18;CD-120;2- Cross-Docking sem ASM;Maceió;AL;02/10/2024 23:18;CD-106;5- Last Mile Hub;Sena Madureira;AC;13:00;2;5.815
1898;03/04/2025 00:09;CD-097;4- Híbrido (Fulfillment);Três Lagoas;MS;03/04/2025 11:09;CD-213;5- Last Mile Hub;Anápolis;GO;11:00;4;12.219
1899;24/06/2025 17:18;CD-151;1- First Mile Hub;Porto Velho;RO;25/06/2025 04:18;CD-044;4- Híbrido (Fulfillment);Pelotas;RS;11:00;5;15.887
1900;28/11/2023 12:41;CD-064;2- Cross-Docking sem ASM;Ananindeua;PA;29/11/2023 14:41;CD-211;4- Híbrido (Fulfillment);Juiz de Fora;MG;26:00;4;12.169
1901;07/01/2025 14:28;CD-073;4- Híbrido (Fulfillment);Vitória;ES;09/01/2025 01:28;CD-195;3- Cross-Docking com ASM;Ji-Paraná;RO;35:00;4;12.203
1902;22/03/2024 23:14;CD-087;1- First Mile Hub;Arapiraca;AL;23/03/2024 18:14;CD-142;2- Cross-Docking sem ASM;Nossa Senhora do Socorro;SE;19:00;4;12.381
1903;09/04/2024 09:43;CD-129;2- Cross-Docking sem ASM;Uberlândia;MG;09/04/2024 22:43;CD-250;4- Híbrido (Fulfillment);Piracicaba;SP;13:00;3;9.189
1904;24/06/2025 06:51;CD-090;1- First Mile Hub;Nossa Senhora do Socorro;SE;25/06/2025 23:51;CD-162;4- Híbrido (Fulfillment);Ariquemes;RO;41:00;2;6.108
1905;18/03/2023 07:21;CD-061;3- Cross-Docking com ASM;Anápolis;GO;19/03/2023 16:21;CD-094;4- Híbrido (Fulfillment);Rondonópolis;MT;33:00;1;3.107
1906;08/08/2024 14:34;CD-167;2- Cross-Docking sem ASM;São Gonçalo;RJ;10/08/2024 23:34;CD-044;4- Híbrido (Fulfillment);Pelotas;RS;57:00;4;12.142
1907;03/02/2023 09:18;CD-003;4- Híbrido (Fulfillment);Campinas;SP;05/02/2023 02:18;CD-129;2- Cross-Docking sem ASM;Uberlândia;MG;41:00;3;9.416
1908;01/06/2022 14:37;CD-054;4- Híbrido (Fulfillment);Recife;PE;03/06/2022 10:37;CD-135;2- Cross-Docking sem ASM;Arapiraca;AL;44:00;1;2.948
1909;26/05/2023 14:37;CD-150;1- First Mile Hub;Mauá;SP;28/05/2023 07:37;CD-120;2- Cross-Docking sem ASM;Maceió;AL;41:00;2;5.912
1910;05/05/2024 22:22;CD-170;3- Cross-Docking com ASM;João Pessoa;PB;07/05/2024 16:22;CD-223;2- Cross-Docking sem ASM;Osasco;SP;42:00;2;6.154
1911;06/11/2024 23:24;CD-167;2- Cross-Docking sem ASM;São Gonçalo;RJ;09/11/2024 04:24;CD-023;5- Last Mile Hub;Belo Horizonte;MG;53:00;1;3.204
1912;22/12/2022 07:08;CD-009;2- Cross-Docking sem ASM;Sorocaba;SP;24/12/2022 10:08;CD-099;3- Cross-Docking com ASM;Ji-Paraná;RO;51:00;1;3.364
1913;10/07/2025 17:20;CD-232;3- Cross-Docking com ASM;Macapá;AP;11/07/2025 23:20;CD-211;4- Híbrido (Fulfillment);Juiz de Fora;MG;30:00;5;14.818
1914;03/01/2024 07:54;CD-086;1- First Mile Hub;Maceió;AL;04/01/2024 02:54;CD-163;2- Cross-Docking sem ASM;Canoas;RS;19:00;1;3.024
1915;04/02/2022 06:20;CD-011;4- Híbrido (Fulfillment);Mauá;SP;05/02/2022 22:20;CD-235;3- Cross-Docking com ASM;Florianópolis;SC;40:00;4;12.208
1916;28/06/2025 08:54;CD-020;1- First Mile Hub;Belford Roxo;RJ;29/06/2025 09:54;CD-135;2- Cross-Docking sem ASM;Arapiraca;AL;25:00;4;12.172
1917;02/07/2023 08:25;CD-036;4- Híbrido (Fulfillment);Curitiba;PR;04/07/2023 18:25;CD-062;5- Last Mile Hub;Rio Verde;GO;58:00;1;3.125
1918;05/03/2025 02:33;CD-199;2- Cross-Docking sem ASM;Várzea Grande;MT;07/03/2025 02:33;CD-076;4- Híbrido (Fulfillment);Cariacica;ES;48:00;1;2.972
1919;17/02/2023 01:36;CD-048;3- Cross-Docking com ASM;Blumenau;SC;19/02/2023 02:36;CD-166;4- Híbrido (Fulfillment);São Luís;MA;49:00;5;15.293
1920;20/09/2025 08:38;CD-207;4- Híbrido (Fulfillment);Rio Branco;AC;21/09/2025 12:38;CD-210;5- Last Mile Hub;São Luís;MA;28:00;1;3.237
1921;07/01/2023 21:49;CD-123;2- Cross-Docking sem ASM;Goiânia;GO;10/01/2023 02:49;CD-231;3- Cross-Docking com ASM;São José dos Campos;SP;53:00;2;6.007
1922;07/12/2022 02:59;CD-205;1- First Mile Hub;Belo Horizonte;MG;09/12/2022 01:59;CD-056;4- Híbrido (Fulfillment);Olinda;PE;47:00;3;9.054
1923;26/07/2025 08:29;CD-060;1- First Mile Hub;Aparecida de Goiânia;GO;26/07/2025 19:29;CD-245;3- Cross-Docking com ASM;Gurupi;TO;11:00;2;6.099
1924;04/01/2024 14:07;CD-022;3- Cross-Docking com ASM;São João de Meriti;RJ;07/01/2024 01:07;CD-147;2- Cross-Docking sem ASM;Blumenau;SC;59:00;5;15.556
1925;27/11/2023 14:24;CD-236;3- Cross-Docking com ASM;Arapiraca;AL;30/11/2023 02:24;CD-080;5- Last Mile Hub;João Pessoa;PB;60:00;1;3.069
1926;18/11/2024 09:49;CD-006;2- Cross-Docking sem ASM;Osasco;SP;19/11/2024 23:49;CD-168;3- Cross-Docking com ASM;Salvador;BA;38:00;1;2.781
1927;17/03/2025 09:53;CD-135;2- Cross-Docking sem ASM;Arapiraca;AL;19/03/2025 09:53;CD-043;3- Cross-Docking com ASM;Canoas;RS;48:00;4;11.658
1928;17/12/2022 02:01;CD-131;3- Cross-Docking com ASM;Aracaju;SE;19/12/2022 08:01;CD-095;5- Last Mile Hub;Campo Grande;MS;54:00;2;6.173
1929;15/05/2025 17:55;CD-115;1- First Mile Hub;Ananindeua;PA;18/05/2025 04:55;CD-175;3- Cross-Docking com ASM;Palmeira dos Índios;AL;59:00;2;6.508
1930;14/06/2022 03:32;CD-142;2- Cross-Docking sem ASM;Nossa Senhora do Socorro;SE;15/06/2022 15:32;CD-166;4- Híbrido (Fulfillment);São Luís;MA;36:00;4;12.301
1931;08/02/2025 14:03;CD-240;2- Cross-Docking sem ASM;Betim;MG;10/02/2025 10:03;CD-081;3- Cross-Docking com ASM;Campina Grande;PB;44:00;5;14.720
1932;14/02/2022 00:45;CD-246;3- Cross-Docking com ASM;Campo Grande;MS;16/02/2022 04:45;CD-241;2- Cross-Docking sem ASM;Ariquemes;RO;52:00;2;6.148
1933;01/09/2025 07:05;CD-217;4- Híbrido (Fulfillment);Niterói;RJ;02/09/2025 11:05;CD-201;2- Cross-Docking sem ASM;Nossa Senhora do Socorro;SE;28:00;2;6.405
1934;04/06/2023 07:24;CD-035;1- First Mile Hub;Itabuna;BA;06/06/2023 11:24;CD-197;4- Híbrido (Fulfillment);Santana;AP;52:00;3;9.228
1935;05/10/2022 15:43;CD-012;4- Híbrido (Fulfillment);Mogi das Cruzes;SP;06/10/2022 07:43;CD-145;3- Cross-Docking com ASM;Belém;PA;16:00;2;6.225
1936;01/08/2025 10:12;CD-081;3- Cross-Docking com ASM;Campina Grande;PB;03/08/2025 09:12;CD-100;5- Last Mile Hub;Ariquemes;RO;47:00;1;3.192
1937;27/08/2023 11:41;CD-217;4- Híbrido (Fulfillment);Niterói;RJ;29/08/2023 15:41;CD-263;5- Last Mile Hub;Piracicaba;SP;52:00;4;12.547
1938;13/12/2025 00:32;CD-253;2- Cross-Docking sem ASM;Petrolina;PE;15/12/2025 05:32;CD-217;4- Híbrido (Fulfillment);Niterói;RJ;53:00;1;2.817
1939;26/05/2024 04:43;CD-022;3- Cross-Docking com ASM;São João de Meriti;RJ;27/05/2024 10:43;CD-144;2- Cross-Docking sem ASM;João Pessoa;PB;30:00;2;6.407
1940;18/11/2024 11:20;CD-006;2- Cross-Docking sem ASM;Osasco;SP;20/11/2024 10:20;CD-177;3- Cross-Docking com ASM;Canoas;RS;47:00;2;6.249
1941;19/09/2023 12:33;CD-199;2- Cross-Docking sem ASM;Várzea Grande;MT;20/09/2023 14:33;CD-011;4- Híbrido (Fulfillment);Mauá;SP;26:00;2;5.865
1942;16/10/2024 14:28;CD-235;3- Cross-Docking com ASM;Florianópolis;SC;18/10/2024 08:28;CD-137;2- Cross-Docking sem ASM;Dourados;MS;42:00;2;6.275
1943;27/05/2025 21:52;CD-179;4- Híbrido (Fulfillment);Belém;PA;30/05/2025 10:52;CD-027;2- Cross-Docking sem ASM;Betim;MG;61:00;2;6.192
1944;27/12/2024 04:18;CD-070;1- First Mile Hub;Manaus;AM;27/12/2024 18:18;CD-032;4- Híbrido (Fulfillment);Feira de Santana;BA;14:00;2;5.986
1945;18/11/2024 11:09;CD-018;4- Híbrido (Fulfillment);Nova Iguaçu;RJ;19/11/2024 08:09;CD-135;2- Cross-Docking sem ASM;Arapiraca;AL;21:00;1;3.117
1946;06/07/2025 01:30;CD-241;2- Cross-Docking sem ASM;Ariquemes;RO;07/07/2025 21:30;CD-103;5- Last Mile Hub;Laranjal do Jari;AP;44:00;5;14.930
1947;01/10/2025 15:09;CD-120;2- Cross-Docking sem ASM;Maceió;AL;04/10/2025 01:09;CD-232;3- Cross-Docking com ASM;Macapá;AP;58:00;4;12.037
1948;14/04/2022 06:37;CD-050;4- Híbrido (Fulfillment);Fortaleza;CE;15/04/2022 14:37;CD-147;2- Cross-Docking sem ASM;Blumenau;SC;32:00;5;14.489
1949;11/01/2024 06:02;CD-011;4- Híbrido (Fulfillment);Mauá;SP;13/01/2024 02:02;CD-209;5- Last Mile Hub;Florianópolis;SC;44:00;2;6.134
1950;11/10/2024 02:47;CD-166;4- Híbrido (Fulfillment);São Luís;MA;12/10/2024 12:47;CD-195;3- Cross-Docking com ASM;Ji-Paraná;RO;34:00;1;2.986
1951;04/05/2023 04:13;CD-255;3- Cross-Docking com ASM;Araguaína;TO;05/05/2023 23:13;CD-004;4- Híbrido (Fulfillment);São Bernardo do Campo;SP;43:00;2;6.318
1952;12/02/2023 14:01;CD-154;2- Cross-Docking sem ASM;Maringá;PR;13/02/2023 20:01;CD-109;4- Híbrido (Fulfillment);Caracaraí;RR;30:00;5;15.003
1953;28/05/2022 02:03;CD-227;2- Cross-Docking sem ASM;Aparecida de Goiânia;GO;29/05/2022 13:03;CD-108;4- Híbrido (Fulfillment);Rorainópolis;RR;35:00;4;11.936
1954;10/10/2023 11:54;CD-044;4- Híbrido (Fulfillment);Pelotas;RS;12/10/2023 21:54;CD-171;2- Cross-Docking sem ASM;Santa Rita;PB;58:00;2;6.097
1955;21/03/2023 14:17;CD-091;1- First Mile Hub;Lagarto;SE;22/03/2023 23:17;CD-074;2- Cross-Docking sem ASM;Vila Velha;ES;33:00;5;15.340
1956;14/06/2023 03:22;CD-167;2- Cross-Docking sem ASM;São Gonçalo;RJ;16/06/2023 16:22;CD-197;4- Híbrido (Fulfillment);Santana;AP;61:00;4;11.783
1957;06/02/2024 08:44;CD-230;2- Cross-Docking sem ASM;Ananindeua;PA;07/02/2024 13:44;CD-043;3- Cross-Docking com ASM;Canoas;RS;29:00;3;9.137
1958;02/02/2022 22:32;CD-038;4- Híbrido (Fulfillment);Maringá;PR;05/02/2022 08:32;CD-177;3- Cross-Docking com ASM;Canoas;RS;58:00;3;8.895
1959;01/02/2025 05:30;CD-219;4- Híbrido (Fulfillment);Rio Verde;GO;02/02/2025 21:30;CD-196;5- Last Mile Hub;Joinville;SC;40:00;4;12.352
1960;25/01/2024 06:18;CD-090;1- First Mile Hub;Nossa Senhora do Socorro;SE;26/01/2024 09:18;CD-211;4- Híbrido (Fulfillment);Juiz de Fora;MG;27:00;2;6.293
1961;15/11/2023 23:05;CD-175;3- Cross-Docking com ASM;Palmeira dos Índios;AL;17/11/2023 06:05;CD-217;4- Híbrido (Fulfillment);Niterói;RJ;31:00;5;16.007
1962;26/06/2024 11:54;CD-147;2- Cross-Docking sem ASM;Blumenau;SC;27/06/2024 14:54;CD-054;4- Híbrido (Fulfillment);Recife;PE;27:00;5;15.746
1963;20/01/2022 14:04;CD-150;1- First Mile Hub;Mauá;SP;21/01/2022 21:04;CD-207;4- Híbrido (Fulfillment);Rio Branco;AC;31:00;4;12.231
1964;15/09/2024 13:25;CD-198;1- First Mile Hub;Arapiraca;AL;15/09/2024 16:25;CD-214;3- Cross-Docking com ASM;Maceió;AL;03:00;4;12.486
1965;18/07/2022 13:42;CD-182;3- Cross-Docking com ASM;Cruzeiro do Sul;AC;19/07/2022 00:42;CD-056;4- Híbrido (Fulfillment);Olinda;PE;11:00;5;15.459
1966;24/06/2024 17:00;CD-064;2- Cross-Docking sem ASM;Ananindeua;PA;25/06/2024 08:00;CD-080;5- Last Mile Hub;João Pessoa;PB;15:00;1;3.114
1967;24/05/2023 01:58;CD-090;1- First Mile Hub;Nossa Senhora do Socorro;SE;24/05/2023 17:58;CD-053;4- Híbrido (Fulfillment);Maracanaú;CE;16:00;1;3.085
1968;28/04/2025 22:51;CD-139;1- First Mile Hub;São Luís;MA;01/05/2025 02:51;CD-199;2- Cross-Docking sem ASM;Várzea Grande;MT;52:00;5;15.715
1969;27/12/2023 00:05;CD-242;3- Cross-Docking com ASM;Serra;ES;29/12/2023 08:05;CD-176;5- Last Mile Hub;Brasília;DF;56:00;3;8.963
1970;05/04/2022 20:40;CD-229;2- Cross-Docking sem ASM;Arapiraca;AL;08/04/2022 07:40;CD-235;3- Cross-Docking com ASM;Florianópolis;SC;59:00;5;14.888
1971;17/07/2023 16:50;CD-076;4- Híbrido (Fulfillment);Cariacica;ES;18/07/2023 18:50;CD-058;2- Cross-Docking sem ASM;Petrolina;PE;26:00;4;12.052
1972;12/08/2023 07:13;CD-162;4- Híbrido (Fulfillment);Ariquemes;RO;14/08/2023 05:13;CD-120;2- Cross-Docking sem ASM;Maceió;AL;46:00;5;16.369
1973;22/12/2023 08:01;CD-033;3- Cross-Docking com ASM;Vitória da Conquista;BA;24/12/2023 03:01;CD-189;5- Last Mile Hub;Santos;SP;43:00;2;6.171
1974;09/03/2022 04:27;CD-170;3- Cross-Docking com ASM;João Pessoa;PB;10/03/2022 23:27;CD-102;5- Last Mile Hub;Santana;AP;43:00;5;15.627
1975;19/04/2025 15:31;CD-219;4- Híbrido (Fulfillment);Rio Verde;GO;20/04/2025 19:31;CD-117;2- Cross-Docking sem ASM;Cascavel;PR;28:00;4;11.608
1976;13/05/2022 03:24;CD-061;3- Cross-Docking com ASM;Anápolis;GO;14/05/2022 19:24;CD-036;4- Híbrido (Fulfillment);Curitiba;PR;40:00;4;12.440
1977;23/08/2024 12:09;CD-168;3- Cross-Docking com ASM;Salvador;BA;24/08/2024 14:09;CD-262;4- Híbrido (Fulfillment);Betim;MG;26:00;2;6.479
1978;01/02/2023 01:03;CD-250;4- Híbrido (Fulfillment);Piracicaba;SP;01/02/2023 21:03;CD-159;5- Last Mile Hub;Rorainópolis;RR;20:00;3;9.496
1979;19/06/2023 08:08;CD-165;4- Híbrido (Fulfillment);Palmeira dos Índios;AL;20/06/2023 18:08;CD-133;3- Cross-Docking com ASM;Rio de Janeiro;RJ;34:00;4;12.181
1980;21/09/2022 08:04;CD-047;3- Cross-Docking com ASM;Joinville;SC;22/09/2022 03:04;CD-166;4- Híbrido (Fulfillment);São Luís;MA;19:00;1;3.168
1981;16/01/2024 17:33;CD-066;4- Híbrido (Fulfillment);Marabá;PA;18/01/2024 14:33;CD-028;5- Last Mile Hub;Montes Claros;MG;45:00;3;9.134
1982;24/05/2023 12:44;CD-030;4- Híbrido (Fulfillment);Uberaba;MG;26/05/2023 08:44;CD-124;2- Cross-Docking sem ASM;Recife;PE;44:00;5;15.033
1983;07/04/2022 23:00;CD-262;4- Híbrido (Fulfillment);Betim;MG;09/04/2022 21:00;CD-033;3- Cross-Docking com ASM;Vitória da Conquista;BA;46:00;3;9.304
1984;21/10/2022 04:03;CD-061;3- Cross-Docking com ASM;Anápolis;GO;21/10/2022 19:03;CD-058;2- Cross-Docking sem ASM;Petrolina;PE;15:00;4;12.039
1985;25/12/2022 16:06;CD-198;1- First Mile Hub;Arapiraca;AL;26/12/2022 03:06;CD-217;4- Híbrido (Fulfillment);Niterói;RJ;11:00;3;9.144
1986;22/07/2022 22:01;CD-148;1- First Mile Hub;Goiânia;GO;24/07/2022 07:01;CD-097;4- Híbrido (Fulfillment);Três Lagoas;MS;33:00;5;15.966
1987;16/02/2024 09:50;CD-053;4- Híbrido (Fulfillment);Maracanaú;CE;17/02/2024 12:50;CD-159;5- Last Mile Hub;Rorainópolis;RR;27:00;3;9.051
1988;08/10/2022 21:04;CD-148;1- First Mile Hub;Goiânia;GO;10/10/2022 15:04;CD-201;2- Cross-Docking sem ASM;Nossa Senhora do Socorro;SE;42:00;4;11.875
1989;04/09/2022 11:24;CD-067;1- First Mile Hub;São Luís;MA;06/09/2022 18:24;CD-167;2- Cross-Docking sem ASM;São Gonçalo;RJ;55:00;2;6.053
1990;22/09/2023 04:47;CD-145;3- Cross-Docking com ASM;Belém;PA;24/09/2023 14:47;CD-143;2- Cross-Docking sem ASM;Maceió;AL;58:00;5;15.077
1991;27/01/2023 16:00;CD-050;4- Híbrido (Fulfillment);Fortaleza;CE;29/01/2023 16:00;CD-103;5- Last Mile Hub;Laranjal do Jari;AP;48:00;2;5.710
1992;17/06/2023 15:36;CD-226;3- Cross-Docking com ASM;Niterói;RJ;18/06/2023 09:36;CD-116;5- Last Mile Hub;Fortaleza;CE;18:00;5;15.343
1993;10/08/2024 09:13;CD-079;1- First Mile Hub;Parnamirim;RN;11/08/2024 13:13;CD-051;4- Híbrido (Fulfillment);Caucaia;CE;28:00;4;11.814
1994;23/11/2025 22:51;CD-126;1- First Mile Hub;Sorocaba;SP;24/11/2025 14:51;CD-152;2- Cross-Docking sem ASM;Palmeira dos Índios;AL;16:00;4;12.046
1995;27/02/2022 03:32;CD-032;4- Híbrido (Fulfillment);Feira de Santana;BA;01/03/2022 08:32;CD-064;2- Cross-Docking sem ASM;Ananindeua;PA;53:00;2;6.304
1996;11/11/2022 07:22;CD-237;4- Híbrido (Fulfillment);Guarulhos;SP;13/11/2022 17:22;CD-144;2- Cross-Docking sem ASM;João Pessoa;PB;58:00;4;11.963
1997;26/01/2023 23:56;CD-172;3- Cross-Docking com ASM;Porto Velho;RO;29/01/2023 08:56;CD-018;4- Híbrido (Fulfillment);Nova Iguaçu;RJ;57:00;2;6.079
1998;25/06/2023 02:40;CD-168;3- Cross-Docking com ASM;Salvador;BA;27/06/2023 09:40;CD-253;2- Cross-Docking sem ASM;Petrolina;PE;55:00;4;12.370
1999;20/08/2023 04:28;CD-177;3- Cross-Docking com ASM;Canoas;RS;20/08/2023 23:28;CD-140;2- Cross-Docking sem ASM;Picos;PI;19:00;3;9.218
2000;21/10/2024 03:41;CD-020;1- First Mile Hub;Belford Roxo;RJ;22/10/2024 12:41;CD-160;3- Cross-Docking com ASM;Vitória da Conquista;BA;33:00;5;15.149
